dependent,dependency
Vino.ramanujan_eq_sum_units,Vino.sum_coprime_eq_sum_units
Vino.ramanujan_eq_sum_units,Vino_ramanujan
BanditAlgorithm.linear_bandit_asymptotic_lower_bound,BanditAlgorithm.bandit_divergence_decomposition
BanditAlgorithm.linear_bandit_asymptotic_lower_bound,BanditAlgorithm.gaussian_relative_entropy_formula
BanditAlgorithm.linear_bandit_asymptotic_lower_bound,BanditAlgorithm.bandit_regret_decomposition
BanditAlgorithm.linear_bandit_asymptotic_lower_bound,BanditAlgorithm.bandit_canonical_occupation_identities
BanditAlgorithm.linear_bandit_asymptotic_lower_bound,BanditAlgorithm.bretagnolle_huber_inequality
BanditAlgorithm.linear_bandit_asymptotic_lower_bound,LinearBanditProtocol
BanditAlgorithm.linear_bandit_asymptotic_lower_bound,ConsistentBanditPolicy
CircleMethod.localFactor_real_ge,CircleMethod.sum_e_div_orthogonality
CircleMethod.localFactor_real_ge,CircleMethod.locDens_bound
CircleMethod.localFactor_real_ge,CircleMethod.e_zero
CircleMethod.localFactor_real_ge,CircleMethod.locDens_zero_modulus
CircleMethod.localFactor_real_ge,CircleMethod.sing_series_summable_norm
CircleMethod.localFactor_real_ge,CircleMethod.locDens_one
CircleMethod.localFactor_real_ge,CircleMethod.locDens_exponent_lt_neg_one
CircleMethod.localFactor_real_ge,Vino.e_div_congr
CircleMethod.localFactor_real_ge,CircleMethod_singpos
CircleMethod.localFactor_real_ge,CircleMethod.locDens_mul
CircleMethod.localFactor_real_ge,CircleMethod.e_add
EulerMascheroni.Sondow.scaled_integral_bounds,EulerMascheroni.Sondow.integral_bounds
EulerMascheroni.Sondow.scaled_integral_bounds,eulerMascheroni_sondow
EulerMascheroni.Sondow.scaled_integral_bounds,TaoFivePrimes.rosser_schoenfeld_psi_bound
Freiman.hasFiniteLimsup_lower_of_subsequence,Freiman_wordRealization
SourceCoding.kraft_inequality_sufficiency_v2,SourceCoding.kraft_sufficiency_of_pos_lengths
MarkovChainCLT.integral_sq_iterKernel_le_of_tvDist,MarkovChainCLT.abs_integral_sub_le_sqrt_tvDist_mul
MarkovChainCLT.integral_sq_iterKernel_le_of_tvDist,MarkovErgodicity
Freiman.upper_large_model,Freiman.upper_large_data
Freiman.upper_large_model,Freiman.upper_large_margin
Freiman.upper_large_model,Freiman.upper_large_noncentral
Freiman.upper_large_model,Freiman.upper_KA_bounds
Freiman.upper_large_model,Freiman_upperModel
timeAverageQueueLength_le_arrivedSojournRate_eventually,queueing_continuous_time
timeAverageQueueLength_le_arrivedSojournRate_eventually,queueArea_le_arrivedSojourn
RybinAI2026.P01.matrix_integral_inequality_uniform_ratios,rybin2026_p01_matrix_integral
timeAverageQueueLength_eventually_ge_scaled_product,queueing_continuous_time
timeAverageQueueLength_eventually_ge_scaled_product,scaled_tail_arrivedSojourn_le_departedSojourn_eventually
timeAverageQueueLength_eventually_ge_scaled_product,scaledArrivedTailSojournRate_tendsto
timeAverageQueueLength_eventually_ge_scaled_product,departedSojournRate_le_timeAverageQueueLength_eventually
MarkovChainCLT.uniformIntegrable_sq_partialSum_of_summable_rho,MixingCoefficients
MarkovChainCLT.uniformIntegrable_sq_partialSum_of_summable_rho,MarkovChainCLT.var_partialSum_div_tendsto_of_summable_cov
MarkovChainCLT.uniformIntegrable_sq_partialSum_of_summable_rho,MeasureTheory.tendsto_integral_sq_sub_truncation
mme_integer_regional_CW_recipe,mme_recursive_regional_CW_data
mme_integer_regional_CW_recipe,mme_recursive_region_hash_loads
mme_integer_regional_CW_recipe,mme_recursive_region_parent_profiles
mme_batched_restrictions_compose,mme_bigAdd_mono_restrict
mme_batched_restrictions_compose,mme_bigAdd_fin_mul_isomorphic_nested
Leopoldt.zpRankBelow_unitClosure_mono,LeopoldtDefect
I5Bound,MediumPNT_defs
I5Bound,EulerMaclaurin_defs
I5Bound,MellinOfSmooth1b
I5Bound,Fourier_defs
BanditAlgorithm.bandit_stopped_bretagnolle_huber,BanditAlgorithm.bandit_stopped_klDiv_le_expected_information
BanditAlgorithm.bandit_stopped_bretagnolle_huber,BanditTrajectory
BanditAlgorithm.bandit_stopped_bretagnolle_huber,BanditAlgorithm.bretagnolle_huber_inequality
BanditAlgorithm.asymptotic_ucb_schedule_reciprocal_sum_bound,asymptoticUcbPolicy
FiniteMagmaE677.orbit_right_collision_or_fixer,FiniteMagmaE677
GameSetMatch.majorityAdv_ge_ratio,GameSetMatchInternal
GameSetMatch.majorityAdv_ge_ratio,GameSetMatch.majorityAdv_eq_centralBinom_sum
MagicSquares.pan_three_otherwise,MagicSquares
MagicSquares.pan_three_otherwise,MagicSquares.center_of_order_three
MarkovChainCLT.processSigma_Ici_eq_comap_shift,MixingCoefficients
KerrBL.vacuum_Kerr,KerrBL.hdgKerr_all
KerrBL.vacuum_Kerr,KerrBL_Kerr_ClosedForms
KerrBL.vacuum_Kerr,KerrBL.ricci_flat_Kerr
KerrBL.vacuum_Kerr,KerrBL.hdchrKerr_all
KerrBL.vacuum_Kerr,KerrBL_Kerr_Metric
KerrBL.vacuum_Kerr,KerrBL.ginv_mul_g_Kerr
EulerMascheroni.Mixed.formal_e_functional_independence,eulerMascheroni_formalESystem
EulerMascheroni.Mixed.formal_e_functional_independence,EulerMascheroni.Mixed.polynomial_exponential_wronskian
EulerMascheroni.Mixed.formal_e_functional_independence,EulerMascheroni.Mixed.polynomial_logarithmic_wronskian
EulerMascheroni.Mixed.formal_e_functional_independence,EulerMascheroni.Mixed.formal_e_system_equations
TaoFivePrimes.minor_arc_L2_corrected,TaoFivePrimes.minor_arc_L2_full_circle_8001
TaoFivePrimes.minor_arc_L2_corrected,TaoFivePrimes.S1_major_arc_L2_mass_626
TaoFivePrimes.minor_arc_L2_corrected,TaoFivePrimes_ArcSplit
ContextualAdversarialBandit,AdversarialBandit
MSKleene.rec_op,MSKleene_Recognizable
MSKleene.rec_op,MSKleene_Term
MSKleene.rec_op,MSKleene_Power
PoincareFormalization.surgery_comparison_process_of_not_homeomorph_sphere,OpenGA.nonempty_surgeryComparisonProcess_of_measuredData
PoincareFormalization.surgery_comparison_process_of_not_homeomorph_sphere,OpenGA_SurgeryComparisonProcess
PoincareFormalization.surgery_comparison_process_of_not_homeomorph_sphere,PoincareFormalization.measured_surgery_data_of_not_homeomorph_sphere
OPG500Counterexample.finite_geodesic_cycles_generate,opg500_weighted_cycle_models
mme_stothers_fixed_profile_outer_capacity,mme_stothers_fixed_outer_profile
mme_stothers_fixed_profile_outer_capacity,mme_stothers_fixed_outer_induced_family_multinomial
mme_stothers_fixed_profile_outer_capacity,mme_stothers_fixed_profile_rate_below_marginal_multinomial
Erdos180.quotientGraph_connected_of_colorRespecting,erdos180_core4
WeakGoldbach.three_odd_primes_ge_10pow27,WeakGoldbach.three_odd_primes_ge_exp3100
WeakGoldbach.three_odd_primes_ge_10pow27,WeakGoldbach.three_odd_primes_10pow27_to_exp3100
sgl_mul_loop,sgl_mark_times
sojourn_div_arrival_tendsto_zero,queueing_continuous_time
WeakGoldbach.verified_three_odd_primes_to_8875e30,WeakGoldbach.prime_in_4e18_window_to_8875e30
WeakGoldbach.verified_three_odd_primes_to_8875e30,WeakGoldbach.verified_two_odd_primes_to_4e18
bernoulli_restricted_sampling_injectivity_from_tangent_concentration,matrix_completion_tangent
LinearOptimization.polyhedron_resolution,LinearOptimization.lp_extreme_point_optimality
LinearOptimization.polyhedron_resolution,LinearOptimization.cone_unbounded_iff_extreme_ray
LinearOptimization.polyhedron_resolution,LinearOptimization.polyhedron_extreme_point_existence
LinearOptimization.polyhedron_resolution,LinearOptimization.finitely_generated_is_polyhedron
LinearOptimization.polyhedron_resolution,LinearOptimization.cone_pointed_iff_extreme_zero
LinearOptimization.polyhedron_resolution,LinearOptimization_FinitelyGeneratedSet
LinearOptimization.polyhedron_resolution,LinearOptimization.farkas_inequality_form_fintype
LinearOptimization.polyhedron_resolution,LinearOptimization.separating_hyperplane_polyhedron
LinearOptimization.polyhedron_resolution,LinearOptimization_RecessionCone
LinearOptimization.polyhedron_resolution,LinearOptimization.polyhedron_closed
BalancedAlgebra.gregarious_ideal,BalancedAlgebra_core
HairerSPDE.cameronMartin_quasiInvariant,HairerSPDE_CameronMartin
Freiman.middleRepair_initial_cover,Freiman.middle_interval_chain
Freiman.middleRepair_initial_cover,Freiman_middleRepair
Freiman.middleRepair_initial_cover,Freiman.middle_initial_contacts_lower
Freiman.middleRepair_initial_cover,Freiman.middle_initial_chain_assembly
Freiman.middleRepair_initial_cover,Freiman.middle_initial_certificates
Freiman.middleRepair_initial_cover,Freiman.middleRepair_good38
Freiman.middleRepair_initial_cover,Freiman.middle_initial_contacts_upper
Freiman.middleRepair_initial_cover,Freiman.middle_initial_endpoint_edges
CircleMethod.card_kthPowers_ge,CircleMethod.sum_e_div_orthogonality
CircleMethod.card_kthPowers_ge,CircleMethod.locDens_bound
CircleMethod.card_kthPowers_ge,CircleMethod.e_zero
CircleMethod.card_kthPowers_ge,CircleMethod.locDens_zero_modulus
CircleMethod.card_kthPowers_ge,CircleMethod.sing_series_summable_norm
CircleMethod.card_kthPowers_ge,CircleMethod.locDens_one
CircleMethod.card_kthPowers_ge,CircleMethod.locDens_exponent_lt_neg_one
CircleMethod.card_kthPowers_ge,Vino.e_div_congr
CircleMethod.card_kthPowers_ge,CircleMethod_singpos
CircleMethod.card_kthPowers_ge,CircleMethod.locDens_mul
CircleMethod.card_kthPowers_ge,CircleMethod.e_add
Freiman.lower_dependent_path,Freiman_lowerCertificates
SpecActions.prop1_finite_horizon,SpecActions_model
SpecActions.prop1_finite_horizon,SpecActions.hits_closed_form
AGT.blocking_lemma,agt_matching
Gilbreath.gilbreath_conjecture,gilbreath_triangle
Gilbreath.gilbreath_conjecture,Gilbreath.good_blocks
Gilbreath.gilbreath_conjecture,Gilbreath.criterion
MSKleene.collapse_lemma,MSKleene_SubstFam
MSKleene.collapse_lemma,MSKleene_Subterm
mme_recursive_regional_CW_data,mme_recursive_profiled_CW_data
CannonFloydParry_TreeDiagrams,CannonFloydParry
CannonFloydParry_TreeDiagrams,CannonFloydParry_Trees
RybinAI2026.P01.crossIntegral_triangle_split,rybin2026_p01_cross_integral
RybinAI2026.P01.crossIntegral_triangle_split,rybin2026_p01_matrix_integral
TaoFivePrimes_FourierRepresentation,TaoFivePrimes_RepresentationCount
Freiman.avoid_coordinate_limit,Freiman_wordRealization
mme_laser_value_lower_bound_wz_poly,mme_laser_value_formula_wz
mme_laser_value_lower_bound_wz_poly,mme_subrank_capacity_poly
mme_laser_value_lower_bound_wz_poly,mme_laser_witness_at_prob_dist
mme_laser_value_lower_bound_wz_poly,mme_laser_pattern
MatrixCompletion.NoSpuriousMin.optimality_conditions,MatrixCompletion.NoSpuriousMin.regularizer_hessian
MatrixCompletion.NoSpuriousMin.optimality_conditions,MatrixCompletion.NoSpuriousMin.regularizer_gradient
MatrixCompletion.NoSpuriousMin.optimality_conditions,MCNoSpuriousMinModel
Freiman.form_orbit_forward_tail,Freiman.cf_convergence
Freiman.form_orbit_forward_tail,Freiman.prefixEval_cylinder_bound
Freiman.form_orbit_forward_tail,Freiman.cylinder_bound_tendsto
Freiman.form_orbit_forward_tail,Freiman_reducedForms
Freiman.form_orbit_forward_tail,Freiman.cfValue_prefix
least_squares_certificate_normal_bound_from_neumann_term_bounds_pos,neumann_term_bounds_imply_least_squares_certificate_normal_bound_pos
least_squares_certificate_normal_bound_from_neumann_term_bounds_pos,matrix_completion_neumann
least_squares_certificate_normal_bound_from_neumann_term_bounds_pos,bernoulli_event_probability_mono
least_squares_certificate_normal_bound_from_neumann_term_bounds_pos,bernoulli_finite_index_intersection_probability_from_pointwise_bounds
LogDerivZetaBndUnif,Rectangle_defs
LogDerivZetaBndUnif,ZetaInvBnd
LogDerivZetaBndUnif,ZetaBounds_defs
LogDerivZetaBndUnif,EulerMaclaurin_defs
LogDerivZetaBndUnif,triv_bound_zeta
LogDerivZetaBndUnif,logt_gt_one
LogDerivZetaBndUnif,ZetaInvBnd_aux
LogDerivZetaBndUnif,Fourier_defs
LogDerivZetaBndUnif,ResidueCalcOnRectangles_defs
LogDerivZetaBndUnif,ZetaDerivUpperBnd
diophantine_quintuple_global_bound,diophantine_descent
mme_MMObj_permObj_swapFirstTwo,mme_six_symmetrized_tau_value
Freiman.lower_path_growth,Freiman.lower_width_append
Freiman.lower_path_growth,Freiman.lower_path_prefixes
Freiman.lower_path_growth,Freiman.lower_path_fairness
Freiman.lower_path_growth,Freiman_lowerCertificates
Freiman.lower_path_growth,Freiman.lower_width_bounds
Freiman.lower_path_growth,Freiman.lower_two_sided_growth
MTT.Cohomology.integration_map,MTT.Cohomology.integration_cochain_integral_class
MTT.Cohomology.integration_map,MTT.Cohomology.integration_cochain_injective
MTT.Cohomology.integration_map,MTT.Cohomology.integration_cochain_hecke_equivariant
MTT.Cohomology.integration_map,MTT_Cohomology
MTT.Cohomology.integration_map,MTT.Cohomology.integration_linear_map_exists
syracuse_six_cycle_eq_one,syracuseStep
syracuse_six_cycle_eq_one,syracuse_no_small_cycle
CappedBaseStock.base_stock_cost_bound,CappedBaseStock_Model
CappedBaseStock.base_stock_cost_bound,CappedBaseStock.scan_excess_certificate_bound
CappedBaseStock.base_stock_cost_bound,CappedBaseStock.base_stock_average_loss_scan
CappedBaseStock.base_stock_cost_bound,CappedBaseStock.base_stock_cost_of_loss_bound
KServer.finite_game_bound_of_work_potential,KServer.extended_cost_lemma_injective
KServer.finite_game_bound_of_work_potential,KServer_workfunctionU
KServer.finite_game_bound_of_work_potential,KServer.injective_or_covering
KServer.finite_game_bound_of_work_potential,KServer_finite_game
KServer.finite_game_bound_of_work_potential,KServer.competitive_of_covering_config
KServer.finite_game_bound_of_work_potential,KServer.finite_game_characterization
ConvexOptimization.prekopa_leindler_real_line,ConvexOptimization.leindler_supremal_integral_real_line
MarkovChainCLT.asymptoticVariance_eq_of_clt,MarkovChainCLT.integrable_sq_scaled_sampleAvg
MarkovChainCLT.asymptoticVariance_eq_of_clt,MarkovChainCLT.clt_of_bounded_of_uniformlyErgodic
MarkovChainCLT.asymptoticVariance_eq_of_clt,MarkovChainCLT.integral_sq_iterKernel_pow_le
MarkovChainCLT.asymptoticVariance_eq_of_clt,MarkovChainCLT.asymptoticVariance_eq_of_clt_of_bounded
MarkovChainCLT.asymptoticVariance_eq_of_clt,MarkovChainCLT.exists_lag_tvDist_le_of_uniformlyErgodic
MarkovChainCLT.asymptoticVariance_eq_of_clt,MarkovChainCLT.abs_exp_variance_sub_le_of_tendstoInDistribution
MarkovChainCLT.asymptoticVariance_eq_of_clt,MarkovChainPathMeasure
MarkovChainCLT.asymptoticVariance_eq_of_clt,MarkovChainCLT.integral_sq_scaled_sampleAvg_le
MarkovChainCLT.asymptoticVariance_eq_of_clt,MarkovChainCLT.abs_sub_le_exp_mul_abs_exp_neg_half_sub
MarkovChainCLT.asymptoticVariance_eq_of_clt,MarkovErgodicity
MarkovChainCLT.asymptoticVariance_eq_of_clt,MarkovAsymptoticVariance
MarkovChainCLT.asymptoticVariance_eq_of_clt,MarkovChainCLT.gaussian_variance_le_of_tendstoInDistribution
mme_CW_coupled_piece_value,mme_CW_coupled_value_cube
mme_CW_coupled_piece_value,mme_CW_coupled_raw_cyclic_value_of_ratio
mme_CW_coupled_piece_value,mme_CW_coupled_pruning_ratio
mme_CW_coupled_piece_value,mme_CW_coupled_value
WeilTypeCycles.hodge_weil_classes_of_abelian_sixfolds_of_discriminant_neg_one_are_algebraic,WeilTypeAbelianVarieties
Rudin.ch01_complete_ordered_field_iso_real,Rudin_ch01_order
Freiman.middle_finite_exception_support,Freiman_middleRoots
Hirsch.common_face_diameter_of_dim_ge_four,Hirsch.common_face_diameter_of_dim_ge_five
Hirsch.common_face_diameter_of_dim_ge_four,Hirsch.common_face_larman_diameter
Hirsch.common_face_diameter_of_dim_ge_four,Hirsch_common_face_geometry
CircleMethod.divisor_bound_pow,CircleMethod.divisor_bound
CircleMethod.divisor_bound_pow,CircleMethod_char
ArithmeticE.ordinary_cyclic_combination,ArithmeticE.cyclic_jet_test
ArithmeticE.ordinary_cyclic_combination,ArithmeticE.polynomial_derivative_frame_minimal_equation
ArithmeticE.ordinary_cyclic_combination,beukersLiftingData
ArithmeticE.ordinary_cyclic_combination,ArithmeticE.cleared_derivative_jet_interpolation
mme_CW_value_ge_at_q6,mme_CW_support_pattern
mme_CW_value_ge_at_q6,mme_CW_tensor
mme_CW_value_ge_at_q6,mme_tensor_type_grading
mme_CW_value_ge_at_q6,mme_laser_pattern
SourceCoding.expected_length_ge_entropy,SourceCoding_entropy
SourceCoding.expected_length_ge_entropy,SourceCoding.kraft_mcmillan_inequality
Gribov.no_continuous_gauge_fixing,gribov_gauge_group
Gribov.no_continuous_gauge_fixing,gribov_gauge_fixing
LinearOptimization.simplex_pivot_state_cost_decrease,LinearOptimization_SimplexPivot
LinearOptimization.simplex_pivot_state_cost_decrease,LinearOptimization.simplex_pivot_basis_change
LinearOptimization.simplex_pivot_state_cost_decrease,LinearOptimization.lp_vertex_extreme_bfs_equiv
GameSetMatch.winLossAdv_nested_le,GameSetMatch.coeff_ineq
GameSetMatch.winLossAdv_nested_le,GameSetMatch.bernstein_elevate
GameSetMatch.winLossAdv_nested_le,GameSetMatchInternal
GameSetMatch.winLossAdv_nested_le,GameSetMatch.winLossAdv_eq_bernstein
FiniteGreenVariationalEnergyV1.closedResidualOrthogonality,FiniteGreenVariationalEnergyV1
FiniteGreenVariationalEnergyV1.closedResidualOrthogonality,FiniteGreenVariationalEnergyV1.canonicalPoisson
EulerMascheroni.Arithmetic.binomial_transform_integral,eulerMascheroni_padeTransform
Erdos9796Counting_Dumitrescu_L6,Erdos9796Counting_Adapter
syracuse_descent_twentyseven_mod_thirtytwo,syracuse_descent_residual_twentyseven_mod32_mod4096
syracuse_descent_twentyseven_mod_thirtytwo,syracuseStep
syracuse_descent_twentyseven_mod_thirtytwo,syracuse_descent_progressions_twentyseven_mod32
Erdos9796Mission.erase_failure_iff_unique_critical_radius,Erdos9796Mission
banditHistoryPrefix,BanditPolicy
LinearOptimization.ellipsoid_update_matrix_posDef,LinearOptimization_EllipsoidMethod
Davenport.perron_polar_integral,MellinCalculus_defs
Davenport.perron_polar_integral,MellinOfSmooth1b
Davenport.perron_polar_integral,Smooth1MellinDifferentiable
Davenport.perron_polar_integral,HolomorphicOn.vanishesOnRectangle
Davenport.perron_polar_integral,ResidueTheoremOnRectangleWithSimplePole_prime
Davenport.perron_polar_integral,ResidueCalcOnRectangles_defs
Davenport.perron_polar_integral,PNTA.mem_Rect
CircleMethod.norm_localFactor_sub_one_le,CircleMethod.sum_e_div_orthogonality
CircleMethod.norm_localFactor_sub_one_le,CircleMethod.locDens_bound
CircleMethod.norm_localFactor_sub_one_le,CircleMethod.e_zero
CircleMethod.norm_localFactor_sub_one_le,CircleMethod.locDens_zero_modulus
CircleMethod.norm_localFactor_sub_one_le,CircleMethod.sing_series_summable_norm
CircleMethod.norm_localFactor_sub_one_le,CircleMethod.locDens_one
CircleMethod.norm_localFactor_sub_one_le,CircleMethod.locDens_exponent_lt_neg_one
CircleMethod.norm_localFactor_sub_one_le,Vino.e_div_congr
CircleMethod.norm_localFactor_sub_one_le,CircleMethod_singpos
CircleMethod.norm_localFactor_sub_one_le,CircleMethod.locDens_mul
CircleMethod.norm_localFactor_sub_one_le,CircleMethod.e_add
RybinAI2026.P02Hilbert.hilbert_compression_rigidity,rybin2026_p02_joint_calculus_hilbert
QSecantCubic.cubicCongruence,frame_2026_qsecant_interfaces
Freiman.background_restricted,Freiman.background_large_neighbor
Freiman.background_restricted,Freiman.background_small_digit
Freiman.background_restricted,Freiman.background_outward_admissible
Freiman.background_restricted,Freiman.background_short_tail_bound
Freiman.background_restricted,Freiman.background_two_away_small
Freiman.background_restricted,Freiman.background_constant_order
Freiman.background_restricted,Freiman.background_U_value
Freiman.background_restricted,Freiman.background_reference_greatest
Freiman.background_restricted,Freiman_wordRealization
Hirsch.distance_layers_clf,Hirsch.gdist_reach
Hirsch.distance_layers_clf,Hirsch_clf
Hirsch.distance_layers_clf,Hirsch_model
Hirsch.distance_layers_clf,Hirsch.vertex_tight_rows_span
Hirsch.distance_layers_clf,Hirsch.face_connected
Hirsch.distance_layers_clf,Hirsch_walk
Hirsch.polynomial_edge_refinement_of_circuit_walks,Hirsch.polynomial_edge_refinement_of_circuit_walks_dim_ge_four
Hirsch.polynomial_edge_refinement_of_circuit_walks,Hirsch_circuit_model
Hirsch.polynomial_edge_refinement_of_circuit_walks,Hirsch.dimension_three_bound
CircleMethod.integral_e_orthogonality,CircleMethod.integral_e_zero_mul
CircleMethod.integral_e_orthogonality,CircleMethod.integral_e_intCast_mul_eq_zero
CircleMethod.integral_e_orthogonality,CircleMethod_char
mme_schonhage_direct_sum,mme_degenerates_asymptoticRank_le
mme_schonhage_direct_sum,mme_schonhage_degenerates
mme_schonhage_direct_sum,mme_tensor_rank
mme_block_tensor_kronPow_balanced_dim_product,mme_block_subtensor
mme_block_tensor_kronPow_balanced_dim_product,mme_laser_pattern
mme_laser_value_formula_wz,mme_tensor_type_grading
mme_laser_value_formula_wz,mme_tensor_rank
ErdosStraus242.hard_core_840_after_mod11,ErdosStraus242.family_mod19
ErdosStraus242.hard_core_840_after_mod11,ErdosStraus242.family_mod23
ErdosStraus242.hard_core_840_after_mod11,ErdosStraus242
ErdosStraus242.hard_core_840_after_mod11,ErdosStraus242.hard_core_840_after_mod11_mod19_mod23
Problem97.signedArea2_eq_zero_iff_collinear,Erdos9796Counting_Foundation
Problem97.signedArea2_eq_zero_iff_collinear,Problem97.collinear_of_signedArea2_eq_zero
Problem97.signedArea2_eq_zero_iff_collinear,Erdos9796Counting_Adapter
LinearOptimization.lp_extreme_point_optimality,BasicSolution
LinearOptimization.lp_extreme_point_optimality,Vertex
LinearOptimization.lp_extreme_point_optimality,LinearOptimization.polyhedron_extreme_point_existence
LinearOptimization.lp_extreme_point_optimality,Polyhedron
LinearOptimization.lp_extreme_point_optimality,LinearOptimization.lp_basic_solutions_finite
LinearOptimization.lp_extreme_point_optimality,LinearOptimization.lp_active_constraint_equiv
LinearOptimization.lp_extreme_point_optimality,ContainsLine
LinearOptimization.lp_extreme_point_optimality,LinearOptimization.lp_vertex_extreme_bfs_equiv
mme_dwz_source_aligned_address_word_survives_iff_exists_nonhole,mme_dwz_source_aligned_broken_obj
BanditAlgorithm.partial_monitoring_hard_game_lower_bound,BanditAlgorithm.partial_monitoring_hard_game_tradeoff
BanditAlgorithm.partial_monitoring_hard_game_lower_bound,BanditAlgorithm.partial_monitoring_hard_lower_of_tradeoff
BanditAlgorithm.partial_monitoring_hard_game_lower_bound,PartialMonitoringGame
MarkovMixing.cheeger_upper,mm_spectral
MarkovMixing.cheeger_upper,MarkovMixing.dirichlet_gap
Problem97.boundaryCap_chordProjection_strict,Erdos9796Counting_CGN_CGN4g
Problem97.boundaryCap_chordProjection_strict,Erdos9796Counting_CGN_CGN
Problem97.boundaryCap_chordProjection_strict,Erdos9796Counting_Adapter
mme_CW_coupled_value_cube,mme_CW_coupled_value
Erdos9796FiniteNine.form_c_v1,Erdos9796FiniteNine_N4dPackets
Erdos9796FiniteNine.form_c_v1,Erdos9796FiniteNine.n4e_core
Erdos9796FiniteNine.form_c_v1,Erdos9796FiniteNine_N8Interface
Erdos9796FiniteNine.form_c_v1,Erdos9796FiniteNine.shell
AGT.male_propose_strategyproof,AGT.blocking_lemma
AGT.male_propose_strategyproof,agt_matching
mme_asymptotic_sum_inequality_sharp,mme_tensor_bridge
BanditAlgorithm.partial_monitoring_algorithm26_master_bound,BanditAlgorithm.pmVectorEstimator_importance_weighted_gap
BanditAlgorithm.partial_monitoring_algorithm26_master_bound,PartialMonitoringStochastic
BanditAlgorithm.partial_monitoring_algorithm26_master_bound,BanditAlgorithm.integral_pmOutcomeMeasure
BanditAlgorithm.partial_monitoring_algorithm26_master_bound,BanditAlgorithm.expWeights_psi_regret_on_finset
BanditAlgorithm.partial_monitoring_algorithm26_master_bound,PartialMonitoringAlgorithm26
Erdos146.eventually_manuscriptVertexCount_power_le_extremalNumber,Erdos146.hammingRetentionProbability_mul_wordCount_eq_exp
Erdos146.eventually_manuscriptVertexCount_power_le_extremalNumber,erdos146_core2
Erdos146.eventually_manuscriptVertexCount_power_le_extremalNumber,Erdos146.manuscriptEntropyGap_pos
Erdos146.eventually_manuscriptVertexCount_power_le_extremalNumber,Erdos146.manuscriptExtremalPower_pos
Erdos146.eventually_manuscriptVertexCount_power_le_extremalNumber,Erdos146.eventually_manuscriptExpectedRetainedEdge_entropy_lower
Erdos146.eventually_manuscriptVertexCount_power_le_extremalNumber,Erdos146.hammingRetentionProbability_mul_wordCount_tendsto_atTop
Erdos146.eventually_manuscriptVertexCount_power_le_extremalNumber,Erdos146.midpointBeta_lt_one
Erdos146.eventually_manuscriptVertexCount_power_le_extremalNumber,Erdos146.exp_mul_div_nat_succ_tendsto_atTop
Erdos146.eventually_manuscriptVertexCount_power_le_extremalNumber,Erdos146.eventually_expectedRetainedEdge_le_extremalNumber
BanditAlgorithm.pmStochMeasure_kl_toReal_le_expected_outside_count,BanditAlgorithm.pmStochMeasure_kl_le_outside_selection
BanditAlgorithm.pmStochMeasure_kl_toReal_le_expected_outside_count,BanditAlgorithm.pmStoch_expected_actionSetCount_eq_selection_mass
GameSetMatch.part_d,GameSetMatch.winLossAdv_nested_le
GameSetMatch.part_d,GameSetMatch.scoredSetLaw_eq_scoreContribLaw
GameSetMatch.part_d,GameSetMatch.nestedBestOfWinProb_adv
GameSetMatch.part_d,GameSetMatch.nested_adv_le_majorityAdv
GameSetMatch.part_d,GameSetMatch.majorityAdv_smul_le
GameSetMatch.part_d,GameSetMatchInternal
GameSetMatch.part_d,GameSetMatch.strictWinProb_mono
GameSetMatch.part_d,GameSetMatch.majorityAdv_eq_centralBinom_sum
GameSetMatch.part_d,GameSetMatch.tieProb_nested_lt
mme_entropy_regional_CW_recipe,mme_regional_entropy_copy_bound
MagicSquares.symm_three_bij,MagicSquares
MagicSquares.symm_three_bij,MagicSquaresSpecial3
BanditAlgorithm.exists_policy_tracking_optimal_allocation,BanditAlgorithm.exists_policy_optimal_allocation_with_integrable_settling_time
BanditAlgorithm.exists_policy_tracking_optimal_allocation,TrackAndStop
BanditAlgorithm.exists_policy_tracking_optimal_allocation,GaussianBandit
Davenport.psi_char_of_region,Davenport.LFunction_zero_one_sub_of_isQuadratic
Davenport.psi_char_of_region,Davenport.real_zero_multiple_le
Davenport.psi_char_of_region,Davenport.logDeriv_LFunction_region_bound
Davenport.psi_char_of_region,Davenport_siegelWalfisz
Davenport.psi_char_of_region,Davenport.perron_of_region_bound
CircleMethod.sum_e_div_orthogonality,CircleMethod.sum_e_geom
CircleMethod.sum_e_div_orthogonality,CircleMethod.e_intCast
CircleMethod.sum_e_div_orthogonality,CircleMethod_char
sojournTime_nonneg,queueing_continuous_time
mme_CW_fourth_asymptoticRank_le,mme_stothers_fourth_data
mme_CW_fourth_asymptoticRank_le,mme_CW_square_asymptoticRank_le
mme_CW_fourth_asymptoticRank_le,mme_tensorAsymptoticRank_mono_restrict
mme_CW_fourth_asymptoticRank_le,mme_tensorAsymptoticRank_kronPow_eq_of_two_le_of_pos
CollapsibleCubics.collapsible_affine,CollapsibleCubics_basic
mme_CW_q6_coupled_raw_cyclic_value_below,mme_cyclicSymmetrization_kronPow_isomorphic
mme_CW_q6_coupled_raw_cyclic_value_below,mme_CW_q6_coupled_exact_floor_pruning
mme_CW_q6_coupled_raw_cyclic_value_below,mme_CW_q6_coupled_even_power_finite_extractions_below_raw
mme_CW_q6_coupled_raw_cyclic_value_below,mme_CW_q6_primary_hash_outer_family_cyclic_value_below_quarter_root
mme_CW_q6_coupled_raw_cyclic_value_below,mme_HasTauValueAtLeast_kronPow_root
mme_CW_q6_coupled_raw_cyclic_value_below,mme_CW_coupled_value
mme_CW_q6_coupled_raw_cyclic_value_below,mme_HasTauValueAtLeast_mono_restrict
mme_CW_q6_coupled_raw_cyclic_value_below,mme_HasTauValueAtLeast_of_cofinal_finite_extractions
GameSetMatch.scoredSetLaw_eq_scoreContribLaw,GameSetMatchInternal
BunkbedAux.cancel_on_X,BunkbedWZSurgery
MarkovMixing.evolving_sets_tv_decay,mm_martingale
Freiman.upper_padding_alphabet,Freiman_upperModel
Freiman.padded_models_symbolic,Freiman.hasFiniteLimsup_lower_of_subsequence
Freiman.padded_models_symbolic,Freiman.padded_copies_exist
Freiman.padded_models_symbolic,Freiman_paddedCopies
Freiman.padded_models_symbolic,Freiman.padded_copies_centers
Freiman.padded_models_symbolic,Freiman.padded_copies_upper_limsup
BookSixth.sixthEditionExtension,BookSixth.round_circle_unlink
BookSixth.sixthEditionExtension,BookSixth.bregman_minc
BookSixth.sixthEditionExtension,BookSixth.ramsey_real_bound
BookSixth.sixthEditionExtension,BookSixth.hadamard_bound
BookSixth.sixthEditionExtension,BookSixth.high_girth_chromatic
BookSixth.sixthEditionExtension,BookSixth.crossing_lemma
BookSixth.sixthEditionExtension,BookSixth.sylvester
BookSixth.sixthEditionExtension,BookSixth.jacobi_reduction
BookSixth.sixthEditionExtension,BookSixth.hypergraph_two_color
BookSixth.sixthEditionExtension,BookSixth.hadamard_equality
BookSixth.sixthEditionExtension,BookSixth.tait_fox_five
BookSixth.sixthEditionExtension,BookSixth.hadamard_order
BookSixth.sixthEditionExtension,BookSixth.polynomial_zero_bound
BookSixth.sixthEditionExtension,BookSixth
BookSixth.sixthEditionExtension,BookSixth.borromean_fox_odd
BookSixth.sixthEditionExtension,BookSixth.kakeya_bound
BookSixth.sixthEditionExtension,BookSixth.determinant_mean_square
BookSixth.sixthEditionExtension,BookSixth.latin_bounds
BookSixth.sixthEditionExtension,BookSixth.latin_asymptotic
BookSixth.sixthEditionExtension,BookSixth.spectral
BookSixth.sixthEditionExtension,BookSixth.determinant_lower
BookSixth.sixthEditionExtension,BookSixth.vanishing_polynomial
SipserGacsLautemann.large_set_translates_cover,sipser_gacs_lautemann
LinearOptimization.polyhedron_linear_image,Polyhedron
LinearOptimization.polyhedron_linear_image,LinearOptimization.polyhedron_projection
Monotonicity_Theorem.decreasing_of_uniform_above_below2,Monotonicity_Theorem_Framework2
Vino.singSeriesDvd_eq_prod,Vino_ramanujan
Vino.singSeriesDvd_eq_prod,Vino.singSeries_euler_product
InverseGalois.inverse_galois_problem,InverseGalois_realizability
HJMEilenberg.recover_congruence,HJMEilenberg_Formations
mme_CW_support_pattern_symmetric,mme_CW_support_pattern
mme_CW_support_pattern_symmetric,mme_laser_pattern
BunkbedHypergraph,BunkbedPercolation
mme_complete_split_profile_projection,mme_kron_pow_mode_word_basis
mme_complete_split_profile_projection,mme_CW_square_canonical_grading
mme_complete_split_profile_projection,mme_block_subtensor
GameSetMatch.part_c,GameSetMatch.scoredSetLaw_eq_scoreContribLaw
GameSetMatch.part_c,GameSetMatch.winLossAdv_mono
GameSetMatch.part_c,GameSetMatch.nestedBestOfWinProb_adv
GameSetMatch.part_c,GameSetMatch.nested_adv_le_majorityAdv
GameSetMatch.part_c,GameSetMatch.majorityAdv_smul_le
GameSetMatch.part_c,GameSetMatchInternal
GameSetMatch.part_c,GameSetMatch.winLossAdv_nested_lt
GameSetMatch.part_c,GameSetMatch.majorityAdv_eq_centralBinom_sum
GameSetMatch.part_c,GameSetMatch.winLossAdv_nested_lt_one
SipserGacsLautemann.ternary_amplified_verifier_decides_from_machine,SipserGacsLautemann.ternary_amplification_scheduler_reports_accepts_under_halt_bound
SipserGacsLautemann.ternary_amplified_verifier_decides_from_machine,sipser_gacs_lautemann
SipserGacsLautemann.ternary_amplified_verifier_decides_from_machine,sgl_machine_time_padding
SipserGacsLautemann.ternary_amplified_verifier_decides_from_machine,SipserGacsLautemann.polynomial_time_verifier_aggregation
SipserGacsLautemann.ternary_amplified_verifier_decides_from_machine,sgl_verifier_constructions
mme_basis_projected_mode_permutation_iso,mme_complete_split_profile_projection
mme_basis_projected_mode_permutation_iso,mme_permutation
Hirsch.diamLE_of_vertex_listing,Hirsch_model
Hirsch.diamLE_of_vertex_listing,Hirsch.graph_connected_general
BanditAlgorithm.exp4_regret_general_eta_bound,ContextualAdversarialBandit
BanditAlgorithm.exp4_regret_general_eta_bound,BanditAlgorithm.exp4_estimate_advantage_bound
BanditAlgorithm.exp4_regret_general_eta_bound,exp4Policy
BanditAlgorithm.exp4_regret_general_eta_bound,BanditAlgorithm.exp4_estimate_unbiased
WeakGoldbach.verified_two_primes_to_4e18,WeakGoldbach.verified_two_primes_4e14_to_4e18
WeakGoldbach.verified_two_primes_to_4e18,Richstein2001.even_goldbach_up_to_4e14
MediumPNT_defs,Rectangle_defs
MediumPNT_defs,MellinCalculus_defs
MediumPNT_defs,ZetaBounds_defs
MediumPNT_defs,EulerMaclaurin_defs
MediumPNT_defs,Fourier_defs
MediumPNT_defs,ResidueCalcOnRectangles_defs
MarkovMixing.random_transpositions_lower,mm_lower
MarkovMixing.random_transpositions_lower,MarkovMixing.distinguishing_statistic_nondegenerate
MarkovMixing.random_transpositions_lower,mm_shuffle
MarkovMixing.random_transpositions_lower,MarkovMixing.convergence_theorem
MSKleene_Recognizable,MSKleene_Core
HorizontalPadicL.eigenform_seededHorizontalPadicLConstruction_v2,KN_SeededHorizontalPadicLFunctionV2
HorizontalPadicL.eigenform_seededHorizontalPadicLConstruction_v2,MTT.periods_exist
HorizontalPadicL.eigenform_seededHorizontalPadicLConstruction_v2,HorizontalPadicL.seededPositiveDensityPrimeSystem_exists
HorizontalPadicL.eigenform_seededHorizontalPadicLConstruction_v2,HorizontalPadicL.seededHorizontalPadicLFunction_exists_of_primeSystem
Freiman.form_unimodular_discriminant,Freiman_reducedForms
Freiman.separated_copies_avoid,Freiman_wordRealization
Erdos9796Counting_CGN_CGN6,Erdos9796Counting_CGN_CGN
Erdos9796Counting_CGN_CGN6,Erdos9796Counting_Adapter
Davenport.zeta_zero_free_region,Zeta23.WeilEF.zeta_logDeriv_partial_fraction
Davenport.zeta_zero_free_region,Davenport.zeta_zero_free_region_large_height
Davenport.zeta_zero_free_region,ZetaNoZerosInBox
Davenport.zeta_zero_free_region,Davenport.logDeriv_three_four_one
Davenport.zeta_zero_free_region,Davenport_siegelWalfisz
Davenport.zeta_zero_free_region,Davenport.neg_logDeriv_trivChar_le
TaoFivePrimes.minor_arc_bound,TaoFivePrimes.minor_arc_L2_corrected
TaoFivePrimes.minor_arc_bound,TaoFivePrimes_FourierRepresentation
TaoFivePrimes.minor_arc_bound,TaoFivePrimes.minor_arc_Linfty_corrected
TaoFivePrimes.minor_arc_bound,TaoFivePrimes.representationCount_fourier
TaoFivePrimes.minor_arc_bound,TaoFivePrimes_ArcSplit
BanditAlgorithm.gaussian_ts_pull_count_rhs_bound,ThompsonSampling
BanditAlgorithm.gaussian_ts_pull_count_rhs_bound,GaussianBandit
CappedBaseStock.window_jensen_certificate,CappedBaseStock_Window
erdos180_core4,erdos180_core3
eulerMascheroni_padeTransform,eulerMascheroni_factorialQuotient
MagicSquares.special_three_count,MagicSquares.pan_three_otherwise
MagicSquares.special_three_count,MagicSquares.symm_three_bij
MagicSquares.special_three_count,MagicSquares.pan_three_card
MagicSquares.special_three_count,MagicSquares.symm_three_otherwise
MagicSquares.special_three_count,MagicSquares
MagicSquares.special_three_count,MagicSquaresSpecial3
BunkbedAux.gadgetE_card,BunkbedPercolation
RybinAI2026.P19.semilocal_semiring_invertible_module_free,RybinAI2026.P19.local_semiring_invertible_module_free
RybinAI2026.P19.semilocal_semiring_invertible_module_free,RybinAI2026.P19.nonlocal_semilocal_invertible_module_free
Erdos9796FiniteNine.cyclic_forms,Erdos9796FiniteNine.form_c_v1
Erdos9796FiniteNine.cyclic_forms,Erdos9796FiniteNine.form_a_v1
Erdos9796FiniteNine.cyclic_forms,Erdos9796FiniteNine.form_b_v2
Erdos9796FiniteNine.cyclic_forms,Erdos9796FiniteNine_N8Interface
Erdos9796FiniteNine.cyclic_forms,Erdos9796FiniteNine.form_b_v1
LinearOptimization.ellipsoid_method_correct,LinearOptimization.ellipsoid_update_halfspace_volume
LinearOptimization.ellipsoid_method_correct,LinearOptimization_EllipsoidMethod
KerrBL.pdchrKerr_all,KerrBL_Kerr_ClosedForms
KerrBL.pdchrKerr_all,KerrBL.hdchrKerr_all
BunkbedFalse.hyperedge_simulation,BunkbedHypergraph
BunkbedFalse.hyperedge_simulation,BunkbedPercolation
BunkbedFalse.hyperedge_simulation,BunkbedFalse.gadget_sep
BunkbedFalse.hyperedge_simulation,BunkbedAux.sum_weight_eq_one
BunkbedFalse.hyperedge_simulation,BunkbedAux.partition_sum_eq_total
BunkbedFalse.hyperedge_simulation,BunkbedAux.Pabc_add_Pab_c_eq_connProb
BunkbedFalse.hyperedge_simulation,BunkbedFalse.gadget_conn_all
BunkbedFalse.hyperedge_simulation,BunkbedFalse.gadget_conn
GameSetMatch.majorityAdv_le_mul,GameSetMatchInternal
GameSetMatch.majorityAdv_le_mul,GameSetMatch.majorityAdv_eq_centralBinom_sum
matrix_completion_bernoulli,matrix_completion_svd
MarkovMixing.polya_recurrence,MarkovMixing.recurrence_dichotomy
MarkovMixing.polya_recurrence,mm_countable
BanditAlgorithm.thompson_sampling_gaussian_asymptotic_regret,BanditAlgorithm.gaussian_ts_suboptimal_pull_count_asymptotic
BanditAlgorithm.thompson_sampling_gaussian_asymptotic_regret,ThompsonSampling
BanditAlgorithm.thompson_sampling_gaussian_asymptotic_regret,banditRegret
BanditAlgorithm.thompson_sampling_gaussian_asymptotic_regret,BanditAlgorithm.bandit_regret_decomposition
BanditAlgorithm.thompson_sampling_gaussian_asymptotic_regret,GaussianBandit
ClockRoPE.fejer_cesaro_mean_periodic_at_zero,Fejer_fourierCoeff
ClockRoPE.fejer_cesaro_mean_periodic_at_zero,Fejer.fejer_theorem
ClockRoPE.fejer_cesaro_mean_periodic_at_zero,Fejer_cesaroMean
ClockRoPE.fejer_cesaro_mean_periodic_at_zero,Fejer_partialSum
BanditAlgorithm.pmVectorEstimator_importance_weighted_gap,PartialMonitoringAlgorithm26
SymplecticFreeModules.tauFamilyExists,SymplecticFreeModules.abelianNilradicalSystemExists
SymplecticFreeModules.tauFamilyExists,frame_2026_symplectic_free_modules_interfaces
SymplecticFreeModules.tauFamilyExists,SymplecticFreeModules.tauFamilyOfPresentation
OpenGA_MeasuredSurgeryComparisonData,OpenGA_SurgeryComparisonProcess
OpenGA_MeasuredSurgeryComparisonData,OpenGA_MeasuredReferenceBall
mme_modern_entropyBits_additive_certificate,mme_modern_entropy_data
EulerMascheroni.P2.int_linear_forms_of_primitive_saving,eulerMascheroni_p2PrimitiveNormalization
CircleMethod.locDens_bound,CircleMethod.weyl_inequality
CircleMethod.locDens_bound,CircleMethod_waring
CircleMethod.locDens_bound,CircleMethod.norm_S_le
CircleMethod.locDens_bound,CircleMethod.norm_e
CircleMethod.locDens_bound,CircleMethod_weylsum
Erdos180.quantitativeCompactnessCounterexample,Erdos180.quotientGraph_connected_of_colorRespecting
Erdos180.quantitativeCompactnessCounterexample,erdos180_core4
Erdos180.quantitativeCompactnessCounterexample,Erdos180.manuscriptLowerConstant_pos
Erdos180.quantitativeCompactnessCounterexample,Erdos180.proposedFamilyFree_sixteenth_power_host_bound
Erdos180.quantitativeCompactnessCounterexample,Erdos180.not_erdos_180
Erdos180.quantitativeCompactnessCounterexample,Erdos180.encodeFiniteGraph_isBipartite
Erdos180.quantitativeCompactnessCounterexample,Erdos180.proposedFamily_isCyclic
Erdos180.quantitativeCompactnessCounterexample,Erdos180.proposedFamily_not_compact_of_bounds
Erdos180.quantitativeCompactnessCounterexample,Erdos180.colorRespectingQuotient_isBipartite
Erdos180.quantitativeCompactnessCounterexample,Erdos180.proposedFamily_induction
Erdos180.quantitativeCompactnessCounterexample,Erdos180.proposedFamily_uniformMemberLower
Erdos180.quantitativeCompactnessCounterexample,Erdos180.proposedFamily_nonempty
Erdos180.quantitativeCompactnessCounterexample,Erdos180.encodeFiniteGraph_connected
Erdos180.quantitativeCompactnessCounterexample,Erdos180.proposedFamily_familyLittleO
matrix_completion_tangent,matrix_completion_bernoulli
MarkovMixing.cutoff_iff_step,mm_cutoff
MarkovMixing.cutoff_iff_step,MarkovMixing.tv_eq_half_l1
MarkovMixing.cutoff_iff_step,MarkovMixing.convergence_theorem
SymplecticFreeModules.abelianNilradicalSystemExists,frame_2026_symplectic_free_modules_interfaces
Davenport.three_primes,Davenport.siegel_walfisz_char
Davenport.three_primes,ThreePrimes.three_primes
Davenport.three_primes,Davenport_siegelWalfisz
FiniteMagmaE677.e677_implies_e255_finite,FiniteMagmaE677.fixer_exists
FiniteMagmaE677.e677_implies_e255_finite,FiniteMagmaE677.fixer_unique
FiniteMagmaE677.e677_implies_e255_finite,FiniteMagmaE677
KServer.finite_horizon_uniform_bound,KServer.finite_game_uniform_value_bound
KServer.finite_horizon_uniform_bound,KServer_model
KServer.finite_horizon_uniform_bound,KServer.finite_game_characterization
MarkovMixing.dirichlet_gap,MarkovMixing.spectral_representation
MarkovMixing.dirichlet_gap,MarkovMixing.eigenvalue_basic
MarkovMixing.dirichlet_gap,mm_spectral
Hirsch.plane_bound_general,BasicSolution
Hirsch.plane_bound_general,Vertex
Hirsch.plane_bound_general,ActiveConstraints
Hirsch.plane_bound_general,Hirsch_model
Hirsch.plane_bound_general,LinearOptimization.lp_basic_solutions_finite
Hirsch.plane_bound_general,Hirsch.graph_connected_general
Hirsch.plane_bound_general,LinearOptimization.lp_vertex_extreme_bfs_equiv
Leopoldt.leopoldt_totallyReal_galois,Leopoldt.galois_totallyReal_injection
Leopoldt.leopoldt_totallyReal_galois,LeopoldtDefect
Leopoldt.leopoldt_totallyReal_galois,Leopoldt.leopoldtConjecture_iff_exists_continuous_injection
success_prob_eq_fixed_cardinality_event_prob,matrix_completion_fixed_cardinality
Erdos146.entropyUpperEndpoint_lt_one,erdos146_core2
Erdos146.entropyUpperEndpoint_lt_one,Erdos146.tau_lt_one_half
Erdos180.manuscriptLowerConstant_pos,erdos180_core4
GribovRegion.region_convex_body,GribovRegion.region_isBounded
GribovRegion.region_convex_body,GribovRegion.zero_mem_region
GribovRegion.region_convex_body,gribov_region_model
GribovRegion.region_convex_body,GribovRegion.convex_region
GribovRegion.region_convex_body,GribovRegion.region_bounded_along_rays
Hairer.reconstruction_existence_pointwise_pos,Hairer_Model
mme_subrank_capacity_poly,mme_tensor_rank
WeightedRootIntegralIdentity.cpow_finset_boundary_product,WeightedRootIntegralIdentity.cpow_negative_real_boundary
Hirsch.facet_reduction,Hirsch_model
mme_recursive_yz_stage_certificate,mme_recursive_yz_hash_filter
mme_recursive_yz_stage_certificate,mme_recursive_yz_CW_cells
mme_recursive_yz_stage_certificate,mme_CW_2376_address_block
mme_recursive_yz_stage_certificate,mme_hash_extraction_certificate
bernoulli_event_failure_probability_decomposes_by_cardinality,binomial_cardinality_probabilities_sum_to_one
bernoulli_event_failure_probability_decomposes_by_cardinality,bernoulli_event_failure_decomposition_from_success_decomposition
bernoulli_event_failure_probability_decomposes_by_cardinality,bernoulli_event_success_probability_decomposes_by_cardinality
bernoulli_event_failure_probability_decomposes_by_cardinality,matrix_completion_fixed_cardinality
arrival_tendsto_atTop,queueing_continuous_time
Freiman_gapCertificateData,Freiman_gapCertificate
Erdos183.forcesMonochromaticTriangle_succ,Erdos183.labelGraph_pullback_embedding
Erdos183.forcesMonochromaticTriangle_succ,erdos183_core
Erdos183.forcesMonochromaticTriangle_succ,Erdos183.cliqueFree_pullback_embedding
Hirsch.hpoly_diameter_le_excess_of_rows_le_dim_add_three,Hirsch.facet_reduction
Hirsch.hpoly_diameter_le_excess_of_rows_le_dim_add_three,Hirsch_model
Hirsch.hpoly_diameter_le_excess_of_rows_le_dim_add_three,Hirsch.dimension_three_bound
MTT.period_vanishing,MTT_Arithmetic
MTT.period_vanishing,MTT.Cohomology.period_cocycle_injective
MTT.period_vanishing,MTT_Cohomology_Integration
BanditAlgorithm.ucb_suboptimal_arm_good_event,ucbPolicy
BanditAlgorithm.ucb_suboptimal_arm_good_event,banditRegret
BanditAlgorithm.ucb_suboptimal_arm_good_event,BanditAlgorithm.ucb_suboptimal_arm_pull_count_tail
bernoulli_success_probability_mono,matrix_completion_bernoulli
riemann_hypothesis,zeta_nontrivial_zero_mem_critical_strip
riemann_hypothesis,zeta_ne_zero_of_half_lt_re
riemann_hypothesis,zeta_zero_one_sub_of_mem_critical_strip
OpenGA.integral_areaDensity_eq_energyDensity_iff,OpenGA.areaDensity_eq_energyDensity_iff
OpenGA.integral_areaDensity_eq_energyDensity_iff,OpenGA_AreaEnergyDensities
Erdos9796Counting_Foundation,Erdos9796Counting_Adapter
OpenGA.nonempty_surgeryComparisonProcess_of_measuredData,OpenGA_MeasuredSurgeryComparisonData
OpenGA.nonempty_surgeryComparisonProcess_of_measuredData,OpenGA.MeasuredReferenceBall.anchor_pos
CircleMethod.nrm_eq_zero_iff,CircleMethod_char
LinearOptimization_AugmentingPath,LinearOptimization_MaxFlowProblem
Freiman.gap_extremizer_A_global,Freiman_gapModel
Freiman.gap_extremizer_A_global,Freiman.gap_endpoint_A_value
Freiman.gap_extremizer_A_global,Freiman.gap_threshold_enclosures
Freiman.gap_extremizer_A_global,Freiman.gap_extremizer_A_noncentral
OPG37364.smallCut_expansion_of_spectralGap_gt_one_seventh,MarkovMixing.graph_walk_reversible
OPG37364.smallCut_expansion_of_spectralGap_gt_one_seventh,mm_spectral
OPG37364.smallCut_expansion_of_spectralGap_gt_one_seventh,MarkovMixing.cheeger_upper
OPG37364.smallCut_expansion_of_spectralGap_gt_one_seventh,opg37364_cut_pairs
Hirsch.cut_face_access_of_unbounded_outer_diameter,Hirsch_model
Hirsch.cut_face_access_of_unbounded_outer_diameter,Hirsch.larman_bound
Bochner.exists_measure_of_tendsto_charFun,PositiveDefinite
Erdos180.proposedFamilyFree_sixteenth_power_host_bound,erdos180_core4
Erdos180.proposedFamilyFree_sixteenth_power_host_bound,Erdos180.booleanCut_adj
Erdos180.proposedFamilyFree_sixteenth_power_host_bound,Erdos180.edgeFinset_card_eq_natCard
Erdos180.proposedFamilyFree_sixteenth_power_host_bound,Erdos180.degree_eq_natCard_neighborSet
Erdos180.proposedFamilyFree_sixteenth_power_host_bound,Erdos180.flipBooleanColor_self
Erdos180.proposedFamilyFree_sixteenth_power_host_bound,Erdos180.proposedFamilyFree_minDegree_ambient_sixteenth_power_le
MarkovChainCLT.alphaMixingCoef_le_quarter_mul_rhoMixingCoef,MixingCoefficients
MarkovChainCLT.delta_method_of_uniformly_ergodic_of_measurable,MarkovChainCLT.clt_asymptotic_variance_of_uniformly_ergodic
MarkovChainCLT.delta_method_of_uniformly_ergodic_of_measurable,MarkovChainCLT.integrable_sq_scaled_sampleAvg
MarkovChainCLT.delta_method_of_uniformly_ergodic_of_measurable,MarkovChainCLT.exists_lag_tvDist_le_of_uniformlyErgodic
MarkovChainCLT.delta_method_of_uniformly_ergodic_of_measurable,MarkovChainPathMeasure
MarkovChainCLT.delta_method_of_uniformly_ergodic_of_measurable,MarkovChainCLT.integral_sq_scaled_sampleAvg_le
MarkovChainCLT.delta_method_of_uniformly_ergodic_of_measurable,MarkovErgodicity
MarkovChainCLT.delta_method_of_uniformly_ergodic_of_measurable,MarkovAsymptoticVariance
mme_sixSymmetrization_isomorphic_cyclic_paired_swap,mme_cyclicSymmetrization_public_perm
mme_sixSymmetrization_isomorphic_cyclic_paired_swap,mme_six_symmetrized_tau_value
mme_sixSymmetrization_isomorphic_cyclic_paired_swap,mme_rank_bridge
Hirsch.gdist_reach,Hirsch_model
Hirsch.gdist_reach,Hirsch.face_connected
Hirsch.gdist_reach,Hirsch_walk
Hirsch.relaxation_vertex,BasicSolution
Hirsch.relaxation_vertex,Vertex
Hirsch.relaxation_vertex,ActiveConstraints
Hirsch.relaxation_vertex,Hirsch_model
Hirsch.relaxation_vertex,LinearOptimization.lp_vertex_extreme_bfs_equiv
SymplecticFreeModules.isFreeRankOne_of_hasGeneratorAction,frame_2026_symplectic_free_modules_interfaces
MarkovChainCLT.clt_of_geometric_or_polynomial,MarkovChainCLT.clt_of_polynomialRate_of_moment
MarkovChainCLT.clt_of_geometric_or_polynomial,MarkovChainCLT.isStrictlyStationary_comp_of_measurable
MarkovChainCLT.clt_of_geometric_or_polynomial,MarkovChainCLT.clt_of_tv_rate
MarkovChainCLT.clt_of_geometric_or_polynomial,MarkovChainCLT.satisfiesCLT_of_centered_functional_clt
MarkovChainCLT.clt_of_geometric_or_polynomial,MarkovChainCLT.geometricallyErgodic_integrable_rate
MarkovChainCLT.clt_of_geometric_or_polynomial,MarkovChainCLT.isStrictlyStationary_coord_chainMeasure
MarkovChainCLT.clt_of_geometric_or_polynomial,MarkovChainCLT.map_coord_chainMeasure
MarkovChainCLT.clt_of_geometric_or_polynomial,MarkovChainPathMeasure
MarkovChainCLT.clt_of_geometric_or_polynomial,MarkovErgodicity
MarkovChainCLT.clt_of_geometric_or_polynomial,MarkovChainCLT.clt_of_moment_of_alpha_pow_summable
MarkovChainCLT.clt_of_geometric_or_polynomial,MarkovChainCLT.alphaMixingCoef_comp_nonneg_le_of_finite
MarkovChainCLT.clt_of_geometric_or_polynomial,MarkovChainCLT.alphaMixingCoef_exp_of_geometricallyErgodic
EulerMascheroni.P2.f_saddle_limit,eulerMascheroni_p2Approximation
DKFAsymptotics.theorem2,DKFAsymptotics_Assumptions
Freiman.form_irrational_roots,Freiman_reducedForms
Hirsch.larman_layer_recursion,Hirsch.gdist_reach
Hirsch.larman_layer_recursion,Hirsch.kalai_kleitman_bound
Hirsch.larman_layer_recursion,Hirsch_model
Hirsch.larman_layer_recursion,Hirsch.tight_row_interval
Hirsch.larman_layer_recursion,Hirsch_walk
NgoFL.isogeny_weyl_equivariant,NgoRootDatumIsogeny
NgoFL.isogeny_weyl_equivariant,NgoEndoscopicDiscriminant
ShiOptrates_Stochastic_VariancePurchase,ShiOptrates_Stochastic_Bridge
ShiOptrates_Stochastic_VariancePurchase,ShiOptrates_Cost
ShiOptrates_Stochastic_VariancePurchase,ShiOptrates_FunctionClass
BanditAlgorithm.partial_monitoring_trivial_zero_regret,BanditAlgorithm.partial_monitoring_no_neighbours_has_universally_optimal_action
BanditAlgorithm.partial_monitoring_trivial_zero_regret,BanditAlgorithm.pmMinimaxRegret_eq_zero_of_universally_optimal
BanditAlgorithm.partial_monitoring_trivial_zero_regret,PartialMonitoringGame
AaronsonAmbainis.aaronson_ambainis_conjecture,AaronsonAmbainis
diophantine_degree_ge_two_case_one_quintuple,diophantine_descent
Erdos183.divergentRamseyRoot,Erdos183.paletteColourCount_three
Erdos183.divergentRamseyRoot,Erdos183.allColourPaletteRamsey_exponential_bound_sharp
Erdos183.divergentRamseyRoot,erdos183_core
Erdos183.divergentRamseyRoot,Erdos183.paletteColourCount_mono
MarkovMixing.transport_metric,mm_transport
Erdos180.not_erdos_180,erdos180_core4
Erdos180.not_erdos_180,Erdos180.proposedFamily_isCyclic
Erdos180.not_erdos_180,Erdos180.proposedFamily_not_compact_of_bounds
Erdos180.not_erdos_180,Erdos180.proposedFamily_uniformMemberLower
Erdos180.not_erdos_180,Erdos180.proposedFamily_nonempty
Erdos180.not_erdos_180,Erdos180.proposedFamily_familyLittleO
ExcursionCoupling.crossing_measures_marginals_on_Ioc,ExcursionCoupling.cdf_difference_eq_signed_indicatrix_integral
ExcursionCoupling.crossing_measures_marginals_on_Ioc,ExcursionCoupling.Fsigma_eVariationOn_eq_of_mutuallySingular
ExcursionCoupling.crossing_measures_marginals_on_Ioc,ExcursionCoupling.total_variation_eq_integral_indicatrix
ExcursionCoupling.crossing_measures_marginals_on_Ioc,excursion_coupling
ExcursionCoupling.crossing_measures_marginals_on_Ioc,ExcursionCoupling.crossing_count_measurable
EulerMascheroni.Arithmetic.gompertz_transcendental,EulerMascheroni.Arithmetic.pade_recurrence_bound
EulerMascheroni.Arithmetic.gompertz_transcendental,EulerMascheroni.Arithmetic.real_affine_integral_eventually_zero
EulerMascheroni.Arithmetic.gompertz_transcendental,EulerMascheroni.Arithmetic.pade_normalized_form_integral
EulerMascheroni.Arithmetic.gompertz_transcendental,EulerMascheroni.Arithmetic.pade_decay_denominator_obstruction
EulerMascheroni.Arithmetic.gompertz_transcendental,EulerMascheroni.Arithmetic.factorial_division_decay_conjecture
EulerMascheroni.Arithmetic.gompertz_transcendental,eulerMascheroni_factorialQuotient
EulerMascheroni.Arithmetic.gompertz_transcendental,EulerMascheroni.Arithmetic.pade_primitive_remainder_lower_bound
OPG37364.exists_high_girth_adjacency_expander,OPG37364.exists_lps13_prime_above
OPG37364.exists_high_girth_adjacency_expander,OPG37364.lps13Graph_bipartite
OPG37364.exists_high_girth_adjacency_expander,OPG37364.lps13_remaining_core
OPG37364.exists_high_girth_adjacency_expander,OPG37364.lps13Graph_regular14
OPG37364.exists_high_girth_adjacency_expander,opg37364_matching_cuts
mme_degenerates_asymptoticRank_le,mme_degenerate_pow_rank_bound
mme_degenerates_asymptoticRank_le,mme_asymptoticRank_le_of_pow_rank_bound
mme_degenerates_asymptoticRank_le,mme_degeneration
Thurston23.exists_hyperbolicVolume_rat_mul_LChiMinusThree,Thurston23_mobius
Thurston23.exists_hyperbolicVolume_rat_mul_LChiMinusThree,Thurston23_eisenstein
Thurston23.exists_hyperbolicVolume_rat_mul_LChiMinusThree,Thurston23_bundle
Thurston23.exists_hyperbolicVolume_rat_mul_LChiMinusThree,Thurston23.isFundamentalDomain_eisBox
Thurston23.exists_hyperbolicVolume_rat_mul_LChiMinusThree,Thurston23.isKleinian_gammaSeven
Thurston23.exists_hyperbolicVolume_rat_mul_LChiMinusThree,Thurston23.hvol_eisBox_eq_ofReal_integral
Thurston23.exists_hyperbolicVolume_rat_mul_LChiMinusThree,EisensteinLogSin.integral_log_one_sub_inv_four_cos_sq_pi_div_six
Freiman.middle_good38,Freiman_middleRoots
PachDeZeeuw.Algebraic.swapPoint_swapPoint,PdzBezout
TreatmentLocality.differentiable_estimator_variance_dominance_of_measurable,MarkovChainCLT.delta_method_of_uniformly_ergodic_of_measurable
TreatmentLocality.differentiable_estimator_variance_dominance_of_measurable,TreatmentLocalityEstimator
TreatmentLocality.differentiable_estimator_variance_dominance_of_measurable,MarkovErgodicity
Hirsch.dimension_two_bound,BasicSolution
Hirsch.dimension_two_bound,Vertex
Hirsch.dimension_two_bound,ActiveConstraints
Hirsch.dimension_two_bound,Hirsch_model
Hirsch.dimension_two_bound,LinearOptimization.lp_basic_solutions_finite
Hirsch.dimension_two_bound,LinearOptimization.lp_vertex_extreme_bfs_equiv
ShiShallow_Cone,ShiShallow_Circuit
EulerMascheroni.Mixed.ordinary_minimal_combination,EulerMascheroni.Mixed.formal_e_functional_independence
EulerMascheroni.Mixed.ordinary_minimal_combination,eulerScalarEquation
EulerMascheroni.Mixed.ordinary_minimal_combination,EulerMascheroni.Mixed.scalar_operator_minimal
EulerMascheroni.Mixed.ordinary_minimal_combination,EulerMascheroni.Mixed.formal_e_system_equations
flt_odd_prime_ge_5,flt_odd_prime_coprime_reduction
flt_odd_prime_ge_5,flt_wiles_coprime_case
flt_odd_prime_ge_5,flt_five
flt_odd_prime_ge_5,flt_odd_prime_gt_5
MagicSquares.magic_three_normal_eight,MagicSquaresNormal3
MagicSquares.magic_three_normal_eight,MagicSquaresParam3
MagicSquares.magic_three_normal_eight,MagicSquares
MagicSquares.magic_three_normal_eight,MagicSquares.magic_three_normal_classify
Freiman_lowerSelection,Freiman_lowerInitial
Erdos287.no_large_prime,Erdos287.padic_multiplicity
Davenport.zeta_logDeriv_region_bound,Zeta23.RvM.norm_riemannZeta_sub_one_le
Davenport.zeta_logDeriv_region_bound,Zeta23.WeilEF.logDeriv_partial_fraction_disk
Davenport.zeta_logDeriv_region_bound,Zeta23.RvM.norm_riemannZeta_le_of_re_pos
Davenport.zeta_logDeriv_region_bound,Davenport_siegelWalfisz
LinearOptimization.integer_hull_is_polyhedron,LinearOptimization_LagrangeanDual
LinearOptimization.integer_hull_is_polyhedron,LinearOptimization.finitely_generated_is_polyhedron
LinearOptimization.integer_hull_is_polyhedron,LinearOptimization.integer_hull_is_finitely_generated
markov_entanglement_multi,markov_entanglement
asymptoticUcbPolicy,BanditPolicy
Erdos9796Mission.critical_cover_card_le_nine_of_tight_center,Erdos9796Mission
BanditAlgorithm.best_arm_identification_track_and_stop_optimality,BanditAlgorithm.best_arm_identification_sample_complexity_lower_bound
BanditAlgorithm.best_arm_identification_track_and_stop_optimality,BanditTrajectory
BanditAlgorithm.best_arm_identification_track_and_stop_optimality,BanditAlgorithm.best_arm_identification_track_and_stop_upper_bound
BanditAlgorithm.best_arm_identification_track_and_stop_optimality,GaussianBandit
ConvexOptimization.s_procedure,ConvexOptimization.single_constraint_quadratic_strong_duality
ConvexOptimization.s_procedure,ConvexOptimization_quadraticForms
Erdos180.encodeFiniteGraph_isBipartite,erdos180_core4
Kawahira.fixed_point_off_strip_repelling,Kawahira.nontrivial_zero_mem_strip
Kawahira.fixed_point_off_strip_repelling,Kawahira.norm_one_sub_inv
Kawahira.fixed_point_off_strip_repelling,riemannZeta_trivial_zero_order_one
Kawahira.fixed_point_off_strip_repelling,Kawahira.nu_at_zero_of_order
Kawahira.fixed_point_off_strip_repelling,Kawahira_zeta
QuantumParallelRepetition.Strategy.winProbability_le_one,quantum_parallel_repetition_game
QuantumParallelRepetition.Strategy.winProbability_le_one,QuantumParallelRepetition.Strategy.outcomeProbability_nonneg
QuantumParallelRepetition.Strategy.winProbability_le_one,QuantumParallelRepetition.Strategy.outcomeProbability_normalized
CircleMethod.divisor_bound,CircleMethod_genfun
Gilbreath.small_rows,gilbreath_triangle
spencer_discrepancy_sqrt_n_bound,DiscreteEntropy
spencer_discrepancy_sqrt_n_bound,shannonEntropy_pigeonhole
spencer_discrepancy_sqrt_n_bound,lemma8_partial_coloring_round
spencer_discrepancy_sqrt_n_bound,kleitman_diameter
spencer_discrepancy_sqrt_n_bound,RSign
spencer_discrepancy_sqrt_n_bound,shannonEntropy_pi_le
spencer_discrepancy_sqrt_n_bound,choose_sum_le_exp_mul_binEntropy
MarkovChainCLT.partialTraj_map_shift_succ,MarkovChainCLT.partialTraj_succ_self_apply_eq_map
MarkovChainCLT.partialTraj_map_shift_succ,MarkovChainPathMeasure
mme_CW_coupled_raw_cyclic_value_of_ratio,mme_CW_coupled_value
LinearOptimization.farkas_lemma,LinearOptimization.polyhedron_linear_image
LinearOptimization.farkas_lemma,LinearOptimization.separating_hyperplane_polyhedron
LinearOptimization.farkas_lemma,LinearOptimization.polyhedron_closed
Zeta23.WeilEF.zeta_logDeriv_partial_fraction,Zeta23_Hypotheses
Zeta23.WeilEF.zeta_logDeriv_partial_fraction,Zeta23_FromPNTPlus_Rectangle
Zeta23.WeilEF.zeta_logDeriv_partial_fraction,Zeta23_FromPNTPlus_ZetaBounds
Zeta23.WeilEF.zeta_logDeriv_partial_fraction,Zeta23_Statement
Zeta23.WeilEF.zeta_logDeriv_partial_fraction,Zeta23.RvM.norm_riemannZeta_sub_one_le
Zeta23.WeilEF.zeta_logDeriv_partial_fraction,Zeta23_FromPNTPlus_Fourier
Zeta23.WeilEF.zeta_logDeriv_partial_fraction,Zeta23.WeilEF.logDeriv_partial_fraction_disk
Zeta23.WeilEF.zeta_logDeriv_partial_fraction,Zeta23.RvM.riemannZeta_linear_growth
Zeta23.WeilEF.zeta_logDeriv_partial_fraction,Zeta23_FromPNTPlus_EulerMaclaurin
Zeta23.WeilEF.zeta_logDeriv_partial_fraction,Zeta23_FromPNTPlus_StrongPNTPrefix
Zeta23.WeilEF.zeta_logDeriv_partial_fraction,Zeta23_Defs
Zeta23.WeilEF.zeta_logDeriv_partial_fraction,Zeta23_FromPNTPlus_ResidueCalcOnRectangles
ExcursionCoupling.pairedRoutes_isMonotoneArchSet,ExcursionCoupling.Fsigma_cadlag
ExcursionCoupling.pairedRoutes_isMonotoneArchSet,ExcursionCoupling.generalized_intermediate_value_theorem
ExcursionCoupling.pairedRoutes_isMonotoneArchSet,excursion_coupling
MTT.Cohomology.manin_generation_span,MTT_Cohomology
bp_flt_for_p_ge_5,bp_FreyPackage
bp_flt_for_p_ge_5,bp_no_frey_package
bp_flt_for_p_ge_5,bp_frey_package_of_counterexample
OpenGA.eventually_width_slope_lt_of_comparison,OpenGA.integral_areaDensity_eq_energyDensity_iff
OpenGA.eventually_width_slope_lt_of_comparison,OpenGA_WidthComparisonData
OpenGA.eventually_width_slope_lt_of_comparison,OpenGA.integral_areaDensity_le_energyDensity
Freiman.finite_limsup_subsequence_comparison,Freiman_perronArithmetic
PrimalDualOnline_SkiRentalAlg,PrimalDualOnline_SkiRentalLP
ErdosStraus242.mordell_840,ErdosStraus242
ErdosStraus242.mordell_840,ErdosStraus242.elementary_mod24
Problem97.CGN.CGN6c_oneSidedDistanceInjective,Erdos9796Counting_CGN_CGN6
Problem97.CGN.CGN6c_oneSidedDistanceInjective,Erdos9796Counting_CGN_CGN
Problem97.CGN.CGN6c_oneSidedDistanceInjective,Problem97.CGN.CGN6b_nonacute_of_minorCapChainCoords
Problem97.CGN.CGN6c_oneSidedDistanceInjective,Erdos9796Counting_Adapter
Problem97.CGN.CGN6c_oneSidedDistanceInjective,Problem97.inner_chord_eq_dist_sq_diff
PachDeZeeuw.Algebraic.normalized_factor_irreducible,PdzPrelim
ExcursionCoupling.monotone_plan_is_unique_excursion_coupling,ExcursionCoupling.coupling_eq_of_concentrated_on_paired_routes
ExcursionCoupling.monotone_plan_is_unique_excursion_coupling,ExcursionCoupling.excursion_coupling_concentrated_on_paired_routes
ExcursionCoupling.monotone_plan_is_unique_excursion_coupling,ExcursionCoupling.monotone_plan_concentrated_on_paired_routes
ExcursionCoupling.monotone_plan_is_unique_excursion_coupling,JuilletExcursionCoupling
ExcursionCoupling.monotone_plan_is_unique_excursion_coupling,ExcursionCoupling.excursion_coupling_well_defined
Erdos180.symplecticQuadrangle_adjacent_to_line,erdos180_core4
RybinAI2026.P13.exponential_boundary_elementary_abel_solution,rybin2026_p13_exponential_boundary
MarkovMixing.adjacent_transpositions_lower,mm_spectral
MarkovMixing.adjacent_transpositions_lower,mm_shuffle
MarkovMixing.adjacent_transpositions_lower,MarkovMixing.relaxation_lower
MarkovMixing.adjacent_transpositions_lower,MarkovMixing.eigenvalue_basic
CannonFloydParry.F_ne_bot,CannonFloydParry
EulerMascheroni.Arithmetic.pade_positive_remainder_and_lower_bound,eulerMascheroni_padeTransform
ExcursionCoupling.exists_juilletPairingData,ExcursionCoupling.ae_level_regular
ExcursionCoupling.exists_juilletPairingData,JuilletExcursionCoupling
ExcursionCoupling.exists_juilletPairingData,ExcursionCoupling.crossing_count_measurable
ConvexOptimization.barrier_method_sqrt_m_complexity_sc,ConvexOptimization_logBarrier
ConvexOptimization.barrier_method_sqrt_m_complexity_sc,ConvexOptimization.sc_newton_decrement_contraction
ConvexOptimization.barrier_method_sqrt_m_complexity_sc,ConvexOptimization.sc_suboptimality_from_decrement
ConvexOptimization.barrier_method_sqrt_m_complexity_sc,ConvexOptimization.barrier_centering_potential_gap
ConvexOptimization.barrier_method_sqrt_m_complexity_sc,ConvexOptimization_IsDampedNewtonRunOn
ConvexOptimization.barrier_method_sqrt_m_complexity_sc,ConvexOptimization.two_phase_iteration_count_of_suboptimality
ConvexOptimization.barrier_method_sqrt_m_complexity_sc,ConvexOptimization_selfConcordance
strong_goldbach_conjecture,goldbach
flt_wiles_coprime_case,ribet_level_lowering
mm_cftp,mm_mixing
AlmostComplexToComplex.every_closed_almost_complex_manifold_admits_complex_structure,almostComplexToComplexStructure
GribovRegion.region_isBounded,gribov_region_model
MSKleene_RegSig,MSKleene_Term
Freiman.form_roots_reduction,Freiman.form_second_root_eventually_reduced
Freiman.form_roots_reduction,Freiman.form_root_convergent_data
Freiman.form_roots_reduction,Freiman_reducedForms
Freiman.form_roots_reduction,Freiman.form_root_coordinate_algebra
I2Bound,MediumPNT_defs
I2Bound,EulerMaclaurin_defs
I2Bound,MellinOfSmooth1b
I2Bound,mul_le_mul_triple
I2Bound,logt_gt_one
I2Bound,Fourier_defs
Erdos390.eventual_central_anchor_and_residual_exists,erdos390_problem
Erdos390.eventual_central_anchor_and_residual_exists,Erdos390.SourceJointConstruction.exists_common_depth
Erdos390.eventual_central_anchor_and_residual_exists,erdos390_source_bank_interface
Erdos390.eventual_central_anchor_and_residual_exists,Erdos390.eventual_guarded_fractional_bank_data_exists
Erdos390.eventual_central_anchor_and_residual_exists,erdos390_guarded_fractional_bank
Erdos390.eventual_central_anchor_and_residual_exists,Erdos390.column_sparse_floating_rounding
CircleMethod.norm_e_sub_one_le_two,CircleMethod_char
CircleMethod.norm_e_sub_one_le_two,CircleMethod.norm_e
bernoulli_exact_completion_from_injectivity_and_dual_certificate,matrix_completion_tangent
bernoulli_exact_completion_from_injectivity_and_dual_certificate,bernoulli_success_probability_mono
bernoulli_exact_completion_from_injectivity_and_dual_certificate,bernoulli_event_intersection_probability_from_lower_bounds
bernoulli_exact_completion_from_injectivity_and_dual_certificate,dual_certificate_with_restricted_sampling_implies_unique_completion
tangent_sampling_deviation_scale_from_general_sample_bound,matrix_completion_tangent
tangent_sampling_deviation_scale_from_general_sample_bound,neumann_remainder_tangent_scale_le_half_from_sample_bound
Monotonicity_Theorem.lemma_one,Monotonicity_Theorem_Framework2
Monotonicity_Theorem.lemma_one,Monotonicity_Theorem.infinite_definable_set_contains_interval2
GribovRegion.zero_mem_region,gribov_region_model
Erdos146.CompactnessConjecture.free_map_of_no_isolated,erdos146_core2
ConvexOptimization.lowner_john_unit_ball_kkt,ConvexOptimization_IsLownerJohn
ConvexOptimization.lowner_john_unit_ball_kkt,ConvexOptimization_ellipsoidBody
CannonFloydParry.exists_dyadic_interval_image_disjoint,CannonFloydParry
CannonFloydParry.closure_mapA_mapB_eq_F,CannonFloydParry.exists_standardDyadicPartition_of_isThompson
CannonFloydParry.closure_mapA_mapB_eq_F,CannonFloydParry.mem_F_iff_isThompson
CannonFloydParry.closure_mapA_mapB_eq_F,CannonFloydParry
CannonFloydParry.closure_mapA_mapB_eq_F,CannonFloydParry.mem_closure_mapA_mapB_of_standardDyadicPartition
BanditAlgorithm.bandit_divergence_one_step,BanditPolicy
Freiman.form_reduction_algebra,Freiman_reducedForms
syracuseStep_odd,syracuseStep
BrinSquier.slope_one_commutator,BrinSquier
BertsekasLCState,BertsekasSPGraph
collatz_descent_three_mod_sixteen,collatzStepMap
FreyPackage.of_counterexample,FLTPrelim_FreyPackage
MarkovMixing.harmonic_eq_const,mm_basic
Freiman.middle_interval_chain,Freiman_middleRoots
OPG37364.exists_high_girth_spectral_expander,OPG37364.exists_high_girth_adjacency_expander
OPG37364.exists_high_girth_spectral_expander,mm_spectral
OPG37364.exists_high_girth_spectral_expander,OPG37364.spectralGap_gt_one_seventh_of_adjacency_bound
OPG37364.exists_high_girth_spectral_expander,opg37364_matching_cuts
CircleMethod.nrm_pos_of_not_int,CircleMethod.nrm_eq_zero_iff
CircleMethod.nrm_pos_of_not_int,CircleMethod_char
CircleMethod.nrm_pos_of_not_int,CircleMethod.nrm_nonneg
Chou.isVirtuallyNilpotent_of_extension_of_not_hasFreeSubsemigroupOfRankTwo,Chou_Growth
HarmonicBuilding.constantDistanceCircleLength,frame_2026_harmonic_building_conical
LinearOptimization.ellipsoid_update_volume_lt,LinearOptimization.ellipsoid_update_matrix_posDef
LinearOptimization.ellipsoid_update_volume_lt,LinearOptimization_EllipsoidMethod
BFFPyramidal.multiplicity_bound,BFFPyramidal.muMeasure_divisorClosure_image_mul
BFFPyramidal.multiplicity_bound,BFFPyramidal.lemma_III
BFFPyramidal.multiplicity_bound,BFFPyramidal_cosetPartition
BFFPyramidal.multiplicity_bound,BFFPyramidal_pyramidal
BFFPyramidal.multiplicity_bound,BFFPyramidal.lemma_IV
BFFPyramidal.multiplicity_bound,BFFPyramidal_arithmetic
RybinAI2026.P01.crossIntegral_normalized_sum_le_one,rybin2026_p01_cross_integral
RybinAI2026.P01.crossIntegral_normalized_sum_le_one,rybin2026_p01_matrix_integral
RybinAI2026.P01.crossIntegral_normalized_sum_le_one,RybinAI2026.P01.crossIntegral_add_harmonic
RybinAI2026.P01.crossIntegral_normalized_sum_le_one,RybinAI2026.P01.crossIntegral_pos
RybinAI2026.P01.crossIntegral_normalized_sum_le_one,RybinAI2026.P01.crossIntegral_single_slot_normalized_sum_le_one
Kawahira.nontrivial_zero_mem_strip,riemannZeta_neg_odd_ne_zero
Kawahira.nontrivial_zero_mem_strip,Kawahira_zeta
momentAngle_fullSubcomplex_h1_homology,momentAngle_h1_selfComplex_topSummand
momentAngle_fullSubcomplex_h1_homology,momentAngle_fullSubcomplex_homology_retract
momentAngle_fullSubcomplex_h1_homology,frame_2026_moment_angle_interfaces
Erdos180.proposedFamily_isCyclic,erdos180_core4
Erdos180.proposedFamily_isCyclic,Erdos180.encodeFiniteGraph_not_acyclic
Erdos180.proposedFamily_isCyclic,Erdos180.proposedFamily_induction
Erdos180.proposedFamily_isCyclic,Erdos180.not_acyclic_of_eight_cycle_copy
mme_MMq_eq_zero_of_not_pos,mme_tensor_bridge
SymplecticFreeModules.canonicalShenLarssonActionExists,frame_2026_symplectic_free_modules_interfaces
mme_omega_le_of_subrank_capacity,mme_subrank_capacity
mme_omega_le_of_subrank_capacity,mme_omega_strassen
BanditAlgorithm.linear_bandit_unit_ball_hypercube_average_reward_upper_bound,BanditAlgorithm.gaussian_relative_entropy_formula
BanditAlgorithm.linear_bandit_unit_ball_hypercube_average_reward_upper_bound,LinearBanditProtocol
Chou.hasPackingProperty_of_extension,CannonFloydParry.not_elementaryAmenable_F
Chou.hasPackingProperty_of_extension,CannonFloydParry.no_free_subgroup_of_rank_two
Chou.hasPackingProperty_of_extension,Chou_ElementaryAmenable
Chou.hasPackingProperty_of_extension,Chou_Classes
collatz_descent_of_syracuse_descent,syracuseStep
collatz_descent_of_syracuse_descent,collatzStepMap
collatz_descent_of_syracuse_descent,collatz_reaches_syracuse_iterate
VectorSpaceOpt.generalized_kuhn_tucker,VectorSpaceOpt_cone_optimization
KN_SeededHorizontalPadicLFunctionV2,KN_HorizontalPadicLDensityExtension
mme_CW_auxiliary_inequality_2376_profile,mme_CW_q6_coupled_raw_cyclic_value_below
mme_CW_auxiliary_inequality_2376_profile,mme_tau_value_below_base_le_of_asymptoticRank_le
mme_CW_auxiliary_inequality_2376_profile,mme_CW_square_laser_value_below_2376_of_coupled_below
mme_CW_auxiliary_inequality_2376_profile,mme_CW_auxiliary_RHS
mme_CW_auxiliary_inequality_2376_profile,mme_CW_square_asymptoticRank_le
mme_CW_auxiliary_inequality_2376_profile,mme_omega_strassen
mme_six_symmetric_tau_value_to_direct_of_iso,mme_six_symmetrized_tau_value
mme_six_symmetric_tau_value_to_direct_of_iso,mme_HasTauValueAtLeast_kronPow_root
mme_six_symmetric_tau_value_to_direct_of_iso,mme_HasTauValueAtLeast_mono_restrict
LinearOptimization.convexHull_natGenerated_eq_finitelyGeneratedSet,LinearOptimization.finitely_generated_is_polyhedron
LinearOptimization.convexHull_natGenerated_eq_finitelyGeneratedSet,LinearOptimization_FinitelyGeneratedSet
BanditAlgorithm.mdp_ucrl2_optimistic_phase_run_on_good_event,FiniteMDPLearning
BanditAlgorithm.mdp_ucrl2_optimistic_phase_run_on_good_event,BanditAlgorithm.mdp_ucrl2_confidence_event_complement_prob_le
BanditAlgorithm.mdp_ucrl2_optimistic_phase_run_on_good_event,BanditAlgorithm.mdp_ucrl2_optimistic_phase_run_on_confidence_event
MarkovChainCLT.var_partialSum_div_tendsto_of_summable_cov,MixingCoefficients
MarkovEntanglement.separable_apply_local_reward,markov_entanglement_multi
MarkovMixing.graph_walk_reversible,mm_basic
BanditAlgorithm.gaussianBandit_isSubgaussian_one,GaussianBandit
Fejer.fejerKernel_nonneg,Fejer_fejerKernel
EulerMascheroni.Arithmetic.pade_normalized_form_integral,EulerMascheroni.Arithmetic.binomial_transform_integral
EulerMascheroni.Arithmetic.pade_normalized_form_integral,eulerMascheroni_padeTransform
EulerMascheroni.Arithmetic.pade_normalized_form_integral,EulerMascheroni.Arithmetic.pade_binomial_identity
littleLawProduct_nonneg,queueing_continuous_time
PachDeZeeuw.Algebraic.eval_eq_specialized_eval,PdzPrelim
AlmostLossless.card_collisionEvent_mul,AlmostLossless.card_codebooks
AlmostLossless.card_collisionEvent_mul,Geometry_AlmostLosslessCore
mme_permutation,mme_tensor_quotient
mme_permutation,mme_tensor
mme_permutation,mme_tensor_rank
sgl_lautemann_bridge,sgl_finite_override_delegate
sgl_lautemann_bridge,sipser_gacs_lautemann
sgl_lautemann_bridge,sgl_verifier_constructions
BanditAlgorithm.pmMinimaxRegret_le_policy_of_unit_losses,PartialMonitoringGame
Problem97.CGN.witnessedPairsAt_sum_le_square_div_four,Problem97.Dumitrescu.matching_count_sum_le_square_div_four
Problem97.CGN.witnessedPairsAt_sum_le_square_div_four,Problem97.CGN.card_witnessedPairsAt_le_right
Problem97.CGN.witnessedPairsAt_sum_le_square_div_four,Problem97.CGN.card_witnessedPairsAt_le_left
Problem97.CGN.witnessedPairsAt_sum_le_square_div_four,Erdos9796Counting_CGN_CGN
Problem97.CGN.witnessedPairsAt_sum_le_square_div_four,Erdos9796Counting_Adapter
mme_paired_Ctensor_certificate_to_six_symmetric_tau_value,mme_sixSymmetrization_isomorphic_cyclic_paired_swap
mme_paired_Ctensor_certificate_to_six_symmetric_tau_value,mme_six_symmetrized_tau_value
mme_paired_Ctensor_certificate_to_six_symmetric_tau_value,CTensorOneHOneFamilyCertificate
mme_paired_Ctensor_certificate_to_six_symmetric_tau_value,mme_HasTauValueAtLeast_mono_restrict
mme_paired_Ctensor_certificate_to_six_symmetric_tau_value,mme_Ctensor_one_H_one_outer_family_cyclic_value_below
matrix_completion_neumann,matrix_completion_tangent
Erdos180.kQuotient_mem_proposedFamily,erdos180_core4
Erdos180.kQuotient_mem_proposedFamily,Erdos180.proposedFamily_mem_iff
Erdos390.eventual_guarded_four_family_assembly,Erdos390.eventual_three_family_disjoint_residual_exists
Erdos390.eventual_guarded_four_family_assembly,erdos390_problem
Erdos390.eventual_guarded_four_family_assembly,Erdos390.eventual_central_anchor_certificate
FormalizedScopeReach.reach_variance_le_monteCarlo,FormalizedScopeReach_Trials
MSKleene.subst_comp,MSKleene_Subst
EulerMascheroni.gamma_transcendental,EulerMascheroni.Mixed.local_intersection_algebraicity_conjecture
EulerMascheroni.gamma_transcendental,EulerMascheroni.Mixed.e_values_linear_independent
EulerMascheroni.gamma_transcendental,eulerMascheroni_gompertz
EulerMascheroni.gamma_transcendental,EulerMascheroni.Mixed.hardy_identity
EulerMascheroni.gamma_transcendental,EulerMascheroni.Mixed.value_relation_lifting_conjecture
EulerMascheroni.gamma_transcendental,EulerMascheroni.Mixed.kernel_coefficient_vanishes
EulerMascheroni.Arithmetic.pade_decay_denominator_obstruction,EulerMascheroni.Arithmetic.pade_recurrence_bound
EulerMascheroni.Arithmetic.pade_decay_denominator_obstruction,EulerMascheroni.Arithmetic.real_affine_integral_eventually_zero
EulerMascheroni.Arithmetic.pade_decay_denominator_obstruction,EulerMascheroni.Arithmetic.pade_normalized_form_integral
EulerMascheroni.Arithmetic.pade_decay_denominator_obstruction,EulerMascheroni.Arithmetic.pade_determinant_and_nonvanishing
EulerMascheroni.Arithmetic.pade_decay_denominator_obstruction,eulerMascheroni_padeDecay
GameSetMatch.coeff_ineq,GameSetMatch.majorityAdv_ge_ratio
GameSetMatch.coeff_ineq,GameSetMatch.majorityAdv_le_mul
GameSetMatch.coeff_ineq,GameSetMatch.hypergeomWeight_mean
GameSetMatch.coeff_ineq,GameSetMatch.majorityAdv_nested_le
GameSetMatch.coeff_ineq,GameSetMatch.hypergeomWeight_odd_le
GameSetMatch.coeff_ineq,GameSetMatchInternal
GameSetMatch.coeff_ineq,GameSetMatch.majorityAdv_eq_centralBinom_sum
MarkovChainCLT.clt_of_var_limit_of_exp_alpha,MixingCoefficients
MarkovChainCLT.clt_of_var_limit_of_exp_alpha,MarkovChainCLT.clt_iff_uniformlyIntegrable_of_alpha_mixing
MarkovChainCLT.clt_of_var_limit_of_exp_alpha,MarkovChainCLT.uniformIntegrable_sq_partialSum_of_exp_alpha_of_log_moment
MarkovChainCLT.clt_of_var_limit_of_exp_alpha,MarkovChainCLT.summable_covariance_of_exp_alpha_of_log_moment
MarkovChainCLT.clt_of_var_limit_of_exp_alpha,MarkovChainCLT.tendstoInDistribution_inv_sqrt_of_normalized
MarkovChainCLT.clt_of_var_limit_of_exp_alpha,MarkovChainCLT.tendsto_inv_mul_integral_sq_partialSum
MarkovChainCLT.clt_of_var_limit_of_exp_alpha,MarkovChainCLT.memLp_two_and_logMoment_sub_const
ExcursionCoupling.coupling_eq_on_non_atom_pairs,excursion_coupling
MarkovChainCLT.integrable_of_geoDriftCondition,MarkovDriftMinorization
MarkovChainCLT.integrable_of_geoDriftCondition,MarkovErgodicity
Problem97.MEC.not_collinear_of_three_dist_eq,Erdos9796Counting_Foundation
Problem97.MEC.not_collinear_of_three_dist_eq,Erdos9796Counting_Adapter
diophantine_degree_ge_two_case_three_quintuple,diophantine_descent
diophantine_triple_finite_degree,diophantine_descent
diophantine_triple_finite_degree,diophantine_descent_step_exists
Erdos9796FiniteNine_N4dPackets,Erdos9796Counting_Dumitrescu_L6
Erdos9796FiniteNine_N4dPackets,Problem97.signedArea2_eq_zero_iff_collinear
Erdos9796FiniteNine_N4dPackets,Erdos9796Counting_CGN_CGN6
Erdos9796FiniteNine_N4dPackets,Problem97.MEC.not_collinear_of_three_dist_eq
Erdos9796FiniteNine_N4dPackets,Problem97.MEC.no_diameter_under_k4
Erdos9796FiniteNine_N4dPackets,Problem97.ConvexIndep.not_collinear_of_card_ge_three
Erdos9796FiniteNine_N4dPackets,Problem97.exists_cut_sorted_enumeration_of_convexIndep
Erdos9796FiniteNine_N4dPackets,Problem97.CGN.CGN6norm_minorCapChainModel_of_mecCapPacket
Erdos9796FiniteNine_N4dPackets,Problem97.collinear_of_signedArea2_eq_zero
Erdos9796FiniteNine_N4dPackets,Erdos9796Counting_MEC_ArcAngle
Erdos9796FiniteNine_N4dPackets,Problem97.Dumitrescu.three_cap_decomposition
Erdos9796FiniteNine_N4dPackets,Problem97.inner_chord_eq_two_mul_inner_midpoint
Erdos9796FiniteNine_N4dPackets,Erdos9796Counting_CGN_CGN4g
Erdos9796FiniteNine_N4dPackets,Problem97.signedArea2_sign_eq_oangle_sign
Erdos9796FiniteNine_N4dPackets,Problem97.center_same_side_as_apex_of_nonobtuse
Erdos9796FiniteNine_N4dPackets,Erdos9796Counting_CGN_CGN
Erdos9796FiniteNine_N4dPackets,Problem97.CGN.CGN4g_strictCapBlockData_of_supportCap_oriented
Erdos9796FiniteNine_N4dPackets,Problem97.CGN.CGN6b_nonacute_of_minorCapChainCoords
Erdos9796FiniteNine_N4dPackets,Erdos9796Counting_ConvexCyclicOrder_Construct
Erdos9796FiniteNine_N4dPackets,Erdos9796FiniteNine_N8Interface
Erdos9796FiniteNine_N4dPackets,Erdos9796Counting_IsoscelesCount
Erdos9796FiniteNine_N4dPackets,Problem97.signedArea_prod_eq_inner_mul_dist_sq
Erdos9796FiniteNine_N4dPackets,Problem97.affineSpan_eq_top_of_not_collinear
Erdos9796FiniteNine_N4dPackets,Problem97.ConvexIndep.not_wbtw
Erdos9796FiniteNine_N4dPackets,Problem97.isCcwConvexPolygon_of_cut_sorted_arcAngle
Erdos9796FiniteNine_N4dPackets,Problem97.three_le_card_of_convexIndep_noncoll
Erdos9796FiniteNine_N4dPackets,Problem97.card_ge_five_of_K4
Erdos9796FiniteNine_N4dPackets,Problem97.MEC.exists_nonobtuse_circumscribed_triple
Freiman.gap_centered_membership,Freiman_gapModel
mme_subrankCapacityPoly_witness,mme_subrank_capacity_poly
Problem97.MEC.no_diameter_under_k4,Erdos9796Counting_Foundation
Problem97.MEC.no_diameter_under_k4,Erdos9796Counting_Adapter
Problem97.MEC.no_diameter_under_k4,Erdos9796Counting_MEC_Basic
Problem97.MEC.no_diameter_under_k4,Problem97.MEC.sylvester_dichotomy
MarkovChainCLT.tendstoInDistribution_of_exp_alpha_of_log_moment,MixingCoefficients
MarkovChainCLT.tendstoInDistribution_of_exp_alpha_of_log_moment,MarkovChainCLT.var_partialSum_div_tendsto_of_summable_cov
MarkovChainCLT.tendstoInDistribution_of_exp_alpha_of_log_moment,MarkovChainCLT.clt_of_var_limit_of_exp_alpha
MarkovChainCLT.tendstoInDistribution_of_exp_alpha_of_log_moment,MarkovChainCLT.clt_iff_uniformlyIntegrable_of_alpha_mixing
MarkovChainCLT.tendstoInDistribution_of_exp_alpha_of_log_moment,MarkovChainCLT.uniformIntegrable_sq_partialSum_of_exp_alpha_of_log_moment
MarkovChainCLT.tendstoInDistribution_of_exp_alpha_of_log_moment,MarkovChainCLT.tendstoInDistribution_inv_sqrt_of_normalized
MarkovChainCLT.tendstoInDistribution_of_exp_alpha_of_log_moment,MarkovChainCLT.tendsto_inv_mul_integral_sq_partialSum
MarkovChainCLT.tendstoInDistribution_of_exp_alpha_of_log_moment,MarkovChainCLT.memLp_two_and_logMoment_sub_const
SymplecticFreeModules.constantParameterLowestWeight,frame_2026_symplectic_free_modules_interfaces
mme_cyclicSymmetrization_kronPow_isomorphic,mme_permutation
mme_cyclicSymmetrization_kronPow_isomorphic,mme_CW_coupled_value
mme_cyclicSymmetrization_kronPow_isomorphic,mme_rank_bridge
KN_HorizontalPadicLFunction,KN_HorizontalPadicL
MarkovChainCLT.poissonEquation_ae_of_uniformlyErgodic,MarkovChainCLT.integral_sq_iterKernel_pow_le
MarkovChainCLT.poissonEquation_ae_of_uniformlyErgodic,MarkovChainCLT.exists_lag_tvDist_le_of_uniformlyErgodic
MarkovChainCLT.poissonEquation_ae_of_uniformlyErgodic,MarkovChainPathMeasure
MarkovChainCLT.poissonEquation_ae_of_uniformlyErgodic,MarkovErgodicity
MarkovChainCLT.poissonEquation_ae_of_uniformlyErgodic,MarkovIterKernel
MarkovMixing.resistance_triangle,MarkovMixing.commute_time_identity
MarkovMixing.resistance_triangle,MarkovMixing.exists_stationary_pos
MarkovMixing.resistance_triangle,MarkovMixing.summable_hitting_tails
MarkovMixing.resistance_triangle,MarkovMixing.harmonic_extension
MarkovMixing.resistance_triangle,mm_network
MarkovMixing.resistance_triangle,MarkovMixing.stationary_unique
MTT.Cohomology.evaluation_lattice,MTT_Cohomology
exists_tail_arrivedBy_scaled_subset_departedBy,queueing_continuous_time
exists_tail_arrivedBy_scaled_subset_departedBy,eventually_departure_le_scaled_arrival
exists_tail_arrivedBy_scaled_subset_departedBy,mem_departedBy
ZengPryadkoConjecture18Counterexample.refutation,ZengPryadkoConjecture18Counterexample.threeIdentityCertificate
ZengPryadkoConjecture18Counterexample.refutation,ZengPryadkoConjecture18Counterexample.strictGapDataExists
ZengPryadkoConjecture18Counterexample.refutation,ZengPryadkoConjecture18Counterexample
BFFPyramidal.muMeasure_divisorClosure_image_mul,BFFPyramidal_arithmetic
Erdos390.eventual_scaled_upper_bound,Erdos390.eventual_admissible_upper_bound
Erdos390.eventual_scaled_upper_bound,erdos390_problem
MarkovChainCLT.alpha_cov_bounded,MixingCoefficients
MarkovChainCLT.alpha_cov_bounded,MarkovChainCLT.alpha_indicator_cov_le
MarkovChainCLT.alpha_cov_bounded,LayerCake.bounded_layercake_identity
MarkovChainCLT.alpha_cov_bounded,MarkovChainCLT.processSigma_le_of_measurable
MarkovChainCLT.alpha_cov_bounded,ProbabilityTheory.cov_indicator_eq
MarkovChainCLT.alpha_cov_bounded,LayerCake.expectation_add_const
HairerSPDE.charFunDual_withDensity_exp_of_representer,HairerSPDE.joint_gaussian_of_memLp_closure
HairerSPDE.charFunDual_withDensity_exp_of_representer,HairerSPDE_CameronMartin
HairerSPDE.charFunDual_withDensity_exp_of_representer,HairerSPDE.charFun_tilt_of_joint_gaussian
Erdos183.paletteColourCount_three,erdos183_core
BanditAlgorithm.partial_monitoring_hard_geometric_alternatives,BanditAlgorithm.partial_monitoring_neighbour_positive_common_point
BanditAlgorithm.partial_monitoring_hard_geometric_alternatives,finite_linear_gaps_stable
BanditAlgorithm.partial_monitoring_hard_geometric_alternatives,BanditAlgorithm.partial_monitoring_neighbour_loss_interpolation
BanditAlgorithm.partial_monitoring_hard_geometric_alternatives,BanditAlgorithm.partial_monitoring_nonlocal_edge_direction
BanditAlgorithm.partial_monitoring_hard_geometric_alternatives,stdSimplex_small_perturbation
BanditAlgorithm.partial_monitoring_hard_geometric_alternatives,BanditAlgorithm.partial_monitoring_uniform_outside_gap
BanditAlgorithm.partial_monitoring_hard_geometric_alternatives,PartialMonitoringGame
EulerMascheroni.Mixed.formal_expEin_harmonic_coefficients,eulerMascheroni_formalESystem
EulerMascheroni.Mixed.formal_expEin_harmonic_coefficients,EulerMascheroni.Mixed.formal_e_system_equations
Hairer_RegularityStructure,Hairer_TestFunctions
Komlos.komlos_conjecture,Komlos_model
DiazModulus.diaz_of_exp_real_self_not_real,DiazModulus.diaz_of_exp_eq_one
DiazModulus.diaz_of_exp_real_self_not_real,DiazModulus
DiazModulus.diaz_of_exp_real_self_not_real,DiazModulus.diaz_of_exp_ne_one
BanditAlgorithm.bandit_divergence_decomposition,BanditAlgorithm.bandit_divergence_one_step
BanditAlgorithm.bandit_divergence_decomposition,BanditPolicy
MTT.Cohomology.integral_class_character_law_infty,MTT.Cohomology.cuspPrimitive_slash_relation
MTT.Cohomology.integral_class_character_law_infty,MTT_Cohomology_Integration
MTT.Cohomology.integral_class_character_law_infty,MTT_Cohomology
Erdos146.pairGraph_parent_child_adj,Erdos146.ParentSystem.graph_adj_iff
Erdos146.pairGraph_parent_child_adj,erdos146_core2
queueing_general_littles_law,timeAverageQueueLength_le_arrivedSojournRate_eventually
queueing_general_littles_law,timeAverageQueueLength_eventually_ge_scaled_product
queueing_general_littles_law,sojourn_div_arrival_tendsto_zero
queueing_general_littles_law,sojournTime_nonneg
queueing_general_littles_law,queueing_continuous_time
queueing_general_littles_law,arrival_tendsto_atTop
queueing_general_littles_law,littleLawProduct_nonneg
queueing_general_littles_law,exists_tail_arrivedBy_scaled_subset_departedBy
queueing_general_littles_law,queueArea_le_arrivedSojourn
queueing_general_littles_law,arrivedSojournRate_tendsto
queueing_general_littles_law,timeAverageQueueLength_eventually_le_product_add
queueing_general_littles_law,departedSojourn_le_queueArea
queueing_general_littles_law,queueLength_eq_arrivalCount_sub_departureCount
queueing_general_littles_law,scaled_tail_arrivedSojourn_le_departedSojourn_eventually
queueing_general_littles_law,timeAverageQueueLength_tendsto_of_scaled_lower_and_upper
queueing_general_littles_law,eventually_departure_le_scaled_arrival
queueing_general_littles_law,scaledArrivedTailSojournRate_tendsto
queueing_general_littles_law,index_div_arrival_tendsto
queueing_general_littles_law,intervalIntegrable_queueLength
queueing_general_littles_law,departedSojournRate_le_timeAverageQueueLength_eventually
queueing_general_littles_law,sojourn_div_index_tendsto_zero
queueing_general_littles_law,arrivalCount_at_arrival
queueing_general_littles_law,mem_departedBy
polignac_conjecture,hardy_littlewood_conjecture_A
mme_stothers_fixed_profile_fourth_value_below_globalRate,mme_stothers_fixed_profile_outer_capacity
mme_stothers_fixed_profile_fourth_value_below_globalRate,mme_stothers_fixed_outer_profile
mme_stothers_fixed_profile_fourth_value_below_globalRate,mme_stothers_fixed_profile_fourth_value_of_capacity_and_blocks
mme_stothers_fixed_profile_fourth_value_below_globalRate,mme_stothers_fourth_support_and_classes
mme_stothers_fixed_profile_fourth_value_below_globalRate,mme_stothers_fixed_exact_address_block_value
MarkovChainCLT.alphaMixingCoef_map_pathMap,MixingCoefficients
FiniteReflectionPositivityMethodsI.chessboard,FiniteReflectionPositivityMethodsI
Freiman.middle_path_choice,Freiman_middleRoots
CodingTheory.hammingCoordinateCharacterSum,CodingTheory
KServer.workFnU_sharp_potential,KServer_workfunctionU
KServer.workFnU_sharp_potential,HistoryPotential.pathwise_bound_iff
KServer.workFnU_sharp_potential,KServer.workFnU_growth_sharp_large
KServer.workFnU_sharp_potential,KServer.workFnU_sharp_potential_known_cases
cauchy_interlacing_sorted,courant_fischer
mm_lower,mm_mixing
mm_lower,mm_coupling
EulerMascheroni.Arithmetic.factorial_division_denominators_conjecture,EulerMascheroni.Arithmetic.factorial_denominators_iff_prime_local_endpoints
EulerMascheroni.Arithmetic.factorial_division_denominators_conjecture,EulerMascheroni.Arithmetic.gompertz_prime_local_bounds_conjecture
EulerMascheroni.Arithmetic.factorial_division_denominators_conjecture,eulerMascheroni_factorialQuotient
monopoly_price_measurable_family,monopoly_price_attains_revenue
monopoly_price_measurable_family,monopoly_revenue_measurable_family
monopoly_price_measurable_family,monopoly_pricing
monopoly_price_measurable_family,measure_Ici_toReal_continuous_of_atomless
monopoly_price_measurable_family,posted_price_revenue_le_monopoly_revenue
ucbStoppedCenteredSum,banditRegret
MarkovMixing.wilson_method,mm_spectral
MarkovMixing.wilson_method,MarkovMixing.wilson_method_nonvanishing
MarkovMixing.wilson_method,MarkovMixing.tv_eq_half_l1
MarkovMixing.wilson_method,MarkovMixing.convergence_theorem
BookSixth.round_circle_unlink,BookSixth
FundamentalTheoremOfArithmetic.fundamental_theorem_of_arithmetic,FundamentalTheoremOfArithmetic.fta_existence
FundamentalTheoremOfArithmetic.fundamental_theorem_of_arithmetic,FundamentalTheoremOfArithmetic.fta_uniqueness
GYGraphTheory.prop_3_7_4,GYGraphTheory
GYGraphTheory.prop_3_7_4,GYGraphTheory.prop_3_7_1
BertsekasDP.dp_algorithm_optimality,BertsekasDPModel
mme_recursive_yz_cell_partition,mme_recursive_yz_CW_cells
Freiman.markov_symbolic,Freiman.form_orbit_spectrum_criterion
Freiman.markov_symbolic,Freiman_symbolicMarkovSpectrum
Freiman.markov_symbolic,Freiman.form_reduced_orbit_exists
Freiman.markov_symbolic,Freiman.form_reduced_discriminant
Freiman.markov_symbolic,Freiman_markovSpectrum
Freiman.markov_symbolic,Freiman.form_reduced_pair
Freiman.markov_symbolic,Freiman.form_symbolic_orbit
WeakGoldbach.verified_two_primes_4e14_to_4e18,GoldbachSieve
WeakGoldbach.verified_two_primes_4e14_to_4e18,WeakGoldbach.verified_range_sieve_coverage
Freiman.form_minimum_identity,Freiman_reducedForms
Freiman.form_minimum_identity,Freiman.form_orbit_lattice_lower_bound
Freiman.form_minimum_identity,Freiman.form_minimum_infimum_assembly
Freiman.form_minimum_identity,Freiman.form_orbit_minimum_invariant
ConvexOptimization.prekopa_leindler_one_dimensional,ConvexOptimization.prekopa_leindler_real_line
BanditAlgorithm.linear_bandit_unit_ball_coordinate_flip_stopped_loss_lower_bound,LinearBanditProtocol
queueArea_le_arrivedSojourn,queueing_continuous_time
CatalanLogSin.integral_log_one_sub_inv_four_cos_sq,CatalanLogSin.integral_log_one_sub_inv_four_cos_sq_eq_neg_catalan_div_three
collatz_descent_eleven_mod_thirtytwo,collatzStepMap
mme_CW_q6_coupled_exact_floor_pruning,mme_CW_coupled_pruning_ratio
MagicSquaresNormal3,MagicSquaresParam3
MagicSquaresNormal3,MagicSquares
FiniteReflectionPositivityMethodsI.splitWeightReflectionPositivity,FiniteReflectionPositivityMethodsI
FreyPackage.fermatLastTheoremFor_of_five_le,FreyPackage.of_counterexample
FreyPackage.fermatLastTheoremFor_of_five_le,P2M_Util
FreyPackage.fermatLastTheoremFor_of_five_le,FLTPrelim_Ramification
FreyPackage.fermatLastTheoremFor_of_five_le,FLTPrelim_GaloisRep
FreyPackage.fermatLastTheoremFor_of_five_le,FLTPrelim_ModularRep
FreyPackage.fermatLastTheoremFor_of_five_le,FreyPackage.no_frey_package
FreyPackage.fermatLastTheoremFor_of_five_le,FLTPrelim_CofixedLine
FreyPackage.fermatLastTheoremFor_of_five_le,FLTPrelim_FreyPackage
FreyPackage.fermatLastTheoremFor_of_five_le,FLTPrelim_Modularity
MTT.Cohomology.reflection_involutive,MTT_Cohomology
Devaney.quadratic_exists_dense_orbit,Devaney_sigma2
Devaney.quadratic_exists_dense_orbit,Devaney_conjugacy
Devaney.quadratic_exists_dense_orbit,Devaney_chaos
Devaney.quadratic_exists_dense_orbit,Devaney_quadratic
buying_to_bundle_virtual_cost_integrable,posted_price_revenue_tendsto_zero_of_integrable
buying_to_bundle_virtual_cost_integrable,monopoly_price_measurable_family
buying_to_bundle_virtual_cost_integrable,buying_to_bundle_market
buying_to_bundle_virtual_cost_integrable,monopoly_price_attains_revenue
buying_to_bundle_virtual_cost_integrable,monopoly_revenue_measurable_family
buying_to_bundle_virtual_cost_integrable,monopoly_revenue_le_integral_pos_part
buying_to_bundle_virtual_cost_integrable,posted_price_revenue_le_monopoly_revenue
Erdos9796FiniteNine.cap_containment,Erdos9796Counting_Dumitrescu_L6
Erdos9796FiniteNine.cap_containment,Problem97.signedArea2_eq_zero_iff_collinear
Erdos9796FiniteNine.cap_containment,Erdos9796Counting_CGN_CGN6
Erdos9796FiniteNine.cap_containment,Problem97.MEC.not_collinear_of_three_dist_eq
Erdos9796FiniteNine.cap_containment,Problem97.MEC.no_diameter_under_k4
Erdos9796FiniteNine.cap_containment,Problem97.ConvexIndep.not_collinear_of_card_ge_three
Erdos9796FiniteNine.cap_containment,Erdos9796Counting_Cap_PartitionFromMEC
Erdos9796FiniteNine.cap_containment,Problem97.exists_cut_sorted_enumeration_of_convexIndep
Erdos9796FiniteNine.cap_containment,Problem97.CGN.CGN6norm_minorCapChainModel_of_mecCapPacket
Erdos9796FiniteNine.cap_containment,Problem97.collinear_of_signedArea2_eq_zero
Erdos9796FiniteNine.cap_containment,Erdos9796Counting_MEC_ArcAngle
Erdos9796FiniteNine.cap_containment,Problem97.Dumitrescu.three_cap_decomposition
Erdos9796FiniteNine.cap_containment,Problem97.inner_chord_eq_two_mul_inner_midpoint
Erdos9796FiniteNine.cap_containment,Erdos9796Counting_CGN_CGN4g
Erdos9796FiniteNine.cap_containment,Problem97.signedArea2_sign_eq_oangle_sign
Erdos9796FiniteNine.cap_containment,Problem97.center_same_side_as_apex_of_nonobtuse
Erdos9796FiniteNine.cap_containment,Erdos9796Counting_CGN_CGN
Erdos9796FiniteNine.cap_containment,Problem97.CGN.CGN4g_strictCapBlockData_of_supportCap_oriented
Erdos9796FiniteNine.cap_containment,Problem97.CGN.CGN6b_nonacute_of_minorCapChainCoords
Erdos9796FiniteNine.cap_containment,Erdos9796Counting_ConvexCyclicOrder_Construct
Erdos9796FiniteNine.cap_containment,Erdos9796Counting_Adapter
Erdos9796FiniteNine.cap_containment,Erdos9796FiniteNine_N8Interface
Erdos9796FiniteNine.cap_containment,Erdos9796Counting_Cap_Partition
Erdos9796FiniteNine.cap_containment,Erdos9796Counting_IsoscelesCount
Erdos9796FiniteNine.cap_containment,Problem97.affineSpan_eq_top_of_not_collinear
Erdos9796FiniteNine.cap_containment,Problem97.ConvexIndep.not_wbtw
Erdos9796FiniteNine.cap_containment,Erdos9796Counting_CircumscribedMECPacket
Erdos9796FiniteNine.cap_containment,Problem97.isCcwConvexPolygon_of_cut_sorted_arcAngle
Erdos9796FiniteNine.cap_containment,Problem97.card_ge_five_of_K4
Erdos9796FiniteNine.cap_containment,Problem97.MEC.exists_nonobtuse_circumscribed_triple
mme_bigAdd_mono_restrict,mme_tensor_quotient
HefferonLinAlg.jordan_canonical_form,HefferonLinAlg.jordanBlocks_unique
HefferonLinAlg.jordan_canonical_form,HefferonLinAlg.jordan_form_exists
HefferonLinAlg.jordan_canonical_form,HefferonLinAlg_jordan
riemannZeta_conj,conj_riemannZeta_conj
Rudin.ch08_parseval_L2_conv,Rudin_ch08_fourier
mm_stopping,mm_mixing
mm_stopping,mm_path
ArithmeticE.beukers_rational_system_lifting,ArithmeticE.ordinary_cyclic_combination
ArithmeticE.beukers_rational_system_lifting,rationalEArithmetic
ArithmeticE.beukers_rational_system_lifting,ArithmeticE.algebraic_e_combination_zero_singularity
ArithmeticE.beukers_rational_system_lifting,ArithmeticE.polynomial_relation_basis
Erdos1947.ramsey_lower_bound,erdos1947
Erdos1947.ramsey_lower_bound,Erdos1947.mono_pair_count_le
Erdos1947.ramsey_lower_bound,Erdos1947.ramsey_count_inequality
Erdos1947.ramsey_lower_bound,Erdos1947.exists_avoiding_all
Erdos183.log_le_paletteLogWidth,erdos183_core
Erdos180.encodeFiniteGraph_not_acyclic,erdos180_core4
MSKleene.rec_basic,MSKleene_Recognizable
MSKleene.rec_basic,MSKleene_Term
MSKleene.rec_basic,MSKleene_Power
MarkovChainCLT.markovChainKernel_map_shift_iter,MarkovChainCLT.markovChainKernel_map_shift
MarkovChainCLT.markovChainKernel_map_shift_iter,MarkovChainPathMeasure
MarkovChainCLT.markovChainKernel_map_shift_iter,MarkovErgodicity
MarkovChainCLT.markovChainKernel_map_shift_iter,MarkovIterKernel
collatz_descent_even,collatzStepMap
ExcursionCoupling.monotone_plan_diagonal_null,excursion_coupling
MarkovChainCLT.tvDist_comp_le,MarkovChainCLT.abs_integral_sub_le_tvDist
MarkovChainCLT.tvDist_comp_le,TotalVariationDist
eulerMascheroni_mixedCover,eulerMascheroni_gompertz
ShiShallow.disjoint_coneStep,ShiShallow_Cone
ShiShallow.disjoint_coneStep,ShiShallow_Circuit
CircleMethod.norm_singInt_le_one,CircleMethod.e_zero
CircleMethod.norm_singInt_le_one,CircleMethod_waring
CircleMethod.norm_singInt_le_one,CircleMethod.norm_e
CircleMethod.norm_singInt_le_one,CircleMethod.e_neg
Hirsch.hpoly_diameter_le_excess_of_independent_small_row_blocks,Hirsch.hpoly_diameter_le_excess_of_rows_le_dim_add_three
Hirsch.hpoly_diameter_le_excess_of_independent_small_row_blocks,Hirsch_model
Finset.popular_pairs_card_lower_bound,Finset.sum_addConvolution_eq_card_product
diophantine_quintuple_degree_zero,diophantine_descent
BasicSolution,ActiveConstraints
EulerMascheroni.Sondow.integral_bounds,eulerMascheroni_sondow
Rudin.ch10_integral_identity_simplex,Rudin_ch10_forms
Davenport.perron_smoothed_close,MellinCalculus_defs
Davenport.perron_smoothed_close,Smooth1Properties_above
Davenport.perron_smoothed_close,Smooth1Nonneg
Davenport.perron_smoothed_close,Smooth1LeOne
Davenport.perron_smoothed_close,Smooth1Properties_below
Davenport.perron_smoothed_close,ResidueCalcOnRectangles_defs
BookSixth.bregman_minc,BregmanMincWeights
BookSixth.bregman_minc,BookSixth.bregman_minc_claimA
BookSixth.bregman_minc,BookSixth
BookSixth.bregman_minc,BookSixth.bregman_minc_claimB
mme_CW_q6_coupled_even_power_finite_extractions_below_raw,mme_CW_q6_coupled_raw_cyclic_value_below
mme_CW_q6_coupled_even_power_finite_extractions_below_raw,mme_CW_q6_coupled_exact_floor_pruning
mme_CW_q6_coupled_even_power_finite_extractions_below_raw,mme_CW_coupled_low_block_restrict
mme_CW_q6_coupled_even_power_finite_extractions_below_raw,mme_CW_q6_coupled_tensor_extraction_below_raw_of_pruning
mme_CW_q6_coupled_even_power_finite_extractions_below_raw,mme_HasTauValueAtLeast_multiple_extractions_below
mme_CW_q6_coupled_even_power_finite_extractions_below_raw,mme_cyclicSymmetrization_mono_restrict
mme_CW_q6_coupled_even_power_finite_extractions_below_raw,mme_CW_coupled_value
mme_CW_q6_coupled_even_power_finite_extractions_below_raw,mme_MMObj_cyclicSymmetrization_iso
mme_CW_q6_coupled_even_power_finite_extractions_below_raw,mme_tensor_bridge
Bochner.bochner_L1_case,PositiveDefinite
Bochner.bochner_L1_case,Bochner.fourierTransform_nonneg
Bochner.bochner_L1_case,Bochner.fourierTransform_integrable
Problem97.CGN.CGN6e2_not_two_apices_on_complementary_side,Problem97.CGN.CGN6d0_positiveSideBisector_to_wbtw
Problem97.CGN.CGN6e2_not_two_apices_on_complementary_side,Erdos9796Counting_CGN_CGN
Problem97.CGN.CGN6e2_not_two_apices_on_complementary_side,Erdos9796Counting_Adapter
Problem97.CGN.CGN6e2_not_two_apices_on_complementary_side,Problem97.ConvexIndep.not_same_ray_perpBisector
mm_mixing,mm_basic
LinearOptimization.farkas_cone_corollary,LinearOptimization.farkas_lemma
Smooth1Properties_above,DeltaSpikeSupport
Smooth1Properties_above,MellinCalculus_defs
Smooth1Properties_above,Smooth1Properties_estimate
Erdos146.hammingExpectedRetainedVertexCount_eq,erdos146_core2
Erdos146.hammingExpectedRetainedVertexCount_eq,Erdos146.hammingRetentionMeasure_real_contains_vertex
ExcursionCoupling.crossing_counting_functions_are_measures,excursion_coupling
ExcursionCoupling.crossing_counting_functions_are_measures,ExcursionCoupling.crossing_count_measurable
VectorSpaceOpt.pontryagin_minimum_principle,VectorSpaceOpt.integrable_backward_adjoint_exists
VectorSpaceOpt.pontryagin_minimum_principle,VectorSpaceOpt_optimal_control
VectorSpaceOpt.pontryagin_minimum_principle,VectorSpaceOpt.needle_variation_cost_limit
MarkovChainCLT.chainMeasure_map_shift,MarkovChainCLT.markovChainKernel_map_shift
MarkovChainCLT.chainMeasure_map_shift,MarkovChainPathMeasure
RobustOptimization_GRC,RobustOptimization_LO
taylor_wiles_patching,fermat_last_theorem
Erdos183.erdos_problem_183_explicit,Erdos183.divergentRamseyRoot
Erdos183.erdos_problem_183_explicit,erdos183_core
Erdos183.erdos_problem_183_explicit,Erdos183.quantitativeLowerBound_explicit_all
BanditAlgorithm.bandit_ucb_regret_bound,ucbPolicy
BanditAlgorithm.bandit_ucb_regret_bound,banditRegret
BanditAlgorithm.bandit_ucb_regret_bound,BanditAlgorithm.bandit_regret_decomposition
BanditAlgorithm.bandit_ucb_regret_bound,BanditAlgorithm.ucb_suboptimal_arm_expected_pull_count
GameSetMatch.winLossAdv_mono,GameSetMatchInternal
Problem97.MEC.cap_partition_from_moser_circumscribed,Erdos9796Counting_Cap_PartitionFromMEC
Problem97.MEC.cap_partition_from_moser_circumscribed,Erdos9796Counting_Adapter
Freiman.gap_reflect_match,Freiman_gapModel
Gilbreath.head_odd_tail_even,gilbreath_triangle
LinearOptimization_FeasibleDirection,BasicSolution
collatz_iterate_halving,collatzStepMap
LinearOptimization.fourier_motzkin_projection,FourierMotzkinStep
monopoly_revenue_subexponential_dispersion_bound,weighted_sum_chebyshev_lower_tail_bound
monopoly_revenue_subexponential_dispersion_bound,monopoly_pricing
monopoly_revenue_subexponential_dispersion_bound,subexponential_weighted_sum_chernoff_tail_bound
fta_winding_rootless_boundary_has_lift,fta_winding_homotopy_preserves_lift
PachDeZeeuw.Algebraic.not_coeffLineFactor_dvd_of_root_left_zero_curry_nonassociated,PdzPrelim
PachDeZeeuw.Algebraic.not_coeffLineFactor_dvd_of_root_left_zero_curry_nonassociated,PachDeZeeuw.Algebraic.coeffLineFactor_dvd_of_curry_natDegree_zero_root
KerrBL.hdgKerr_all,KerrBL_Kerr_ClosedForms
KerrBL.hdgKerr_all,KerrBL.hasDerivAt_Sig_r
KerrBL.hdgKerr_all,KerrBL.hasDerivAt_Sig_th
KerrBL.hdgKerr_all,KerrBL.hasDerivAt_Del_r
BanditAlgorithm.partial_monitoring_neighbour_positive_common_point,PartialMonitoringGame
Freiman.gap_forcing_coverage_4,Freiman_gapCertificateData
mme_tau_value_below_base_le_of_asymptoticRank_le,mme_tau_value_le_of_asymptoticRank_le
mme_tau_value_below_base_le_of_asymptoticRank_le,mme_tau_value
mme_tau_value_below_base_le_of_asymptoticRank_le,mme_omega_strassen
PrimalDual.buchbinder_naor_feasible_dual_prevents_failure,pd_unrelated_machines
PrimalDual.buchbinder_naor_feasible_dual_prevents_failure,PrimalDual.pd_weak_duality
PrimalDual.buchbinder_naor_feasible_dual_prevents_failure,PrimalDual.buchbinder_naor_primal_feasible_through
PrimalDual.buchbinder_naor_feasible_dual_prevents_failure,PrimalDual.buchbinder_naor_restrict_dual_through
PrimalDual.buchbinder_naor_feasible_dual_prevents_failure,PrimalDual.buchbinder_naor_primal_objective_identity
ShiShallow.isLocal_gateMatrix,ShiShallow_Circuit
ShiShallow.isLocal_gateMatrix,ShiShallow_Operator
ShiShallow.isLocal_gateMatrix,ShiShallow.isLocal_cnotMatrix
ShiShallow.isLocal_gateMatrix,ShiShallow.isLocal_apply1Matrix
SymplecticFreeModules.canonicalShenLarssonSimplicity,frame_2026_symplectic_free_modules_interfaces
SymplecticFreeModules.canonicalShenLarssonSimplicity,SymplecticFreeModules.canonical_invariant_submodule_dichotomy
mme_CW_auxiliary_inequality,mme_CW_coupled_piece_value
mme_CW_auxiliary_inequality,mme_CW_auxiliary_RHS_one_le
mme_CW_auxiliary_inequality,mme_omega_lt_23737
mme_CW_auxiliary_inequality,mme_CW_auxiliary_RHS
mme_CW_auxiliary_inequality,mme_tau_value_le_of_asymptoticRank_le
mme_CW_auxiliary_inequality,mme_omega_eq_strassen
mme_CW_auxiliary_inequality,mme_CW_square_asymptoticRank_le
mme_CW_auxiliary_inequality,mme_CW_square_laser_value_of_coupled
mme_CW_auxiliary_inequality,mme_omega_strassen
BanditAlgorithm.bandit_high_probability_lower_bound,banditRegret
BanditAlgorithm.bandit_high_probability_lower_bound,BanditAlgorithm.bandit_high_probability_lower_bound_at_gap
BanditAlgorithm.bandit_high_probability_lower_bound,GaussianBandit
ShiShallow.IsLocal.conjTranspose,ShiShallow_Circuit
ShiShallow.IsLocal.conjTranspose,ShiShallow_Operator
OpenGA.areaDensity_eq_energyDensity_iff,OpenGA_AreaEnergyDensities
BanditAlgorithm.linear_bandit_unit_ball_hypercube_regret_sum_lower_bound,BanditAlgorithm.linear_bandit_unit_ball_hypercube_average_reward_upper_bound
BanditAlgorithm.linear_bandit_unit_ball_hypercube_regret_sum_lower_bound,BanditAlgorithm.linear_bandit_unit_ball_stopped_loss_change_of_measure
BanditAlgorithm.linear_bandit_unit_ball_hypercube_regret_sum_lower_bound,LinearBanditProtocol
BanditAlgorithm.thompson_sampling_frequentist_regret,BanditAlgorithm.thompson_sampling_gaussian_asymptotic_regret
BanditAlgorithm.thompson_sampling_frequentist_regret,BanditAlgorithm.thompson_sampling_gaussian_minimax_regret
BanditAlgorithm.thompson_sampling_frequentist_regret,ThompsonSampling
BanditAlgorithm.thompson_sampling_frequentist_regret,banditRegret
BanditAlgorithm.thompson_sampling_frequentist_regret,GaussianBandit
momentAngle_arbitrary_torsion,frame_2026_moment_angle_interfaces
momentAngle_arbitrary_torsion,MomentAngle_arbitraryTorsionNormalForm
Problem97.ConvexIndep.not_collinear_of_card_ge_three,Erdos9796Counting_Foundation
Problem97.ConvexIndep.not_collinear_of_card_ge_three,Erdos9796Counting_Adapter
Problem97.ConvexIndep.not_collinear_of_card_ge_three,Problem97.ConvexIndep.not_wbtw
mme_CW_coupled_low_block_restrict,mme_CW_coupled_value
pd_unrelated_machines,pd_online_trace
pd_unrelated_machines,pd_finite_lp
PachDeZeeuw.Algebraic.factor_intersection_bound,PachDeZeeuw.Algebraic.normalized_factor_irreducible
PachDeZeeuw.Algebraic.factor_intersection_bound,PachDeZeeuw.Algebraic.curry_isPrimitive_of_irreducible_positive_natDegree
PachDeZeeuw.Algebraic.factor_intersection_bound,PachDeZeeuw.Algebraic.zeroCurry_nonvertical_pair_intersection_bound
PachDeZeeuw.Algebraic.factor_intersection_bound,PachDeZeeuw.Algebraic.normalized_factor_degree_le
PachDeZeeuw.Algebraic.factor_intersection_bound,PachDeZeeuw.Algebraic.primitive_nonvertical_pair_intersection_bound
PachDeZeeuw.Algebraic.factor_intersection_bound,PachDeZeeuw.Algebraic.curry_isRelPrime_of_nonassociated_irreducibles
PachDeZeeuw.Algebraic.factor_intersection_bound,PachDeZeeuw.Algebraic.totalDegree_pderiv_le
PachDeZeeuw.Algebraic.factor_intersection_bound,PachDeZeeuw.Algebraic.zeroCurry_zeroCurry_pair_intersection_bound
PachDeZeeuw.Algebraic.factor_intersection_bound,PdzBezout
ShiShallow.conj_mul_eq,ShiShallow.IsLocal.conjTranspose
ShiShallow.conj_mul_eq,ShiShallow_Circuit
ShiShallow.conj_mul_eq,ShiShallow_Operator
BookSixth.ramsey_real_bound,BookSixth
Erdos180.symplecticLineNormalizer_map_left,erdos180_core4
BanditAlgorithm.pmStochPseudoRegret_pair_tradeoff_of_kl,PartialMonitoringStochastic
BanditAlgorithm.pmStochPseudoRegret_pair_tradeoff_of_kl,BanditAlgorithm.bretagnolle_huber_inequality_finite_typeStar
MarkovChainCLT.abs_covariance_le_two_mul_sqrt_phiMixingCoef,MixingCoefficients
MarkovChainCLT.abs_covariance_le_two_mul_sqrt_phiMixingCoef,MarkovChainCLT.indicator_cov_le_phi
Erdos146.hammingBall_card,erdos146_core2
EulerMascheroni.Mixed.local_intersection_algebraicity_conjecture,eulerMascheroni_mixedCover
EulerMascheroni.Mixed.local_intersection_algebraicity_conjecture,EulerMascheroni.Mixed.algebraic_quotient_boundary
EulerMascheroni.Mixed.local_intersection_algebraicity_conjecture,EulerMascheroni.Mixed.mixed_value_coefficient_sum
EulerMascheroni.Mixed.local_intersection_algebraicity_conjecture,EulerMascheroni.Mixed.decaying_algebraic_mixed_quotient_conjecture
MarkovChainCLT.phiMixingCoef_comp_nonneg_le_of_finite,MixingCoefficients
MarkovChainCLT.phiMixingCoef_comp_nonneg_le_of_finite,MarkovChainCLT.processSigma_comp_le
MSKleene.reg_subset_rec,MSKleene_Recognizable
MSKleene.reg_subset_rec,MSKleene.rec_basic
MSKleene.reg_subset_rec,MSKleene_Regular
MSKleene.reg_subset_rec,MSKleene.rec_closed_reg
HairerSPDE.map_add_exists_pos_withDensity_of_finite_norm,HairerSPDE.map_add_eq_withDensity_of_memLp_representer
HairerSPDE.map_add_exists_pos_withDensity_of_finite_norm,HairerSPDE_CameronMartin
HairerSPDE.map_add_exists_pos_withDensity_of_finite_norm,HairerSPDE.exists_memLp_two_representer_of_finite_norm
Erdos180.symmetricGraphLine_coordinateCenter_common_point_iff,erdos180_core4
Erdos180.symmetricGraphLine_coordinateCenter_common_point_iff,Erdos180.symmetricQuadratic_eq_bilinear
Freiman.form_orbit_spectrum_criterion,Freiman.form_minimum_identity
Freiman.form_orbit_spectrum_criterion,Freiman_reducedForms
Freiman.form_orbit_spectrum_criterion,Freiman.form_orbit_localValue
Freiman.form_orbit_spectrum_criterion,Freiman.positive_reciprocal_infimum_iff
BanditAlgorithm.linear_bandit_fixed_direction_supermartingale,SelfNormalizedProcess
Erdos390.eventual_central_tail_split,erdos390_problem
DiazModulus.diaz_of_exp_eq_one,DiazModulus
DiazModulus.diaz_of_exp_eq_one,DiazModulus.pi_transcendental
momentAngle_fourSphere_uniformTorsionBlocks,momentAngle_fullSubcomplex_h1_homology
momentAngle_fourSphere_uniformTorsionBlocks,frame_2026_moment_angle_interfaces
momentAngle_fourSphere_uniformTorsionBlocks,momentAngle_fullNeighborlyTwoComplex_h1_loopHomology
momentAngle_fourSphere_uniformTorsionBlocks,momentAngle_exists_full_neighborly_twoComplex_blocks
PrimalDualOnline.SetCover.packing_le_fractional,PrimalDualOnline_SetCover
Freiman.separated_copies_alphabet,Freiman_wordRealization
mme_CW_subrank_capacity_poly_lower,mme_laser_value_lower_bound_wz_poly
mme_CW_subrank_capacity_poly_lower,mme_subrank_capacity_poly
mme_CW_subrank_capacity_poly_lower,mme_CW_laser_witness
mme_CW_subrank_capacity_poly_lower,mme_CW_tensor
mme_CW_subrank_capacity_poly_lower,mme_laser_value_lower_bound
mme_CW_subrank_capacity_poly_lower,mme_CW_laser_witness_wz
mme_CW_square_laser_2376_cofinal_extraction_below_of_coupled_below,mme_CW_square_laser_2376_tensor_extraction_below
mme_CW_square_laser_2376_cofinal_extraction_below_of_coupled_below,mme_CW_auxiliary_RHS
mme_CW_square_laser_2376_cofinal_extraction_below_of_coupled_below,mme_CW_2376_choose_coupled_base_below
mme_CW_square_laser_2376_cofinal_extraction_below_of_coupled_below,mme_CW_tensor
mme_CW_square_laser_2376_cofinal_extraction_below_of_coupled_below,mme_CW_coupled_value
EulerMascheroni.Arithmetic.pade_binomial_identity,eulerMascheroni_padeTransform
EulerMascheroni.Arithmetic.pade_binomial_identity,EulerMascheroni.Arithmetic.quotient_coefficient_properties
EulerMascheroni.Arithmetic.pade_binomial_identity,EulerMascheroni.Arithmetic.binomial_transform_recurrence
Hatcher.loop_homotopic_omegaLoopN,Hatcher_Circle
goldbach,goldbach_large
mme_dwz_flat_seven_eighths_restrict_standard,mme_dwz_grouped_seven_eighths_restrict_standard
buying_to_bundle_market,monopoly_pricing
mme_cyclicSymmetrization_public_perm,mme_permutation
mme_cyclicSymmetrization_public_perm,mme_CW_coupled_value
mme_degenerate_pow_rank_bound,mme_kronPow_degenerate
mme_degenerate_pow_rank_bound,mme_poly_root_tendsto_one
mme_degenerate_pow_rank_bound,mme_degenerate_rank_le
HarmonicBuildingKL.homogeneousOrderDenominatorDividesWeylWD,frame_2026_harmonic_building_conical
HarmonicBuildingKL.homogeneousOrderDenominatorDividesWeylWD,euclidean_building_directions
Freiman.separated_peaks,Freiman.hasFiniteLimsup_lower_of_subsequence
Freiman.separated_peaks,Freiman.separated_copies_alphabet
Freiman.separated_peaks,Freiman.separated_copies_limit_bound
Freiman.separated_peaks,Freiman.finite_exception_alphabet
Freiman.separated_peaks,Freiman.separated_copies_exist
Freiman.separated_peaks,Freiman_wordRealization
Freiman.separated_peaks,Freiman.separated_copies_centers
Freiman.separated_peaks,Freiman.localValue_eventual_upper_of_limit_bounds
Freiman.separated_peaks,Freiman.lagrange_symbolic
MarkovChainCLT.tendstoInMeasure_inv_sqrt_coord_sub,MarkovChainCLT.map_coord_chainMeasure
MarkovChainCLT.tendstoInMeasure_inv_sqrt_coord_sub,MarkovChainPathMeasure
MarkovChainCLT.tendstoInMeasure_inv_sqrt_coord_sub,MarkovErgodicity
Vertex,Polyhedron
CirclePackingConstants.c_n_thirty_six,CirclePackingConstants
arrivedSojournRate_tendsto,queueing_continuous_time
Leopoldt.leopoldt_CM,Leopoldt.leopoldt_totallyReal
Leopoldt.leopoldt_CM,LeopoldtDefect
Leopoldt.leopoldt_CM,Leopoldt.defect_maximalRealSubfield_pos_of_defect_pos
HarmonicBuildingKL.circleLiftsToClosedBilliardsPathWD,frame_2026_harmonic_building_conical
HarmonicBuildingKL.circleLiftsToClosedBilliardsPathWD,spherical_great_circle
HarmonicBuildingKL.circleLiftsToClosedBilliardsPathWD,euclidean_building_directions
CannonFloydParry.mem_closure_commutator_supp_Icc,CannonFloydParry
Erdos183.one_le_log_nat_of_three_le,erdos183_core
DKFAsymptotics_Assumptions,DKFAsymptotics_Filter
EulerMascheroni.Arithmetic.factorial_denominators_iff_prime_local_endpoints,EulerMascheroni.Arithmetic.quotient_coefficient_properties
EulerMascheroni.Arithmetic.factorial_denominators_iff_prime_local_endpoints,EulerMascheroni.Arithmetic.integral_of_prime_local_multiples
EulerMascheroni.Arithmetic.factorial_denominators_iff_prime_local_endpoints,eulerMascheroni_factorialQuotient
OpenGA.SurgeryTopologyEvolution.finiteExtinction_of_width_control,OpenGA_ExtinctionWidthControl
OpenGA.SurgeryTopologyEvolution.finiteExtinction_of_width_control,OpenGA.WidthComparisonTrace.le_extinctionTime
OpenGA.SurgeryTopologyEvolution.finiteExtinction_of_width_control,OpenGA_WidthExtinctionTime
Freiman.middle_secondary_four_bound,Freiman.cf_convergence
Freiman.middle_secondary_four_bound,Freiman_middleRoots
ExcursionCoupling.coupling_eq_of_concentrated_on_paired_routes,ExcursionCoupling.coupling_eq_on_non_atom_pairs
ExcursionCoupling.coupling_eq_of_concentrated_on_paired_routes,ExcursionCoupling.coupling_eq_on_atom_pairs
ExcursionCoupling.coupling_eq_of_concentrated_on_paired_routes,excursion_coupling
ZetaInvBnd,Rectangle_defs
ZetaInvBnd,ZetaInvBound2
ZetaInvBnd,ZetaBounds_defs
ZetaInvBnd,EulerMaclaurin_defs
ZetaInvBnd,UpperBnd_aux
ZetaInvBnd,logt_gt_one
ZetaInvBnd,ZetaInvBnd_aux
ZetaInvBnd,Fourier_defs
ZetaInvBnd,ZetaInvBnd_aux_prime
ZetaInvBnd,ResidueCalcOnRectangles_defs
ZetaInvBnd,Zeta_diff_Bnd
collatz_iterate_pos,collatzStepMap
ConvexOptimization.slater_strong_duality,ConvexOptimization_lagrangeDuality
ConvexOptimization.slater_strong_duality,ConvexOptimization.slater_supporting_multipliers
FLTPrelim_Ramification,FLTPrelim_GaloisRep
FLTPrelim_Ramification,FLTPrelim_FreyPackage
BSD.birch_swinnerton_dyer_of_analyticOrderAt_le_one,BSD
CircleMethod.norm_weylSum_le,CircleMethod.norm_e
CircleMethod.norm_weylSum_le,CircleMethod_weylsum
Erdos180.proposedFamilyFree_minDegree_polynomial_le,Erdos180.proposedFamilyFree_six_cycle
Erdos180.proposedFamilyFree_minDegree_polynomial_le,erdos180_core4
Erdos180.proposedFamilyFree_minDegree_polynomial_le,Erdos180.kQuotient_mem_proposedFamily
Erdos180.proposedFamilyFree_minDegree_polynomial_le,Erdos180.quantitative_bad_vertex_heavy_triple_bound
Erdos180.proposedFamilyFree_minDegree_polynomial_le,Erdos180.card_nonbacktrackingNeighbor
Erdos180.proposedFamilyFree_minDegree_polynomial_le,Erdos180.fintype_card_sigma_lower
Erdos180.proposedFamilyFree_minDegree_polynomial_le,Erdos180.mem_gammaBadVertices
Erdos180.proposedFamilyFree_minDegree_polynomial_le,Erdos180.proposedFamilyFree_four_cycle
HarmonicBuilding.orderAtLeastOne,frame_2026_harmonic_building_interfaces
GameSetMatch.majorityAdv_odd_succ_sub,GameSetMatchInternal
BunkbedAux.reach_image_map,BunkbedPercolation
TarchaBraids.thm_3_15_half_twists_satisfy_relations,BraidsLinksMCG_ConfigSpace
TarchaBraids.thm_3_15_half_twists_satisfy_relations,TarchaBraids_HalfTwist
TarchaBraids.thm_3_15_half_twists_satisfy_relations,BraidsLinksMCG_ArtinBraidGroup
Hadamard.odd_multiplier_exists,Hadamard.exists_orthogonal_pm_one
mme_mmobj_mul,mme_omega
mme_mmobj_mul,mme_tensor_quotient
mme_mmobj_mul,mme_tensor
mme_mmobj_mul,mme_tensor_rank
BanditAlgorithm.exp4_estimate_advantage_bound,ContextualAdversarialBandit
BanditAlgorithm.exp4_estimate_advantage_bound,BanditAlgorithm.exp4_mixture_estimate_expectation_eq_reward
BanditAlgorithm.exp4_estimate_advantage_bound,BanditAlgorithm.exp4_quadratic_mass_expectation_bound
BanditAlgorithm.exp4_estimate_advantage_bound,exp4Policy
BanditAlgorithm.exp4_estimate_advantage_bound,BanditAlgorithm.exp4_expected_potential_bound
I1Bound,MediumPNT_defs
I1Bound,EulerMaclaurin_defs
I1Bound,MellinOfSmooth1b
I1Bound,integral_evaluation
I1Bound,triv_bound_zeta
I1Bound,logt_gt_one
I1Bound,Fourier_defs
I1Bound,SmoothedChebyshevPull1_aux_integrable
binomial_lower_tail_at_matrix_sample_mean_ge_half,binomial_lower_tail_at_integer_mean_ge_half
binomial_lower_tail_at_matrix_sample_mean_ge_half,matrix_completion_fixed_cardinality
MTT.Cohomology.integral_finite_generation,MTT_Cohomology
ZetaBounds_defs,Rectangle_defs
ZetaBounds_defs,EulerMaclaurin_defs
ZetaBounds_defs,Fourier_defs
ZetaBounds_defs,ResidueCalcOnRectangles_defs
Problem97.MEC.mec_center_mem_convexHull_boundary,Erdos9796Counting_Foundation
Problem97.MEC.mec_center_mem_convexHull_boundary,Erdos9796Counting_MEC_Boundary
Problem97.MEC.mec_center_mem_convexHull_boundary,Erdos9796Counting_Adapter
Problem97.MEC.mec_center_mem_convexHull_boundary,Erdos9796Counting_MEC_Basic
CirclePackingConstants.c_n_six,CirclePackingConstants
sgl_block_counting,sgl_vote_bridge
sgl_block_counting,sgl_amplification_counting
LinearOptimization.polyhedron_bounded_convex_hull_extreme,Polyhedron
LinearOptimization.polyhedron_bounded_convex_hull_extreme,LinearOptimization.lp_basic_solutions_finite
LinearOptimization.polyhedron_bounded_convex_hull_extreme,LinearOptimization.lp_vertex_extreme_bfs_equiv
LinearOptimization.polyhedron_bounded_convex_hull_extreme,LinearOptimization.polyhedron_closed
PachDeZeeuw.Algebraic.zeroSet_subset_normalizedFactor_union,PdzPrelim
MarkovMixing.glauber_stationary,mm_mcmc
MTT.Cohomology.eichler_shimura_span,MTT.Cohomology.parabolic_period_cocycle_surjective
MTT.Cohomology.eichler_shimura_span,MTT_Cohomology_Integration
MTT.Cohomology.eichler_shimura_span,MTT_Cohomology_Boundary
MTT.Cohomology.eichler_shimura_span,MTT.Cohomology.reflection_class
CannonFloydParry.exists_standardDyadicPartition_of_isThompson,CannonFloydParry
BanditAlgorithm.klucb_index_threshold_feasible,klucbTruncatedRelativeEntropy
flt5_descent_step,flt5_descent_from_pow4
flt5_descent_step,flt5_pow4_dvd_sum
CollatzMission.collatz_of_no_cycles_and_no_divergence,CollatzMission
Erdos9796Counting_Cap_PartitionFromMEC,Erdos9796Counting_Moser_Triangle
Erdos9796Counting_Cap_PartitionFromMEC,Erdos9796Counting_Adapter
Erdos9796Counting_Cap_PartitionFromMEC,Erdos9796Counting_MEC_Basic
Erdos9796Counting_Cap_PartitionFromMEC,Erdos9796Counting_Moser_TriangleNonObtuse
Erdos9796Counting_Cap_PartitionFromMEC,Erdos9796Counting_Cap_Structure
buying_to_bundle_bernoulli_product_sum_abs_mean_le,finite_integral_abs_sub_integral_le_sqrt_variance
Freiman.gap_reflect_capped,Freiman_gapModel
Freiman.gap_reflect_capped,Freiman.gap_reflection
RybinAI2026.P01.matrix_integral_inequality_integer_gram_small_regularizer,RybinAI2026.P01.matrix_integral_inequality_scalar_threshold
RybinAI2026.P01.matrix_integral_inequality_integer_gram_small_regularizer,RybinAI2026.P01.matrix_integral_inequality_integer_gram_overlapping_spectra
RybinAI2026.P01.matrix_integral_inequality_integer_gram_small_regularizer,rybin2026_p01_matrix_integral
BanditAlgorithm.thompson_sampling_pull_count_bound_exact_ranks,BanditPolicy
BanditAlgorithm.thompson_sampling_pull_count_bound_exact_ranks,ThompsonSampling
mme_more_asymmetry_entropy_regional_surplus_certificate,mme_entropy_regional_CW_recipe
mme_more_asymmetry_entropy_regional_surplus_certificate,mme_entropy_surplus_arith
mme_more_asymmetry_entropy_regional_surplus_certificate,mme_entropy_regional_witness
Freiman.cf_convergence,Freiman_cfValue
Erdos180.proposedFamily_even_characteristic_avoidance,erdos180_core4
Erdos180.proposedFamily_even_characteristic_avoidance,Erdos180.symplecticQuadrangle_no_encoded_jQuotient_of_char_two
CircleMethod.nrm_add_intCast,CircleMethod_char
Freiman.integerDistance_integer_translate,Freiman_perronArithmetic
Vino.continuous_e,CircleMethod_char
TaoFivePrimes.representationCount_pos,TaoFivePrimes.minor_arc_L2_corrected
TaoFivePrimes.representationCount_pos,TaoFivePrimes_FourierRepresentation
TaoFivePrimes.representationCount_pos,TaoFivePrimes.minor_arc_bound
TaoFivePrimes.representationCount_pos,TaoFivePrimes.minor_arc_Linfty_corrected
TaoFivePrimes.representationCount_pos,TaoFivePrimes_RepresentationCount
TaoFivePrimes.representationCount_pos,TaoFivePrimes.representationCount_fourier
TaoFivePrimes.representationCount_pos,TaoFivePrimes_ArcSplit
TaoFivePrimes.representationCount_pos,TaoFivePrimes.strongly_major_arc
ExcursionCoupling.excursionCouplingMeasure_isProbabilityMeasure_and_marginals,ExcursionCoupling.crossing_measures_marginals
ExcursionCoupling.excursionCouplingMeasure_isProbabilityMeasure_and_marginals,JuilletExcursionCoupling
opg500_eight_vertex_graph,opg500_weighted_cycle_models
BanditPolicy,StochasticBandit
HefferonLinAlg.jordan_string_basis,HefferonLinAlg.nilpotent_string_basis
BanditAlgorithm.ucb_suboptimal_arm_expected_pull_count_ceiling_bound,BanditAlgorithm.ucb_suboptimal_arm_good_event
BanditAlgorithm.ucb_suboptimal_arm_expected_pull_count_ceiling_bound,ucbPolicy
BanditAlgorithm.ucb_suboptimal_arm_expected_pull_count_ceiling_bound,banditRegret
goldbach_odd_variant,WeakGoldbach.three_odd_primes_ge_10pow27
goldbach_odd_variant,strong_goldbach_conjecture
goldbach_odd_variant,WeakGoldbach.verified_three_primes_to_8875e30
SipserGacsLautemann.ternary_amplified_verifier_poly_time,sipser_gacs_lautemann
SipserGacsLautemann.ternary_amplified_verifier_poly_time,SipserGacsLautemann.polynomial_time_verifier_aggregation
SipserGacsLautemann.ternary_amplified_verifier_poly_time,sgl_verifier_constructions
mme_restrict_kronPow,mme_tensor_quotient
MSKleene_Regular,MSKleene_Recognizable
MSKleene_Regular,MSKleene_RegAlgebra
OpenGA.SurgeryTopologyEvolution.topology_from_extinction,OpenGA_SurgeryTopologyEvolution
Hirsch.polynomial_access_to_given_supporting_face,Hirsch.polynomial_edge_refinement_of_circuit_walks
Hirsch.polynomial_access_to_given_supporting_face,Hirsch_model
Hirsch.polynomial_access_to_given_supporting_face,Hirsch.cubic_circuit_walk_bound
VectorSpaceOpt.integrable_backward_adjoint_exists,VectorSpaceOpt_optimal_control
VectorSpaceOpt.integrable_backward_adjoint_exists,VectorSpaceOpt.integrable_volterra_surjective
MarkovChainCLT.traj_map_shift_add_eq_comp_iter,MarkovChainCLT.markovChainKernel_map_shift_iter
MarkovChainCLT.traj_map_shift_add_eq_comp_iter,MarkovChainCLT.traj_map_shift_eq_comap
MarkovChainCLT.traj_map_shift_add_eq_comp_iter,MarkovChainPathMeasure
MarkovChainCLT.traj_map_shift_add_eq_comp_iter,MarkovIterKernel
SymplecticFreeModules.canonicalDegreeWeightStructure,frame_2026_symplectic_free_modules_interfaces
syracuse_four_cycle_eq_one,syracuseStep
Erdos183.factorial_exp_lower,erdos183_core
momentAngle_h1_selfComplex_topSummand,frame_2026_moment_angle_interfaces
momentAngle_h1_selfComplex_topSummand,momentAngle_topSummand_allDegrees_homology
ConvexOptimization.backtracking_selects_unit_of_armijo,ConvexOptimization_IsBacktrackingStep
ShiShallow.acceptProb_eq_of_agree_on_cone,ShiShallow_Cone
ShiShallow.acceptProb_eq_of_agree_on_cone,ShiShallow_Circuit
ShiShallow.acceptProb_eq_of_agree_on_cone,ShiShallow.acceptProb_eq_conj_entry
ShiShallow.acceptProb_eq_of_agree_on_cone,ShiShallow.IsLocal.diag_congr
ShiShallow.acceptProb_eq_of_agree_on_cone,ShiShallow_Operator
ShiShallow.acceptProb_eq_of_agree_on_cone,ShiShallow.isLocal_conj_circuit
ShiShallow.acceptProb_eq_of_agree_on_cone,ShiShallow.isLocal_projOut
mme_CW_coupled_pruning_ratio,mme_CW_coupled_value
Chou.hasPackingProperty_of_commGroup_of_fg,CannonFloydParry.not_elementaryAmenable_F
Chou.hasPackingProperty_of_commGroup_of_fg,CannonFloydParry.no_free_subgroup_of_rank_two
Chou.hasPackingProperty_of_commGroup_of_fg,Chou_ElementaryAmenable
Chou.hasPackingProperty_of_commGroup_of_fg,Chou_Classes
WeightedRootIntegralIdentity.weighted_geometric_mean_integral_identity,WeightedRootIntegralIdentity.weighted_geometric_mean_cauchy_boundary_integral
WeightedRootIntegralIdentity.weighted_geometric_mean_integral_identity,WeightedRootIntegralIdentity.weighted_root_complex_boundary_jump
mme_more_asymmetry_integer_regional_surplus_certificate,mme_integer_regional_CW_recipe
mme_more_asymmetry_integer_regional_surplus_certificate,mme_more_asymmetry_entropy_regional_surplus_certificate
mme_more_asymmetry_integer_regional_surplus_certificate,mme_entropy_regional_recipe_compilation
GameSetMatch.symmetric_rule_le_majority,GameSetMatchInternal
PrimalDualOnline.SkiRental.algX_monotone,PrimalDualOnline_SkiRentalAlg
PrimalDualOnline.SkiRental.algX_monotone,PrimalDualOnline_SkiRentalLP
Erdos9796FiniteNine.form_a_v1,Erdos9796FiniteNine_N4dPackets
Erdos9796FiniteNine.form_a_v1,Erdos9796FiniteNine.form_b_v2
Erdos9796FiniteNine.form_a_v1,Erdos9796FiniteNine.n4e_core
Erdos9796FiniteNine.form_a_v1,Erdos9796FiniteNine_N8Interface
BanditAlgorithm.partial_monitoring_hard_game_tradeoff,BanditAlgorithm.partial_monitoring_hard_geometric_alternatives
BanditAlgorithm.partial_monitoring_hard_game_tradeoff,PartialMonitoringGame
BanditAlgorithm.partial_monitoring_hard_game_tradeoff,BanditAlgorithm.partial_monitoring_tradeoff_of_geometric_alternatives
mme_stothers_fourth_block_support_exact,mme_stothers_fourth_block_zero_of_grade_sum_ne_eight
mme_stothers_fourth_block_support_exact,mme_CW_fourth_canonical_support_exact
mme_stothers_fourth_block_support_exact,mme_stothers_fourth_block_nonzero_of_grade_sum_eight
mme_stothers_fourth_block_support_exact,mme_stothers_fourth_data
MarkovChainCLT.rho_mixing_exp_of_geometric_reversible,MixingCoefficients
MarkovChainCLT.rho_mixing_exp_of_geometric_reversible,MarkovChainCLT.exponential_decay_of_submultiplicative
MarkovChainCLT.rho_mixing_exp_of_geometric_reversible,MarkovChainCLT.rhoMixingCoef_chain_bounds_submultiplicative
MarkovChainCLT.rho_mixing_exp_of_geometric_reversible,MarkovChainPathMeasure
MarkovChainCLT.rho_mixing_exp_of_geometric_reversible,MarkovChainCLT.rhoMixingCoef_one_lt_one_of_geometric_reversible
MarkovChainCLT.rho_mixing_exp_of_geometric_reversible,MarkovErgodicity
PrimalDualOnline.SkiRental.alg_dual_feasible,PrimalDualOnline_SkiRentalAlg
PrimalDualOnline.SkiRental.alg_dual_feasible,PrimalDualOnline_SkiRentalLP
MarkovMixing.strong_stationary_bound,mm_stopping
MarkovMixing.strong_stationary_bound,MarkovMixing.exists_stationary_pos
MarkovMixing.strong_stationary_bound,MarkovMixing.sep_le_stopping_tail
MarkovMixing.strong_stationary_bound,MarkovMixing.tv_le_sep
MarkovMixing.strong_stationary_bound,MarkovMixing.stationary_unique
Davenport.zeta_zero_free_region_large_height,Davenport.zeta_zero_free_region
Davenport.zeta_zero_free_region_large_height,Davenport.neg_logDeriv_zeta_le_zero_term
Davenport.zeta_zero_free_region_large_height,Davenport.logDeriv_three_four_one
Davenport.zeta_zero_free_region_large_height,Davenport.neg_logDeriv_trivChar_le_pole
Davenport.zeta_zero_free_region_large_height,Davenport.neg_logDeriv_trivChar_le
GameSetMatch.winLossAdv_one_eq_majorityAdv,GameSetMatchInternal
Freiman_prefixEval,Freiman_cfValue
collatz_descent_twentyseven_mod_thirtytwo,syracuse_descent_twentyseven_mod_thirtytwo
collatz_descent_twentyseven_mod_thirtytwo,collatz_descent_of_syracuse_descent
collatz_descent_twentyseven_mod_thirtytwo,collatzStepMap
EulerMascheroni.gamma_irrational_of_linear_forms,eulerMascheroni_gompertz
Erdos390.eventual_guarded_central_residual_split,Erdos390.eventual_guarded_four_family_assembly
Erdos390.eventual_guarded_central_residual_split,erdos390_problem
Erdos390.eventual_guarded_central_residual_split,Erdos390.three_family_residual_union_assembly
Vino.singSeriesDvd_ne_zero_of_odd,Vino.singSeriesDvd_eq_prod
Vino.singSeriesDvd_ne_zero_of_odd,Vino.prod_threePrimeFactor_pos
Vino.singSeriesDvd_ne_zero_of_odd,Vino_ramanujan
mme_omega_pos,mme_omega
mme_omega_pos,mme_flattening
mme_omega_pos,mme_tensor
mme_omega_pos,mme_tensor_rank
mme_omega_pos,mme_omega_strassen
MTT.Cohomology.cuspPrimitive_slash_relation,MTT_Cohomology_Integration
mme_recursive_region_hash_loads,mme_common_hash_scale
mme_recursive_region_hash_loads,mme_recursive_yz_hash_filter
HorizontalPadicL.eigenform_horizontalPadicLFunction_exists,KN_HorizontalPadicLFunction
ConvexOptimization.sc_newton_decrement_contraction,ConvexOptimization_selfConcordance
SymplecticFreeModules.classificationExhaustive,frame_2026_symplectic_free_modules_interfaces
BunkbedFalse.wz_diff_poly,BunkbedTM.delta_contract
BunkbedFalse.wz_diff_poly,BunkbedTM.class_products
BunkbedFalse.wz_diff_poly,BunkbedWZPoly
BunkbedFalse.wz_diff_poly,BunkbedTM.profile_indicator
BunkbedFalse.wz_diff_poly,BunkbedTM.transfer_eval
Davenport.siegel_walfisz_char,Davenport.psi_char_of_region
Davenport.siegel_walfisz_char,Davenport.siegel_zero
Davenport.siegel_walfisz_char,Davenport_siegelWalfisz
Davenport.siegel_walfisz_char,Davenport.zero_free_region
Davenport.siegel_walfisz_char,Vino_threeprimes
Vaughan.norm_vmSum_minor_le,CircleMethod.nrm_eq_zero_iff
Vaughan.norm_vmSum_minor_le,CircleMethod.nrm_pos_of_not_int
Vaughan.norm_vmSum_minor_le,CircleMethod.norm_sum_e_le
Vaughan.norm_vmSum_minor_le,CircleMethod.nrm_le
Vaughan.norm_vmSum_minor_le,CircleMethod.norm_sum_e_le_inv_nrm
Vaughan.norm_vmSum_minor_le,CircleMethod.nrm_triangle
Vaughan.norm_vmSum_minor_le,Vino_vaughan
Vaughan.norm_vmSum_minor_le,Vino.psi_le
Vaughan.norm_vmSum_minor_le,CircleMethod.nrm_neg
Vaughan.norm_vmSum_minor_le,CircleMethod.aux_sum_min_le
Vaughan.norm_vmSum_minor_le,CircleMethod.norm_e
Vaughan.norm_vmSum_minor_le,CircleMethod.nrm_nonneg
Vaughan.norm_vmSum_minor_le,CircleMethod.e_neg
Vaughan.norm_vmSum_minor_le,CircleMethod.e_add
CannonFloydParry.existsUnique_normalForm,CannonFloydParry_TreeDiagrams
CannonFloydParry.existsUnique_normalForm,CannonFloydParry
CannonFloydParry.existsUnique_normalForm,CannonFloydParry_Trees
Erdos390.erdos390,Erdos390.eventual_scaled_upper_bound
Erdos390.erdos390,erdos390_problem
Erdos390.erdos390,Erdos390.eventual_thirteen_layer_lower_bound
Freiman.separated_copies_limit_bound,Freiman.avoid_coordinate_limit
Freiman.separated_copies_limit_bound,Freiman.separated_copies_avoid
Freiman.separated_copies_limit_bound,Freiman.background_avoiding
Freiman.separated_copies_limit_bound,Freiman.avoid_shift
Freiman.separated_copies_limit_bound,Freiman.localValue_shift
Freiman.separated_copies_limit_bound,Freiman_wordRealization
Freiman.separated_copies_limit_bound,Freiman.separated_copies_limit_classification
Freiman.separated_copies_limit_bound,Freiman.background_unrestricted
DiazModulus.diaz_on_axes_of_hermite_lindemann,DiazModulus
DiazModulus.diaz_on_axes_of_hermite_lindemann,Diaz.algebraic_of_axis
FLTPrelim_ModularRep,FLTPrelim_GaloisRep
FLTPrelim_ModularRep,FLTPrelim_FreyPackage
FLTPrelim_ModularRep,FLTPrelim_Modularity
Erdos146.twoDegenerateExtremalCounterexample,Erdos146.eventually_manuscriptVertexCount_power_le_extremalNumber
Erdos146.twoDegenerateExtremalCounterexample,Erdos146.entropyUpperEndpoint_lt_one
Erdos146.twoDegenerateExtremalCounterexample,Erdos146.CompactnessConjecture.free_map_of_no_isolated
Erdos146.twoDegenerateExtremalCounterexample,Erdos146.pairGraph_parent_child_adj
Erdos146.twoDegenerateExtremalCounterexample,Erdos146.ParentSystem.graph_adj_iff
Erdos146.twoDegenerateExtremalCounterexample,Erdos146.hammingRetentionProbability_mul_wordCount_eq_exp
Erdos146.twoDegenerateExtremalCounterexample,Erdos146.pairGraphOverFin_connected
Erdos146.twoDegenerateExtremalCounterexample,erdos146_core2
Erdos146.twoDegenerateExtremalCounterexample,Erdos146.manuscriptExtremalPower_pos
Erdos146.twoDegenerateExtremalCounterexample,Erdos146.exponentGain_pos
Erdos146.twoDegenerateExtremalCounterexample,Erdos146.hammingRetentionProbability_mul_wordCount_tendsto_atTop
Erdos146.twoDegenerateExtremalCounterexample,Erdos146.pairGraphOverFin_forall_exists_adj
mme_CW_q6_coupled_tensor_extraction_below_raw_of_pruning,mme_cyclicSymmetrization_kronPow_isomorphic
mme_CW_q6_coupled_tensor_extraction_below_raw_of_pruning,mme_Ctensor_one_H_one_outer_family_direct_finite_extraction
mme_CW_q6_coupled_tensor_extraction_below_raw_of_pruning,mme_CW_q6_primary_hash_Ctensor_outer_middle_certificates
mme_CW_q6_coupled_tensor_extraction_below_raw_of_pruning,mme_CW_q6_primary_profile_capacity_quarter_root
mme_CW_q6_coupled_tensor_extraction_below_raw_of_pruning,mme_tensor_quotient
mme_CW_q6_coupled_tensor_extraction_below_raw_of_pruning,mme_CW_coupled_value
mme_CW_q6_coupled_tensor_extraction_below_raw_of_pruning,mme_CW_q6_coupled_survivors_assemble_MM
mme_CW_q6_coupled_tensor_extraction_below_raw_of_pruning,mme_MM_induced_matching_quarter_root_absorption
mme_CW_q6_coupled_tensor_extraction_below_raw_of_pruning,mme_CW_q6_coupled_hash_survivors_below_raw
RybinAI2026.P16.complete_MUB_dimension_six,rybin2026_p16_mutually_unbiased_bases
RybinAI2026.P16.complete_MUB_dimension_six,RybinAI2026.P16.six_mutually_unbiased_hadamards
RybinAI2026.P16.complete_MUB_dimension_six,RybinAI2026.P16.projectiveToricMUBDesign36_exists
RybinAI2026.P16.complete_MUB_dimension_six,RybinAI2026.P16.completeMUB6_iff_projectiveToricDesign36
Hirsch.bounded_clip_diameter_le_outer_add_cut_face_add_one,Hirsch_model
Hirsch.bounded_clip_diameter_le_outer_add_cut_face_add_one,Hirsch.larman_bound
PrimalDual.buchbinder_naor_machine_load_bound,pd_unrelated_machines
MarkovChainCLT.partialTraj_succ_self_apply_eq_map,MarkovChainPathMeasure
mme_subrankCapacityPoly_ge_of_witnesses,mme_flatteningRank_MMObj_ca
mme_subrankCapacityPoly_ge_of_witnesses,mme_subrank_capacity_poly
mme_subrankCapacityPoly_ge_of_witnesses,mme_flatteningRank_MMObj_ab
mme_subrankCapacityPoly_ge_of_witnesses,mme_flattening
mme_subrankCapacityPoly_ge_of_witnesses,mme_flatteningRank_MMObj_bc
CodingTheory.macWilliamsIdentity,CodingTheory.hammingCoordinateCharacterSum
CodingTheory.macWilliamsIdentity,CodingTheory.codeCharacterSum
CodingTheory.macWilliamsIdentity,CodingTheory
PrimalDualOnline.SetCover.primalDual_certificate_bound,PrimalDualOnline.SetCover.packing_le_fractional
PrimalDualOnline.SetCover.primalDual_certificate_bound,PrimalDualOnline.SetCover.coverCost_le_maxFrequency_mul_packing
PrimalDualOnline.SetCover.primalDual_certificate_bound,PrimalDualOnline_SetCover
BanditAlgorithm.bernoulliBandit_isSubgaussian_half,bernoulliRelativeEntropy
BanditAlgorithm.gaussian_exact_rank_reciprocal_tail_expectation_bound,BanditAlgorithm.gaussianBandit_isSubgaussian_one
BanditAlgorithm.gaussian_exact_rank_reciprocal_tail_expectation_bound,BanditAlgorithm.bandit_adaptive_stopped_exp_score_lintegral_le_one
BanditAlgorithm.gaussian_exact_rank_reciprocal_tail_expectation_bound,BanditAlgorithm.armStoppedCenteredSum_eq_firstRewardsMean
BanditAlgorithm.gaussian_exact_rank_reciprocal_tail_expectation_bound,ThompsonSampling
BanditAlgorithm.gaussian_exact_rank_reciprocal_tail_expectation_bound,BanditAlgorithm.gaussian_reciprocal_tail_laplace_envelope
BanditAlgorithm.gaussian_exact_rank_reciprocal_tail_expectation_bound,GaussianBandit
HJMEilenberg_Formations,MSKleene_Term
Erdos146.hammingHost_adj_iff,erdos146_core2
Thurston23_mobius,Thurston23_bundle
BanditAlgorithm.partial_monitoring_pareto_cover_ranked_descent,BanditAlgorithm.partial_monitoring_unique_pareto_cell_cover_best
BanditAlgorithm.partial_monitoring_pareto_cover_ranked_descent,BanditAlgorithm.partial_monitoring_duplicate_free_pareto_cell_cover_ranked_descent
BanditAlgorithm.partial_monitoring_pareto_cover_ranked_descent,PartialMonitoringGame
mme_CW_square_laser_value_below_2376_of_coupled_below,mme_CW_square_laser_2376_cofinal_extraction_below_of_coupled_below
mme_CW_square_laser_value_below_2376_of_coupled_below,mme_CW_auxiliary_RHS
mme_CW_square_laser_value_below_2376_of_coupled_below,mme_kron_self_kronPow_isomorphic
mme_CW_square_laser_value_below_2376_of_coupled_below,mme_CW_tensor
mme_CW_square_laser_value_below_2376_of_coupled_below,mme_CW_coupled_value
mme_CW_square_laser_value_below_2376_of_coupled_below,mme_HasTauValueAtLeast_of_cofinal_finite_extractions
CircleMethod.rat_sep,CircleMethod_char
CirclePackingConstants.c_n_two,CirclePackingConstants
Problem97.CGN.CGN4g2_consecutiveTurn_nonpos_of_capBlock,Erdos9796Counting_CGN_CGN4g
Problem97.CGN.CGN4g2_consecutiveTurn_nonpos_of_capBlock,Erdos9796Counting_CGN_CGN
Problem97.CGN.CGN4g2_consecutiveTurn_nonpos_of_capBlock,Erdos9796Counting_Adapter
Hirsch.todd_bound,Hirsch.plane_bound_general
Hirsch.todd_bound,BasicSolution
Hirsch.todd_bound,Vertex
Hirsch.todd_bound,ActiveConstraints
Hirsch.todd_bound,Hirsch_model
Hirsch.todd_bound,LinearOptimization.lp_basic_solutions_finite
Hirsch.todd_bound,Hirsch.graph_connected_general
Hirsch.todd_bound,LinearOptimization.lp_vertex_extreme_bfs_equiv
CircleMethod.norm_sum_e_le,CircleMethod_char
MarkovChainCLT.tendstoInDistribution_of_summable_rho,MarkovChainCLT.uniformIntegrable_sq_partialSum_of_summable_rho
MarkovChainCLT.tendstoInDistribution_of_summable_rho,MixingCoefficients
MarkovChainCLT.tendstoInDistribution_of_summable_rho,MarkovChainCLT.alphaMixingCoef_le_quarter_mul_rhoMixingCoef
MarkovChainCLT.tendstoInDistribution_of_summable_rho,MarkovChainCLT.var_partialSum_div_tendsto_of_summable_cov
MarkovChainCLT.tendstoInDistribution_of_summable_rho,MarkovChainCLT.clt_iff_uniformlyIntegrable_of_alpha_mixing
MarkovChainCLT.tendstoInDistribution_of_summable_rho,MarkovChainCLT.tendstoInDistribution_inv_sqrt_of_normalized
MarkovChainCLT.tendstoInDistribution_of_summable_rho,MarkovChainCLT.tendsto_inv_mul_integral_sq_partialSum
MarkovChainCLT.tendstoInDistribution_of_summable_rho,MarkovChainCLT.clt_of_var_limit_of_summable_rho
ConvexOptimization.prekopa_leindler,ConvexOptimization.prekopa_leindler_one_dimensional
ConvexOptimization.prekopa_leindler,ConvexOptimization.prekopa_leindler_dimension_step
BunkbedAux.xc_block_pos,BunkbedAux.xc_and_A_weight
BunkbedAux.xc_block_pos,BunkbedWZSurgery
BunkbedAux.xc_block_pos,BunkbedAux.A_block_value
MSKleene.subterm_wf,MSKleene_Subterm
MagicSquares.magic_count_three_divisible,MagicSquaresParam3
MagicSquares.magic_count_three_divisible,MagicSquares.param_three_card
MagicSquares.magic_count_three_divisible,MagicSquares
MagicSquares.magic_count_three_divisible,MagicSquares.magic_three_param_bij
Thurston23_eisenstein,Thurston23_mobius
Thurston23_eisenstein,Thurston23_bundle
Vino.prod_threePrimeFactor_pos,Vino_ramanujan
Vino.prod_threePrimeFactor_pos,Vino.threePrimeFactor_pos_of_odd
quadratic_neumann_correction_small_under_general_sample_bound,matrix_completion_neumann
quadratic_neumann_correction_small_under_general_sample_bound,quadratic_neumann_correction_lambda_sample_bound_from_general_bound
quadratic_neumann_correction_small_under_general_sample_bound,quadratic_neumann_correction_lambda_bound_le_one_eighth
quadratic_neumann_correction_small_under_general_sample_bound,quadratic_neumann_correction_small_with_lambda
quadratic_neumann_correction_small_under_general_sample_bound,sample_ratio_between_zero_and_one
quadratic_neumann_correction_small_under_general_sample_bound,bernoulli_neumann_certificate_term_bound_probability_mono
MarkovChainCLT.tendstoInDistribution_of_alpha_pow_summable,MixingCoefficients
MarkovChainCLT.tendstoInDistribution_of_alpha_pow_summable,MarkovChainCLT.charFun_tendsto_of_alpha_pow_summable
RybinAI2026.P16.projectiveToricDesign36_to_completeMUB6,RybinAI2026.P16.projectiveToricDesign36_to_six_hadamards
RybinAI2026.P16.projectiveToricDesign36_to_completeMUB6,mub6_projective_toric_design
RybinAI2026.P16.projectiveToricDesign36_to_completeMUB6,RybinAI2026.P16.hadamards_to_completeMUB6
KServer.exists_lazy_algorithm,KServer_model
GYGraphTheory.cayley_tree_formula,GYGraphTheory.prop_3_7_4
GYGraphTheory.cayley_tree_formula,GYGraphTheory
GYGraphTheory.cayley_tree_formula,GYGraphTheory.prop_3_7_3
MediumPNT,I5Bound
MediumPNT,LogDerivZetaBndUnif
MediumPNT,MediumPNT_defs
MediumPNT,I2Bound
MediumPNT,riemannZeta_conj
MediumPNT,I1Bound
MediumPNT,EulerMaclaurin_defs
MediumPNT,I3Bound
MediumPNT,SmoothedChebyshevPull1
MediumPNT,LogDerivZetaHolcSmallT
MediumPNT,MellinOfSmooth1c
MediumPNT,Smooth1MellinDifferentiable
MediumPNT,deriv_riemannZeta_conj
MediumPNT,intervalIntegral_conj
MediumPNT,I4Bound
MediumPNT,LogDerivZetaHolcLargeT
MediumPNT,SmoothedChebyshevPull2
MediumPNT,logt_gt_one
MediumPNT,SmoothExistence
MediumPNT,Fourier_defs
MediumPNT,SmoothedChebyshevClose
MediumPNT,x_eps_to_inf
mme_bigAdd_fin_mul_isomorphic_nested,mme_rank_bridge
PachDeZeeuw.Algebraic.finite_coeff_roots_of_ne_zero,PdzPrelim
PachDeZeeuw.Algebraic.finite_coeff_roots_of_ne_zero,PachDeZeeuw.Algebraic.coeffEval_eq_eval_XCoeffEquiv
SipserGacsLautemann.cover_verifier_decides_from_machine,sipser_gacs_lautemann
SipserGacsLautemann.cover_verifier_decides_from_machine,SipserGacsLautemann.cover_single_shift_query_decides_from_machine
SipserGacsLautemann.cover_verifier_decides_from_machine,SipserGacsLautemann.cover_bounded_exists_scheduler_from_single_shift
SipserGacsLautemann.cover_verifier_decides_from_machine,sgl_verifier_constructions
WeakGoldbach.three_odd_primes_ge_10pow27,WeakGoldbach.three_odd_primes_10pow27_to_exp3100
WeakGoldbach.three_odd_primes_ge_10pow27,WeakGoldbach.three_odd_primes_ge_exp3100
VectorSpaceOpt_cone_optimization,VectorSpaceOpt_coneLE
VectorSpaceOpt_cone_optimization,VectorSpaceOpt_dualPositive
BanditAlgorithm.bandit_adaptive_stopped_exp_score_lintegral_le_one,ucbStoppedCenteredSum
BertsekasDP.ssp_main_theorem,BertsekasSSPModel
Monotonicity_Theorem.increasing_of_uniform_above_above2,Monotonicity_Theorem_Framework2
Monotonicity_Theorem.increasing_of_uniform_above_above2,Monotonicity_Theorem.infinite_definable_set_contains_interval2
MarkovChainCLT.clt_of_polynomialRate_of_moment,MarkovChainCLT.isStrictlyStationary_comp_of_measurable
MarkovChainCLT.clt_of_polynomialRate_of_moment,MarkovChainCLT.satisfiesCLT_of_centered_functional_clt
MarkovChainCLT.clt_of_polynomialRate_of_moment,MarkovChainCLT.isStrictlyStationary_coord_chainMeasure
MarkovChainCLT.clt_of_polynomialRate_of_moment,MarkovChainCLT.map_coord_chainMeasure
MarkovChainCLT.clt_of_polynomialRate_of_moment,MarkovChainPathMeasure
MarkovChainCLT.clt_of_polynomialRate_of_moment,MarkovChainCLT.alpha_mixing_le_tv_rate
MarkovChainCLT.clt_of_polynomialRate_of_moment,MarkovErgodicity
MarkovChainCLT.clt_of_polynomialRate_of_moment,MarkovChainCLT.clt_of_moment_of_alpha_pow_summable
MarkovChainCLT.clt_of_polynomialRate_of_moment,MarkovChainCLT.alphaMixingCoef_comp_nonneg_le_of_finite
Weil.perron_parameter_choice,Weil_perron
Weil.perron_parameter_choice,Davenport_siegelWalfisz
ExcursionCoupling.coupling_eq_on_open_column,ExcursionCoupling.coupling_eq_of_concentrated_on_paired_routes
ExcursionCoupling.coupling_eq_on_open_column,excursion_coupling
OpenGA.RadialSurgeryVolumeBudget.events_finite,OpenGA_RadialSurgeryVolumeBudget
OpenGA.RadialSurgeryVolumeBudget.events_finite,OpenGA.RadialSurgeryVolumeBudget.removedVolume_lower
BanditAlgorithm.bandit_kl_ucb_regret_bound,BanditAlgorithm.bandit_kl_ucb_finite_regret_bound
BanditAlgorithm.bandit_kl_ucb_regret_bound,banditRegret
BanditAlgorithm.bandit_kl_ucb_regret_bound,BanditAlgorithm.bandit_kl_ucb_asymptotic_regret_bound
BanditAlgorithm.bandit_kl_ucb_regret_bound,bernoulliRelativeEntropy
MellinOfSmooth1b,MellinCalculus_defs
MellinOfSmooth1b,DifferentiableAt.comp_ofReal
MellinOfSmooth1b,Function.support_ofReal
MellinOfSmooth1b,deriv.comp_ofReal
MellinOfSmooth1b,Differentiable.ofReal_comp_iff
MellinOfSmooth1b,MellinOfSmooth1a
MellinOfSmooth1b,deriv.ofReal_comp
shannonEntropy_pigeonhole,DiscreteEntropy
bernoulli_event_probability_mono,matrix_completion_bernoulli
TaoFivePrimes.minor_arc_Linfty,TaoFivePrimes.minor_arc_Linfty_corrected
TaoFivePrimes.minor_arc_Linfty,TaoFivePrimes_ArcSplit
Goldbachs_Weak_Conjecture,WeakGoldbach.verified_three_odd_primes_to_8875e30
Goldbachs_Weak_Conjecture,goldbach
Goldbachs_Weak_Conjecture,WeakGoldbach.three_odd_primes_ge_10pow27
BanditAlgorithm.partial_monitoring_locally_observable_upper_bound_discrete_signals,BanditAlgorithm.partial_monitoring_algorithm26_master_bound
BanditAlgorithm.partial_monitoring_locally_observable_upper_bound_discrete_signals,BanditAlgorithm.pmMinimaxRegret_le_policy_of_unit_losses
BanditAlgorithm.partial_monitoring_locally_observable_upper_bound_discrete_signals,BanditAlgorithm.partial_monitoring_locally_observable_algorithm26_solver
BanditAlgorithm.partial_monitoring_locally_observable_upper_bound_discrete_signals,PartialMonitoringGame
Problem97.exists_cut_sorted_enumeration_of_convexIndep,Erdos9796Counting_Foundation
Problem97.exists_cut_sorted_enumeration_of_convexIndep,Erdos9796Counting_MEC_ArcAngle
Problem97.exists_cut_sorted_enumeration_of_convexIndep,Erdos9796Counting_ConvexCyclicOrder_Construct
Problem97.exists_cut_sorted_enumeration_of_convexIndep,Erdos9796Counting_Adapter
Problem97.exists_cut_sorted_enumeration_of_convexIndep,Problem97.arcAngle_injective_of_center_interior
GameSetMatch.hypergeomWeight_mean,GameSetMatchInternal
MTT.Cohomology.integral_class_hecke,MTT_Cohomology
Erdos180.booleanCut_adj,erdos180_core4
Erdos146.ParentSystem.graph_adj_iff,erdos146_core2
CollatzMission.collatz_of_odd_inputs,CollatzMission
mme_independent_blocks_form_direct_sum_restrict_enum,mme_block_subtensor
mme_independent_blocks_form_direct_sum_restrict_enum,mme_tensor_rank
SipserGacsLautemann.bounded_error_verifier_amplification,sipser_gacs_lautemann
SipserGacsLautemann.bounded_error_verifier_amplification,sgl_amplification_counting
SipserGacsLautemann.bounded_error_verifier_amplification,SipserGacsLautemann.polynomial_time_verifier_aggregation
EulerMascheroni.Arithmetic.factorial_division_decay_conjecture,EulerMascheroni.Arithmetic.factorial_division_denominators_conjecture
EulerMascheroni.Arithmetic.factorial_division_decay_conjecture,EulerMascheroni.Arithmetic.exponential_denominators_imply_pade_decay
EulerMascheroni.Arithmetic.factorial_division_decay_conjecture,eulerMascheroni_padeDecay
MarkovChainCLT.alpha_indicator_cov_le,MixingCoefficients
StabilizerRank.stabRank_hState_not_bigO,StabilizerRank
timeAverageQueueLength_eventually_le_product_add,timeAverageQueueLength_le_arrivedSojournRate_eventually
timeAverageQueueLength_eventually_le_product_add,queueing_continuous_time
timeAverageQueueLength_eventually_le_product_add,arrivedSojournRate_tendsto
FiniteReflectionPositivityMethodsI.zeroModeRestrictionControl,FiniteReflectionPositivityMethodsI
MarkovMixing.distinguishing_statistic_nondegenerate,mm_lower
MarkovMixing.distinguishing_statistic_nondegenerate,MarkovMixing.tv_eq_half_l1
ClockRoPE.posDef_continuous_extension,PositiveDefiniteKernel
Hirsch_recursive_projective_products,Hirsch_model
CollatzMission.odd_inputs_conjecture,CollatzMission
CollatzMission.odd_inputs_conjecture,syracuseStep
CollatzMission.odd_inputs_conjecture,collatz_iterate_pos
CollatzMission.odd_inputs_conjecture,collatz_descent
CollatzMission.odd_inputs_conjecture,collatzStepMap
CollatzMission.odd_inputs_conjecture,collatz_reaches_syracuse_iterate
CollatzMission.odd_inputs_conjecture,CollatzMission.syracuse_odd_conjecture
LinearOptimization.no_arbitrage_iff_state_prices,LinearOptimization.farkas_cone_corollary
UndecidableSpectralGap.usg_spectral_gap_main,usg_spectral_notions
MarkovChainKernel,GittinsIndex
Hatcher.classification_of_covering_spaces,Hatcher_Covering
ZetaLowerBnd,Rectangle_defs
ZetaLowerBnd,ZetaLowerBound3
ZetaLowerBnd,ZetaBounds_defs
ZetaLowerBnd,EulerMaclaurin_defs
ZetaLowerBnd,logt_gt_one
ZetaLowerBnd,Fourier_defs
ZetaLowerBnd,ResidueCalcOnRectangles_defs
ZetaLowerBnd,Zeta_diff_Bnd
ShiShallow.isLocal_conj,ShiShallow.IsLocal.conjTranspose
ShiShallow.isLocal_conj,ShiShallow_Circuit
ShiShallow.isLocal_conj,ShiShallow.IsLocal.mul
ShiShallow.isLocal_conj,ShiShallow_Operator
PachDeZeeuw.Algebraic.card_normalizedFactors_le_totalDegree,PachDeZeeuw.Algebraic.normalized_factor_irreducible
PachDeZeeuw.Algebraic.card_normalizedFactors_le_totalDegree,PdzPrelim
Leopoldt.zpRankBelow_unitClosure_le_add_of_finiteIndex,Leopoldt.le_finrank_of_continuous_injective_semilocalUnits
Leopoldt.zpRankBelow_unitClosure_le_add_of_finiteIndex,Leopoldt.exists_continuous_injective_unitClosure_of_mem_iInf
Leopoldt.zpRankBelow_unitClosure_le_add_of_finiteIndex,LeopoldtDefect
Leopoldt.zpRankBelow_unitClosure_le_add_of_finiteIndex,Leopoldt.exists_semilocalHom
Erdos9796FiniteNine_N4dFormBBranchSupport,Erdos9796FiniteNine_N4dPackets
BanditAlgorithm.gaussian_ts_optimal_exact_rank_reciprocal_tail_sum_uniform,ThompsonSampling
BanditAlgorithm.gaussian_ts_optimal_exact_rank_reciprocal_tail_sum_uniform,BanditAlgorithm.gaussian_exact_rank_reciprocal_tail_exponential_bound
BanditAlgorithm.gaussian_ts_optimal_exact_rank_reciprocal_tail_sum_uniform,GaussianBandit
SymplecticFreeModules.tauFamilyOfPresentation,frame_2026_symplectic_free_modules_interfaces
SymplecticFreeModules.tauFamilyOfPresentation,SymplecticFreeModules.tauFamily_of_hasGeneratorAction
SymplecticFreeModules.tauFamilyOfPresentation,SymplecticFreeModules.generatorActionRepresentationExists
KServer.extended_cost_lemma_injective,KServer.workFn_nil
KServer.extended_cost_lemma_injective,KServer.offlineCost_le_workFn
KServer.extended_cost_lemma_injective,KServer_workfunctionU
KServer.extended_cost_lemma_injective,KServer.workFn_lipschitz
KServer.extended_cost_lemma_injective,KServer.workFn_covered
KServer.extended_cost_lemma_injective,KServer.moveCost_injective_between
KServer.extended_cost_lemma_injective,KServer.workFnU_step_approx
Erdos183.recursivePaletteRamsey_exponential_bound,Erdos183.factorial_exp_lower
Erdos183.recursivePaletteRamsey_exponential_bound,erdos183_core
Erdos183.recursivePaletteRamsey_exponential_bound,Erdos183.exists_recursivePaletteStage
Erdos183.recursivePaletteRamsey_exponential_bound,Erdos183.triangleFree_lt_triangleRamseyNumber
Chou.finite_of_elementaryAmenable_of_isSimpleGroup_of_fg,CannonFloydParry.not_elementaryAmenable_F
Chou.finite_of_elementaryAmenable_of_isSimpleGroup_of_fg,CannonFloydParry.no_free_subgroup_of_rank_two
Chou.finite_of_elementaryAmenable_of_isSimpleGroup_of_fg,Chou_ElementaryAmenable
Chou.finite_of_elementaryAmenable_of_isSimpleGroup_of_fg,Chou_Classes
Vino.threePrimeFactor_two_of_odd,Vino_ramanujan
WeightedRootIntegralIdentity.weighted_root_cpow_zero_boundary,WeightedRootIntegralIdentity.cpow_finset_boundary_product
TaoFivePrimes.three_primes_near,TaoFivePrimes.representationCount_pos
TaoFivePrimes.three_primes_near,TaoFivePrimes.three_primes_of_representationCount_pos
metric_geodesic_angle,metric_npc_cone
bernoulli_tangent_sampling_concentration_under_general_sample_bound,matrix_completion_tangent
bernoulli_tangent_sampling_concentration_under_general_sample_bound,candes_recht_theorem41_bernoulli_tangent_sampling_concentration
MarkovChainCLT.clt_of_uniformly_ergodic,ProbabilityTheory.integrable_of_integrable_sq
MarkovChainCLT.clt_of_uniformly_ergodic,MarkovChainCLT.poissonEquation_ae_of_uniformlyErgodic
MarkovChainCLT.clt_of_uniformly_ergodic,MarkovChainCLT.tendstoInMeasure_inv_sqrt_coord_sub
MarkovChainCLT.clt_of_uniformly_ergodic,MarkovChainCLT.integrable_sq_scaled_sampleAvg
MarkovChainCLT.clt_of_uniformly_ergodic,MarkovChainCLT.clt_of_bounded_of_uniformlyErgodic
MarkovChainCLT.clt_of_uniformly_ergodic,MarkovChainCLT.map_coord_chainMeasure
MarkovChainCLT.clt_of_uniformly_ergodic,MeasureTheory.tendsto_integral_sq_sub_truncation
MarkovChainCLT.clt_of_uniformly_ergodic,MarkovChainCLT.exists_lag_tvDist_le_of_uniformlyErgodic
MarkovChainCLT.clt_of_uniformly_ergodic,MarkovChainCLT.abs_exp_variance_sub_le_of_tendstoInDistribution
MarkovChainCLT.clt_of_uniformly_ergodic,MarkovChainPathMeasure
MarkovChainCLT.clt_of_uniformly_ergodic,MarkovChainCLT.tendstoInDistribution_gaussian_of_L1_approx
MarkovChainCLT.clt_of_uniformly_ergodic,MarkovChainCLT.integral_sq_scaled_sampleAvg_le
MarkovChainCLT.clt_of_uniformly_ergodic,MarkovChainCLT.abs_sub_le_exp_mul_abs_exp_neg_half_sub
MarkovChainCLT.clt_of_uniformly_ergodic,MarkovChainCLT.martingaleCLT_chain
MarkovChainCLT.clt_of_uniformly_ergodic,MarkovErgodicity
MarkovChainCLT.clt_of_uniformly_ergodic,ProbabilityTheory.integral_abs_le_sqrt_integral_sq
MarkovChainCLT.clt_of_uniformly_ergodic,MarkovChainCLT.satisfiesCLT_of_stationary_clt_of_uniformlyErgodic
MarkovChainCLT.clt_of_uniformly_ergodic,MarkovChainCLT.gaussian_variance_le_of_tendstoInDistribution
mme_CW_auxiliary_RHS_one_le,mme_CW_auxiliary_RHS
bp_no_frey_package,bp_S2_Gamma0_2_zero
bp_no_frey_package,bp_frey_package_yields_newform_level_2
mme_asymptotic_sum_inequality,mme_sum_inequality
mme_asymptotic_sum_inequality,mme_tensor_rank
mme_asymptotic_sum_inequality,mme_omega_strassen
BanditAlgorithm.gaussian_ts_suboptimal_pull_count_asymptotic,ThompsonSampling
BanditAlgorithm.gaussian_ts_suboptimal_pull_count_asymptotic,BanditAlgorithm.gaussian_ts_suboptimal_pull_count_eventual_upper
BanditAlgorithm.gaussian_ts_suboptimal_pull_count_asymptotic,BanditAlgorithm.gaussian_ts_suboptimal_pull_count_eventual_lower
BanditAlgorithm.gaussian_ts_suboptimal_pull_count_asymptotic,GaussianBandit
PadicMeasure.colmez_r0_moment_extension,PadicMeasure.compatible_disk_values_vanish_of_decay
PadicMeasure.colmez_r0_moment_extension,ProfiniteMeasure.ext_of_clopen_masses
mme_DWZ_q6_square_fixed_tau_endpoint_23747_kron,mme_strassen_lt_three_mul_of_tau_value_surplus
mme_DWZ_q6_square_fixed_tau_endpoint_23747_kron,mme_tau_value
mme_DWZ_q6_square_fixed_tau_endpoint_23747_kron,mme_CW_square_asymptoticRank_le
Bochner.bochner_theorem,PositiveDefinite
Bochner.bochner_theorem,Bochner.exists_measure_of_tendsto_charFun
Bochner.bochner_theorem,Bochner.bochner_L1_case
Bochner.bochner_theorem,Bochner.fejerDamp_isPositiveDefinite
Bochner.bochner_theorem,Bochner.fourierTransform_integrable
mme_stothers_fourth_table1_classification,mme_stothers_fourth_data
MSKleene.rec_iter,MSKleene_Recognizable
MSKleene.rec_iter,MSKleene_Iteration
MSKleene.rec_iter,MSKleene.iter_absorb
CircleMethod.nrm_le,CircleMethod_char
Freiman.gap_forcing_checks_3,Freiman_gapCertificateData
MarkovChainCLT.rhoMixingCoef_comp_nonneg_le_of_finite,MixingCoefficients
MarkovChainCLT.rhoMixingCoef_comp_nonneg_le_of_finite,MarkovChainCLT.processSigma_comp_le
verticalIntegral_split_three,Rectangle_defs
verticalIntegral_split_three,ResidueCalcOnRectangles_defs
QuantumParallelRepetition.answerLogCost_nonneg_of_postselection,quantum_parallel_repetition_game
QuantumParallelRepetition.answerLogCost_nonneg_of_postselection,QuantumParallelRepetition.fullSubsetHistory_mass_eq_postselection
QuantumParallelRepetition.answerLogCost_nonneg_of_postselection,QuantumParallelRepetition.trace_mul_posSemidef_nonneg
QuantumParallelRepetition.answerLogCost_nonneg_of_postselection,qpr_core_17
CannonFloydParry.isSimpleGroup_commutator,CannonFloydParry.F_ne_bot
CannonFloydParry.isSimpleGroup_commutator,CannonFloydParry.exists_dyadic_interval_image_disjoint
CannonFloydParry.isSimpleGroup_commutator,CannonFloydParry.mem_closure_commutator_supp_Icc
CannonFloydParry.isSimpleGroup_commutator,CannonFloydParry
CannonFloydParry.isSimpleGroup_commutator,CannonFloydParry.exists_conj_supp_subset_Icc
CannonFloydParry.isSimpleGroup_commutator,CannonFloydParry.mem_commutator_iff
CannonFloydParry.isSimpleGroup_commutator,CannonFloydParry.center_eq_bot
HarmonicBuilding.isPlanarKSHarmonicAt_minimizes_on_small_balls,frame_2026_harmonic_building_interfaces
SipserGacsLautemann.bpp_closed_under_complement,sipser_gacs_lautemann
BunkbedTM.delta_contract,BunkbedTransferClasses
BunkbedTM.delta_contract,BunkbedWZPoly
mme_stothers_fixed_profile_numeric_surplus,mme_stothers_fourth_data
Freiman.background_avoiding,Freiman.background_restricted
Freiman.background_avoiding,Freiman.background_three_avoids_four_pairs
Freiman.background_avoiding,Freiman_wordRealization
Freiman.lower_secondary_I3,Freiman_lowerCertificates
Vino.psi_nonneg,Vino_primes
mm_lower,mm_coupling
mm_lower,mm_mixing
Vino.sum_coprime_eq_sum_units,Vino_ramanujan
Hirsch.kalai_kleitman_bound,BasicSolution
Hirsch.kalai_kleitman_bound,Vertex
Hirsch.kalai_kleitman_bound,ActiveConstraints
Hirsch.kalai_kleitman_bound,Hirsch_model
Hirsch.kalai_kleitman_bound,LinearOptimization.lp_basic_solutions_finite
Hirsch.kalai_kleitman_bound,Hirsch.graph_connected_general
Hirsch.kalai_kleitman_bound,LinearOptimization.lp_vertex_extreme_bfs_equiv
mme_stothers_elementary_table1_cyclic_values,mme_stothers_elementary_fourth_constituent_MM_restrict
mme_stothers_elementary_table1_cyclic_values,mme_cyclicSymmetrization_public_perm
mme_stothers_elementary_table1_cyclic_values,mme_HasTauValueAtLeast_multiple_extractions_below
mme_stothers_elementary_table1_cyclic_values,mme_MMObj_tau_value
mme_stothers_elementary_table1_cyclic_values,mme_stothers_fourth_data
mme_stothers_elementary_table1_cyclic_values,mme_cyclicSymmetrization_mono_restrict
mme_stothers_elementary_table1_cyclic_values,mme_HasTauValueAtLeast_mono_restrict
mme_stothers_elementary_table1_cyclic_values,mme_tensor_bridge
mme_stothers_elementary_table1_cyclic_values,mme_MMObj_permObj_cyclic_sq
mme_stothers_elementary_table1_cyclic_values,mme_HasTauValueAtLeast_of_cofinal_finite_extractions
PachDeZeeuw.Algebraic.degreeOf_resultant_le,PdzBezout
Freiman_middleRepair,Freiman_middleRoots
FreyPackage.no_frey_package,FreyPackage.frey_isModular
FreyPackage.no_frey_package,P2M_Util
FreyPackage.no_frey_package,FreyPackage.Mazur_Frey
FreyPackage.no_frey_package,FLTPrelim_FreyPackage
FreyPackage.no_frey_package,FreyPackage.level_lowering_to_two
FreyPackage.no_frey_package,ModularForm.S2_Gamma0_2_eq_zero
Freiman.middle_initial_contacts_lower,Freiman_middleRoots
Freiman.gap_symbolic_exact,Freiman_gapModel
Freiman.gap_symbolic_exact,Freiman.gap_finite_reduction
Freiman.gap_symbolic_exact,Freiman.gap_threshold_enclosures
Freiman.gap_symbolic_exact,Freiman.gap_endpoint_B_membership
Freiman.gap_symbolic_exact,Freiman.gap_endpoint_A_membership
Freiman.gap_symbolic_exact,Freiman.gap_maximum_reflected
Freiman.gap_symbolic_exact,Freiman.gap_minimum_reflected
Freiman.gap_symbolic_exact,Freiman.markov_centered_representative
Problem97.CGN.CGN6norm_minorCapChainModel_of_mecCapPacket,Erdos9796Counting_CGN_CGN6
Problem97.CGN.CGN6norm_minorCapChainModel_of_mecCapPacket,Erdos9796Counting_CGN_CGN
Problem97.CGN.CGN6norm_minorCapChainModel_of_mecCapPacket,Erdos9796Counting_Adapter
Freiman.lower_initial_entry,Freiman.lower_family_root
Freiman.lower_initial_entry,Freiman.lower_fixed_roots_good
Freiman.lower_initial_entry,Freiman.lower_explicit_values
Freiman.lower_initial_entry,Freiman_lowerCertificates
Freiman.lower_initial_entry,Freiman.lower_initial_cover
HairerSPDE.exists_memLp_representer_of_bounded_eval,HairerSPDE_CameronMartin
BanditAlgorithm.linear_bandit_unit_ball_stopped_loss_change_of_measure,LinearBanditProtocol
LeanEval.Geometry.SpaceGroupsProblem.space_groups_affine_classification,LeanEval_SpaceGroups_Definitions
LeanEval.Geometry.SpaceGroupsProblem.space_groups_affine_classification,LeanEval.Geometry.SpaceGroupsProblem.space_groups_master_classification
MagicSquares.pan_three_card,MagicSquares
MagicSquares.pan_three_card,MagicSquaresSpecial3
mme_omega_lt_237134,mme_omega
mme_omega_lt_237134,mme_more_asymmetry_finite_regional_surplus_certificate
mme_omega_lt_237134,mme_recursive_regional_CW_plan_omega_bound
mme_omega_lt_237134,mme_more_asymmetry_fourth_fixed_tau_value_surplus
mme_omega_lt_237134,mme_more_asymmetry_237134_of_six_symmetric_surplus
PrimalDualOnline.SetCover.coverCost_le_maxFrequency_mul_packing,PrimalDualOnline_SetCover
BookSixth.hadamard_bound,BookSixth
CircleMethod.sum_e_geom,CircleMethod_char
zeta_ne_zero_of_half_lt_re,zeta_ne_zero_of_mem_strip_of_abs_im_le_two
zeta_ne_zero_of_half_lt_re,zeta_ne_zero_of_strip_of_two_lt_abs_im
KerrBL.pdgKerr_all,KerrBL.hdgKerr_all
KerrBL.pdgKerr_all,KerrBL_Kerr_ClosedForms
QuantumParallelRepetition.martingale_log_cost_eq,quantum_parallel_repetition_game
QuantumParallelRepetition.martingale_log_cost_eq,QuantumParallelRepetition.fullSubsetHistory_mass_eq_postselection
QuantumParallelRepetition.martingale_log_cost_eq,QuantumParallelRepetition.trace_mul_posSemidef_nonneg
QuantumParallelRepetition.martingale_log_cost_eq,qpr_core_17
Vino.card_coprime_filter,Vino_ramanujan
MTT.Cohomology.packet_span,MTT.Cohomology.reflection_involutive
MTT.Cohomology.packet_span,MTT.Cohomology.eichler_shimura_span
MTT.Cohomology.packet_span,MTT.Cohomology.image_packet_unique
MTT.Cohomology.packet_span,MTT.Cohomology.eichler_shimura_hecke_compatible_char
MTT.Cohomology.packet_span,MTT.Cohomology.eichler_shimura_nebentype_compatible
MTT.Cohomology.packet_span,MTT_Cohomology_Boundary
MTT.Cohomology.packet_span,MTT.Cohomology.reflection_class
MTT.Cohomology.packet_span,MTT_Cohomology
MTT.Cohomology.packet_span,MTT.Cohomology.boundary_packet_zero
MarkovChainCLT.isStrictlyStationary_comp_of_measurable,MixingCoefficients
Erdos9796FiniteNine.n4d_formb_branch,Erdos9796FiniteNine_N4dFormBBranchSupport
Erdos9796FiniteNine.n4d_formb_branch,Erdos9796FiniteNine.n4e_core
Freiman.prefixEval_cylinder_bound,Freiman_prefixEval
Freiman.prefixEval_cylinder_bound,Freiman.continuant_fibonacci
Freiman.prefixEval_cylinder_bound,Freiman.continuant_denominator_pos
Freiman.prefixEval_cylinder_bound,Freiman.prefixEval_difference
mme_omega_lt_of_sum_le,mme_omega_strassen
mme_CW_square_laser_2376_tensor_extraction_below,mme_CW_2376_amplified_error_absorbed
mme_CW_square_laser_2376_tensor_extraction_below,mme_CW_auxiliary_RHS_coupled
mme_CW_square_laser_2376_tensor_extraction_below,mme_HasTauValueAtLeast_to_cofinal_finite_extractions
mme_CW_square_laser_2376_tensor_extraction_below,mme_CW_2376_integer_profile
mme_CW_square_laser_2376_tensor_extraction_below,mme_CW_square_laser_2376_profile_rate_extraction
mme_CW_square_laser_2376_tensor_extraction_below,mme_CW_tensor
mme_CW_square_laser_2376_tensor_extraction_below,mme_CW_coupled_value
MTT.Cohomology.integration_cochain_integral_class,MTT_Cohomology_Integration
mme_asymptotic_closure,mme_strassen_preorder
SipserGacsLautemann.amplified_verifier_implies_sigma_two_of_cover_lemmas,sgl_lautemann_bridge
SipserGacsLautemann.amplified_verifier_implies_sigma_two_of_cover_lemmas,sipser_gacs_lautemann
SipserGacsLautemann.amplified_verifier_implies_sigma_two_of_cover_lemmas,SipserGacsLautemann.polynomial_time_verifier_aggregation
SipserGacsLautemann.amplified_verifier_implies_sigma_two_of_cover_lemmas,SipserGacsLautemann.amplified_verifier_implies_sigma_two
Problem97.collinear_of_signedArea2_eq_zero,Problem97.signedArea2_eq_zero_exists_smul
Problem97.collinear_of_signedArea2_eq_zero,Erdos9796Counting_Foundation
Problem97.collinear_of_signedArea2_eq_zero,Erdos9796Counting_Adapter
LinearOptimization_Cut,LinearOptimization_MaxFlowProblem
MarkovChainCLT.clt_of_tv_rate,MarkovChainCLT.isStrictlyStationary_comp_of_measurable
MarkovChainCLT.clt_of_tv_rate,MarkovChainCLT.satisfiesCLT_of_centered_functional_clt
MarkovChainCLT.clt_of_tv_rate,MarkovChainCLT.isStrictlyStationary_coord_chainMeasure
MarkovChainCLT.clt_of_tv_rate,MarkovChainCLT.map_coord_chainMeasure
MarkovChainCLT.clt_of_tv_rate,MarkovChainPathMeasure
MarkovChainCLT.clt_of_tv_rate,MarkovChainCLT.alpha_mixing_le_tv_rate
MarkovChainCLT.clt_of_tv_rate,MarkovErgodicity
MarkovChainCLT.clt_of_tv_rate,MarkovChainCLT.clt_of_moment_of_alpha_pow_summable
MarkovChainCLT.clt_of_tv_rate,MarkovChainCLT.alphaMixingCoef_comp_nonneg_le_of_finite
MarkovChainCLT.clt_asymptotic_variance_of_uniformly_ergodic,MarkovChainCLT.asymptoticVariance_eq_of_clt
MarkovChainCLT.clt_asymptotic_variance_of_uniformly_ergodic,MarkovChainCLT.clt_of_uniformly_ergodic
MarkovChainCLT.clt_asymptotic_variance_of_uniformly_ergodic,MarkovChainCLT.integral_sq_iterKernel_pow_le
MarkovChainCLT.clt_asymptotic_variance_of_uniformly_ergodic,MarkovChainCLT.exists_lag_tvDist_le_of_uniformlyErgodic
MarkovChainCLT.clt_asymptotic_variance_of_uniformly_ergodic,MarkovChainPathMeasure
MarkovChainCLT.clt_asymptotic_variance_of_uniformly_ergodic,MarkovErgodicity
MarkovChainCLT.clt_asymptotic_variance_of_uniformly_ergodic,MarkovAsymptoticVariance
Erdos146.hammingRetentionProbability_mul_wordCount_eq_exp,erdos146_core2
Freiman.upper_ray,Freiman_gapThreshold
Freiman.upper_ray,Freiman_lagrangeSpectrum
Freiman.upper_ray,Freiman.upper_symbolic_realization
Freiman.upper_ray,Freiman_upperModel
Freiman.upper_ray,Freiman.lagrange_symbolic
MTT.character_integral_of_disk_moments,MTT_Measures
Erdos180.subdivisionLine_centers_injective,erdos180_core4
WhitneyEmbedding.finite_injective_immersion,WhitneyEmbedding.exists_separating_smooth_functions
WhitneyEmbedding.finite_injective_immersion,WhitneyEmbedding.finite_injective_immersion_from_separating_family
BookSixth.latin_asymptotic_of_bounds,BookSixth
MarkovMixing.bottleneck_coarea,mm_spectral
Geometry_AlmostLosslessChecksum,Geometry_AlmostLosslessDecoder
Freiman.constant_order,Freiman_cF
Freiman.constant_order,Freiman_gapThreshold
completion_success_event_monotone,matrix_completion_basic
BanditAlgorithm.thompson_sampling_pull_count_bound,BanditPolicy
BanditAlgorithm.thompson_sampling_pull_count_bound,ThompsonSampling
I3Bound,MediumPNT_defs
I3Bound,EulerMaclaurin_defs
I3Bound,MellinOfSmooth1b
I3Bound,logt_gt_one
I3Bound,Fourier_defs
I3Bound,log_pow_over_xsq_integral_bounded
mme_fractional_rank,mme_strassen_preorder
mme_fractional_rank,mme_spectrum
MarkovChainCLT.processSigma_comp_le,MixingCoefficients
Erdos180.cycleGraph_no_isolated,erdos180_core4
erdos180_core2,erdos180_core1
CircleMethod.e_zero,CircleMethod_char
OPG500Counterexample.tight_edge_metric_bridge,opg500_weighted_cycle_models
ribet_level_lowering,modularity_semistable_elliptic
HarmonicBuilding.orderReducesToHomogeneous,frame_2026_harmonic_building_conical
MTT.Cohomology.integration_cochain_injective,MTT.period_vanishing
MTT.Cohomology.integration_cochain_injective,MTT_Cohomology_Integration
Erdos180.coordinateCenterLine_direction_det_ne_zero_of_ne,erdos180_core4
Erdos390.eventual_admissible_upper_bound,Erdos390.eventual_guarded_central_residual_split
Erdos390.eventual_admissible_upper_bound,erdos390_problem
Erdos390.eventual_admissible_upper_bound,Erdos390.complement_formulation
Erdos390.eventual_admissible_upper_bound,Erdos390.eventual_complement_upper_bound
BanditAlgorithm.gaussian_ts_suboptimal_large_tail_sum_bound,ThompsonSampling
BanditAlgorithm.gaussian_ts_suboptimal_large_tail_sum_bound,GaussianBandit
MarkovChainCLT.satisfiesCLT_of_centered_functional_clt,MixingCoefficients
MarkovChainCLT.satisfiesCLT_of_centered_functional_clt,MarkovChainCLT.chainMeasure_map_shift
MarkovChainCLT.satisfiesCLT_of_centered_functional_clt,MarkovChainCLT.satisfiesCLT_of_stationary_clt
MarkovChainCLT.satisfiesCLT_of_centered_functional_clt,MarkovChainPathMeasure
MarkovChainCLT.satisfiesCLT_of_centered_functional_clt,MarkovErgodicity
MarkovChainCLT.satisfiesCLT_of_centered_functional_clt,MarkovChainCLT.stationary_clt_of_asymptoticVariance_nonpos
MSKleene_AuxLang,MSKleene_Regular
MSKleene_AuxLang,MSKleene_Subterm
MSKleene_AuxLang,MSKleene_RegAlgebra
Fejer.fejerKernel_integral_eq_one,Fejer_fejerKernel
Problem97.MEC.arc_partition_count_eq_one,Erdos9796Counting_Foundation
Problem97.MEC.arc_partition_count_eq_one,Problem97.collinear_of_signedArea2_eq_zero
Problem97.MEC.arc_partition_count_eq_one,Erdos9796Counting_Moser_Triangle
Problem97.MEC.arc_partition_count_eq_one,Erdos9796Counting_Adapter
Problem97.MEC.arc_partition_count_eq_one,Erdos9796Counting_MEC_Basic
taylor_wiles_primes_existence,flt_odd_prime_ge_5
Davenport.deriv_LFunction_bound,Davenport_siegelWalfisz
OpenGA_SurgeryTopologyEvolution,OpenGA_CoordinateBallConnectedSum
BertsekasDP.perturbed_terminal_cost_adjoint_limit,BertsekasCTModel
MTT.Cohomology.image_packet_unique,MTT.period_vanishing
MTT.Cohomology.image_packet_unique,MTT.coeff_eq_of_hecke_recurrence
MTT.Cohomology.image_packet_unique,MTT.exists_cuspForm_heckePrime_pos
MTT.Cohomology.image_packet_unique,MTT.hasSum_heckePrime
MTT.Cohomology.image_packet_unique,MTT_Cohomology_Boundary
MTT.Cohomology.image_packet_unique,MTT.Cohomology.character_law_of_class
KerrBL_Kerr_ClosedForms,KerrBL_Kerr_Metric
Thurston23.isKleinian_gammaTwoI,Thurston23_picard
BanditAlgorithm.partial_monitoring_nonglobal_edge_direction,PartialMonitoringGame
VectorSpaceOpt.fenchel_duality,VectorSpaceOpt_restrictedConcaveConjugate
VectorSpaceOpt.fenchel_duality,VectorSpaceOpt_restrictedConvexConjugate
Freiman.middle_path_realized,Freiman_middleRoots
TaoFivePrimes.minor_arc_Linfty_crude,TaoFivePrimes.minor_arc_Linfty_crude_middle
TaoFivePrimes.minor_arc_Linfty_crude,TaoFivePrimes.minor_arc_Linfty_crude_far
TaoFivePrimes.minor_arc_Linfty_crude,TaoFivePrimes_ArcSplit
LinearOptimization.farkas_inequality_form,LinearOptimization.farkas_cone_corollary
SymplecticFreeModules.symplecticFreeModulesMain,SymplecticFreeModules.tauFamilyExists
SymplecticFreeModules.symplecticFreeModulesMain,frame_2026_symplectic_free_modules_interfaces
SymplecticFreeModules.symplecticFreeModulesMain,SymplecticFreeModules.classificationExhaustive
SymplecticFreeModules.symplecticFreeModulesMain,SymplecticFreeModules.simplicityCriterion
SymplecticFreeModules.symplecticFreeModulesMain,SymplecticFreeModules.exceptionalFiniteLength
SymplecticFreeModules.symplecticFreeModulesMain,SymplecticFreeModules.parameterUniqueness
SymplecticFreeModules.symplecticFreeModulesMain,SymplecticFreeModules.weightCriterion
SymplecticFreeModules.symplecticFreeModulesMain,SymplecticFreeModules.canonicalHamiltonianApplication
mme_borderRank_kronPow_le,mme_degeneration
MarkovChainCLT.clt_of_exp_alpha_of_log_moment,MixingCoefficients
MarkovChainCLT.clt_of_exp_alpha_of_log_moment,MarkovChainCLT.tendstoInDistribution_of_exp_alpha_of_log_moment
MarkovChainCLT.clt_of_exp_alpha_of_log_moment,MarkovChainCLT.summable_covariance_of_exp_alpha_of_log_moment
Geometry_AlmostLosslessDecoder,Geometry_AlmostLosslessCore
MarkovChainCLT.markovChainKernel_map_shift,MarkovChainCLT.partialTraj_map_shift_succ
MarkovChainCLT.markovChainKernel_map_shift,PathSpace.ext_of_map_frestrictLe
MarkovChainCLT.markovChainKernel_map_shift,MarkovChainCLT.partialTraj_succ_self_apply_eq_map
MarkovChainCLT.markovChainKernel_map_shift,MarkovChainPathMeasure
Davenport.estermann_lemma,Davenport.riemannZeta_neg_of_lt_one
Davenport.estermann_lemma,Zeta23.RvM.norm_riemannZeta_le_of_re_pos
PachDeZeeuw.Algebraic.irreducible_pair_intersection_bound,PachDeZeeuw.Algebraic.curry_isPrimitive_of_irreducible_positive_natDegree
PachDeZeeuw.Algebraic.irreducible_pair_intersection_bound,PachDeZeeuw.Algebraic.zeroCurry_nonvertical_pair_intersection_bound
PachDeZeeuw.Algebraic.irreducible_pair_intersection_bound,PachDeZeeuw.Algebraic.primitive_nonvertical_pair_intersection_bound
PachDeZeeuw.Algebraic.irreducible_pair_intersection_bound,PachDeZeeuw.Algebraic.curry_isRelPrime_of_nonassociated_irreducibles
PachDeZeeuw.Algebraic.irreducible_pair_intersection_bound,PachDeZeeuw.Algebraic.zeroCurry_zeroCurry_pair_intersection_bound
PachDeZeeuw.Algebraic.irreducible_pair_intersection_bound,PdzBezout
ShiShallow.card_le_two_pow_depth_of_all_dependent,ShiShallow_Cone
ShiShallow.card_le_two_pow_depth_of_all_dependent,ShiShallow_Circuit
ShiShallow.card_le_two_pow_depth_of_all_dependent,ShiShallow.acceptProb_eq_of_agree_on_cone
MarkovMixing.ising_high_temperature,MarkovMixing.glauber_stationary
MarkovMixing.ising_high_temperature,MarkovMixing.coupling_bound
MarkovMixing.ising_high_temperature,mm_ising
Freiman_gapModel,Freiman_cF
Freiman_gapModel,Freiman_gapThreshold
Freiman_gapModel,Freiman_prefixEval
Freiman_gapModel,Freiman_symbolicMarkovSpectrum
DiazModulus.diaz_of_exp_real_self_real,DiazModulus.diaz_on_axes_of_hermite_lindemann
DiazModulus.diaz_of_exp_real_self_real,DiazModulus
DiazModulus.diaz_of_exp_real_self_real,DiazModulus.hermite_lindemann_holds
shannonEntropy_prod_le,gibbs_inequality
shannonEntropy_prod_le,DiscreteEntropy
GribovRegion.convex_region,gribov_region_model
TaoFivePrimes.minor_arc_Linfty_corrected,TaoFivePrimes.minor_arc_Linfty_crude
TaoFivePrimes.minor_arc_Linfty_corrected,TaoFivePrimes.minor_arc_Linfty_weakly_major
TaoFivePrimes.minor_arc_Linfty_corrected,TaoFivePrimes.minor_arc_Linfty_dirichlet
TaoFivePrimes.minor_arc_Linfty_corrected,TaoFivePrimes_ArcSplit
CircleMethod.e_intCast,CircleMethod_char
BertsekasDP.label_correcting_correctness_of_nonneg_arcs,BertsekasLCState
BertsekasDP.label_correcting_correctness_of_nonneg_arcs,BertsekasSPGraph
Erdos9796Counting_MEC_ArcAngle,Erdos9796Counting_Adapter
Erdos9796Counting_MEC_ArcAngle,Erdos9796Counting_SignedAreaOangle
Erdos180.proposedFamily_not_compact_of_bounds,erdos180_core4
Erdos180.proposedFamily_not_compact_of_bounds,Erdos180.manuscriptLowerConstant_pos
MarkovMixing.commute_time_identity,MarkovMixing.exists_stationary_pos
MarkovMixing.commute_time_identity,MarkovMixing.summable_hitting_tails
MarkovMixing.commute_time_identity,MarkovMixing.harmonic_extension
MarkovMixing.commute_time_identity,mm_network
MarkovMixing.commute_time_identity,MarkovMixing.stationary_unique
GameSetMatch.bernstein_elevate,GameSetMatchInternal
BanditAlgorithm.pmPsi_le_quadratic,PartialMonitoringAlgorithm26
bernoulli_tangent_sampling_concentration_formula_bound,matrix_completion_tangent
mme_block_tensor_is_matMul_kronPow_balanced,mme_block_subtensor
mme_block_tensor_is_matMul_kronPow_balanced,mme_laser_pattern
SmoothedChebyshevClose_aux,MediumPNT_defs
SmoothedChebyshevClose_aux,EulerMaclaurin_defs
SmoothedChebyshevClose_aux,Fourier_defs
AGT.external_to_swap_reduction,agt_regret
Monotonicity_Theorem.finite_partition_core2,Monotonicity_Theorem.lemma_one
Monotonicity_Theorem.finite_partition_core2,Monotonicity_Theorem_Framework2
Monotonicity_Theorem.finite_partition_core2,Monotonicity_Theorem.lemma_three2
Monotonicity_Theorem.finite_partition_core2,Monotonicity_Theorem.infinite_definable_set_contains_interval2
Monotonicity_Theorem.finite_partition_core2,Monotonicity_Theorem.lemma_two
Monotonicity_Theorem.finite_partition_core2,Monotonicity_Theorem.const_cont_of_const
BookSixth.high_girth_chromatic,BookSixth
mme_more_asymmetry_six_symmetric_tau_value_surplus,mme_six_symmetrized_tau_value
mme_more_asymmetry_six_symmetric_tau_value_surplus,mme_hash_extraction_finite_assembly
mme_more_asymmetry_six_symmetric_tau_value_surplus,mme_stothers_fourth_data
mme_more_asymmetry_six_symmetric_tau_value_surplus,mme_HasTauValueAtLeast_of_cofinal_finite_extractions
mme_more_asymmetry_six_symmetric_tau_value_surplus,mme_more_asymmetry_cofinal_hash_extraction_certificate
LinearOptimization.lp_attains_or_unbounded,BasicSolution
LinearOptimization.lp_attains_or_unbounded,Vertex
LinearOptimization.lp_attains_or_unbounded,LinearOptimization.polyhedron_extreme_point_existence
LinearOptimization.lp_attains_or_unbounded,Polyhedron
LinearOptimization.lp_attains_or_unbounded,LinearOptimization.lp_basic_solutions_finite
LinearOptimization.lp_attains_or_unbounded,LinearOptimization.lp_active_constraint_equiv
LinearOptimization.lp_attains_or_unbounded,ContainsLine
LinearOptimization.lp_attains_or_unbounded,LinearOptimization.lp_vertex_extreme_bfs_equiv
Davenport.logDeriv_LFunction_partial_fraction,Zeta23.WeilEF.logDeriv_partial_fraction_disk
Davenport.logDeriv_LFunction_partial_fraction,Davenport_siegelWalfisz
Hirsch.hpoly_diameter_le_fixed_excess_larman,Hirsch.facet_reduction
Hirsch.hpoly_diameter_le_fixed_excess_larman,Hirsch_model
Hirsch.hpoly_diameter_le_fixed_excess_larman,Hirsch.larman_bound
Hirsch.common_face_diameter_of_dim_ge_five,Hirsch.common_face_diameter_of_dim_eq_five
Hirsch.common_face_diameter_of_dim_ge_five,Hirsch.common_face_diameter_of_dim_ge_six
Hirsch.common_face_diameter_of_dim_ge_five,Hirsch_common_face_geometry
qpr_core_15,quantum_parallel_repetition_game
qpr_core_15,qpr_core_14
PachDeZeeuw.Algebraic.curry_isPrimitive_of_irreducible_positive_natDegree,PdzPrelim
Bochner.posDef_continuous_extension,PositiveDefinite
BertsekasDP.short_autonomous_arc_exists,BertsekasCTModel
CirclePackingConstants.c_n_sixteen,CirclePackingConstants
Erdos788.quantitativeMainTheorem_implies_hasExponentOneHalf,erdos788_problem
mme_six_symmetrized_tau_value,mme_permutation
mme_six_symmetrized_tau_value,mme_CW_coupled_value
SmoothedChebyshevPull1,MediumPNT_defs
SmoothedChebyshevPull1,EulerMaclaurin_defs
SmoothedChebyshevPull1,verticalIntegral_split_three
SmoothedChebyshevPull1,Smooth1MellinDifferentiable
SmoothedChebyshevPull1,rectangle_mem_nhds_iff
SmoothedChebyshevPull1,ResidueMult
SmoothedChebyshevPull1,logt_gt_one
SmoothedChebyshevPull1,riemannZetaLogDerivResidueBigO
SmoothedChebyshevPull1,Fourier_defs
SmoothedChebyshevPull1,SmoothedChebyshevPull1_aux_integrable
SmoothedChebyshevPull1,ResidueTheoremOnRectangleWithSimplePole_prime
PachDeZeeuw.Algebraic.zeroCurry_nonvertical_pair_intersection_bound,PachDeZeeuw.Algebraic.not_coeffLineFactor_dvd_of_root_left_zero_curry_nonassociated
PachDeZeeuw.Algebraic.zeroCurry_nonvertical_pair_intersection_bound,PdzPrelim
PachDeZeeuw.Algebraic.zeroCurry_nonvertical_pair_intersection_bound,PachDeZeeuw.Algebraic.planeCurveZeroSet_eq_coeffLineZeroSet_of_curry_natDegree_zero
PachDeZeeuw.Algebraic.zeroCurry_nonvertical_pair_intersection_bound,PachDeZeeuw.Algebraic.coeffline_nonvertical_pair_intersection_bound
Thurston23_picard,Thurston23_mobius
Thurston23_picard,Thurston23_bundle
mme_laser_per_N_witness,mme_subrank_capacity_poly
mme_laser_per_N_witness,mme_laser_pattern
BanditAlgorithm.bandit_kl_ucb_feasibility_pull_count_split,BanditAlgorithm.klucb_index_threshold_feasible
BanditAlgorithm.bandit_kl_ucb_feasibility_pull_count_split,klucbFeasibilityFailureCount
PachDeZeeuw.Algebraic.fiber_ncard_le_max_totalDegree,PachDeZeeuw.Algebraic.specialized_natDegree_le_totalDegree
PachDeZeeuw.Algebraic.fiber_ncard_le_max_totalDegree,PdzPrelim
EulerMascheroni.Arithmetic.no_small_integral_pade_forms,EulerMascheroni.Arithmetic.pade_recurrence_bound
EulerMascheroni.Arithmetic.no_small_integral_pade_forms,eulerMascheroni_padeTransform
EulerMascheroni.Arithmetic.no_small_integral_pade_forms,EulerMascheroni.Arithmetic.real_affine_integral_eventually_zero
EulerMascheroni.Arithmetic.no_small_integral_pade_forms,EulerMascheroni.Arithmetic.normalized_pade_tendsto_zero
EulerMascheroni.Arithmetic.no_small_integral_pade_forms,EulerMascheroni.Arithmetic.pade_determinant_and_nonvanishing
MarkovChainCLT.geometricallyErgodic_integrable_rate,MixingCoefficients
MarkovChainCLT.geometricallyErgodic_integrable_rate,MarkovChainPathMeasure
MarkovChainCLT.geometricallyErgodic_integrable_rate,MarkovErgodicity
Freiman.gap_upper_table,Freiman_gapCertificateData
Freiman.gap_upper_table,Freiman.gap_certificate_soundness
Freiman.gap_upper_table,Freiman.gap_upper_checks
Freiman.gap_upper_table,Freiman.gap_upper_coverage
Freiman.gap_upper_table,Freiman.gap_capped_digits
Freiman.gap_upper_table,Freiman.gap_upper_binding
Freiman.gap_upper_table,Freiman.gap_upper_application
Erdos180.symplecticLine_eq_invertible_symmetricGraphLine,erdos180_core4
Erdos180.symplecticLine_eq_invertible_symmetricGraphLine,Erdos180.symplecticLineGraphMap_horizontal
Erdos183.allColourPaletteRamsey_exponential_bound_sharp,Erdos183.log_le_paletteLogWidth
Erdos183.allColourPaletteRamsey_exponential_bound_sharp,Erdos183.recursivePaletteRamsey_exponential_bound
Erdos183.allColourPaletteRamsey_exponential_bound_sharp,erdos183_core
Erdos183.allColourPaletteRamsey_exponential_bound_sharp,Erdos183.two_mul_stage_le_paletteColourCount
Erdos183.allColourPaletteRamsey_exponential_bound_sharp,Erdos183.triangleRamseyNumber_forces
Erdos183.allColourPaletteRamsey_exponential_bound_sharp,Erdos183.paletteLogWidth_two_le
Erdos183.allColourPaletteRamsey_exponential_bound_sharp,Erdos183.paletteColourCount_mono
Erdos183.allColourPaletteRamsey_exponential_bound_sharp,Erdos183.stageWidths_succ_le
Erdos183.allColourPaletteRamsey_exponential_bound_sharp,Erdos183.paletteLogWidth_le_two_log
mme_omega_lt_23747,mme_DWZ_q6_square_fixed_tau_endpoint_23747_kron
mme_omega_lt_23747,mme_omega
mme_omega_lt_23747,mme_omega_eq_strassen
mme_omega_lt_23747,mme_dwz_square_fixed_tau_value_23747
Hirsch.hpoly_diameter_le_excess_of_recursive_projective_products,Hirsch.hpoly_diameter_le_excess_of_rows_le_dim_add_three
Hirsch.hpoly_diameter_le_excess_of_recursive_projective_products,Hirsch_recursive_projective_products
HorizontalPadicL.friedberg_hoffstein_quadratic_twist_nonzero,KN_HorizontalPadicLFunction
Diaz.indep_of_algebraic_product,Diaz.binary_form_eq_zero
MTT.ordinary_disk_bound,MTT_Measures
Hirsch.bounded_relaxation_cut,Hirsch_model
Hirsch.bounded_relaxation_cut,LinearOptimization.lp_vertex_extreme_bfs_equiv
mme_HasTauValueAtLeast_to_cofinal_finite_extractions,mme_tau_value
Monotonicity_Theorem.decreasing_of_uniform_below_below2,Monotonicity_Theorem_Framework2
Monotonicity_Theorem.decreasing_of_uniform_below_below2,Monotonicity_Theorem.infinite_definable_set_contains_interval2
BanditAlgorithm.asymptotic_ucb_optimal_underestimation_count_bound,BanditAlgorithm.asymptotic_ucb_schedule_reciprocal_sum_bound
BanditAlgorithm.asymptotic_ucb_optimal_underestimation_count_bound,asymptoticUcbFailureCount
BanditAlgorithm.asymptotic_ucb_optimal_underestimation_count_bound,BanditAlgorithm.bandit_adaptive_stopped_centered_sum_tail
ConvexOptimization.kkt_sufficient_for_convex,ConvexOptimization_IsKKTPoint
ConvexOptimization.kkt_sufficient_for_convex,ConvexOptimization_lagrangeDuality
RybinAI2026.P01.matrix_integral_inequality_integer_gram_ratio_residual,rybin2026_p01_matrix_integral
RybinAI2026.P01.matrix_integral_inequality_integer_gram_ratio_residual,RybinAI2026.P01.matrix_integral_inequality_integer_gram_noncollinear
Leopoldt.le_finrank_of_continuous_injective_semilocalUnits,Leopoldt.natCast_le_rank_of_continuous_injective
Leopoldt.le_finrank_of_continuous_injective_semilocalUnits,Leopoldt.exists_pow_mem_oneUnits
Leopoldt.le_finrank_of_continuous_injective_semilocalUnits,Leopoldt.rank_oneUnits_le_finrank
Leopoldt.le_finrank_of_continuous_injective_semilocalUnits,LeopoldtDefect
ZetaNoZerosInBox,Rectangle_defs
ZetaNoZerosInBox,ZetaBounds_defs
ZetaNoZerosInBox,EulerMaclaurin_defs
ZetaNoZerosInBox,ZetaCont
ZetaNoZerosInBox,Fourier_defs
ZetaNoZerosInBox,ResidueCalcOnRectangles_defs
Freiman.upper_small_constants,Freiman_upperModel
Freiman.lower_model_structure,Freiman_lowerCertificates
HairerSPDE.map_add_eq_withDensity_of_memLp_representer,HairerSPDE.charFunDual_withDensity_exp_of_representer
HairerSPDE.map_add_eq_withDensity_of_memLp_representer,HairerSPDE_CameronMartin
HairerSPDE.map_add_eq_withDensity_of_memLp_representer,HairerSPDE.charFunDual_map_add
FLTPrelim_CofixedLine,FLTPrelim_GaloisRep
FLTPrelim_CofixedLine,FLTPrelim_FreyPackage
LogDerivZetaHolcSmallT,Rectangle_defs
LogDerivZetaHolcSmallT,ZetaBounds_defs
LogDerivZetaHolcSmallT,EulerMaclaurin_defs
LogDerivZetaHolcSmallT,ZetaNoZerosInBox
LogDerivZetaHolcSmallT,Fourier_defs
LogDerivZetaHolcSmallT,LogDerivZetaHoloOn
LogDerivZetaHolcSmallT,ResidueCalcOnRectangles_defs
Freiman.lower_interval,Freiman_cF
Freiman.lower_interval,Freiman_lagrangeSpectrum
Freiman.lower_interval,Freiman.lower_models
Freiman.lower_interval,Freiman.lower_model_realization
Function.support_ofReal,MellinCalculus_defs
MarkovMixing.glauber_colorings_mixing,MarkovMixing.glauber_stationary
MarkovMixing.glauber_colorings_mixing,mm_transport
MarkovMixing.glauber_colorings_mixing,MarkovMixing.path_coupling_mixing
flt_ribet_contradiction,flt_s2_gamma0_2_empty
flt_ribet_contradiction,flt_ribet_level_lowering
BFFPyramidal.two_le_multiplicity_bound_arith,BFFPyramidal_arithmetic
MarkovChainCLT.clt_of_geometric_of_log_moment,MarkovChainCLT.isStrictlyStationary_comp_of_measurable
MarkovChainCLT.clt_of_geometric_of_log_moment,MarkovChainCLT.satisfiesCLT_of_centered_functional_clt
MarkovChainCLT.clt_of_geometric_of_log_moment,MarkovChainCLT.clt_of_exp_alpha_of_log_moment
MarkovChainCLT.clt_of_geometric_of_log_moment,MarkovChainCLT.geometricallyErgodic_integrable_rate
MarkovChainCLT.clt_of_geometric_of_log_moment,MarkovChainCLT.isStrictlyStationary_coord_chainMeasure
MarkovChainCLT.clt_of_geometric_of_log_moment,MarkovChainCLT.map_coord_chainMeasure
MarkovChainCLT.clt_of_geometric_of_log_moment,MarkovChainPathMeasure
MarkovChainCLT.clt_of_geometric_of_log_moment,MarkovChainCLT.alpha_mixing_le_tv_rate
MarkovChainCLT.clt_of_geometric_of_log_moment,MarkovChainCLT.memLp_two_and_logMoment_sub_const
MarkovChainCLT.clt_of_geometric_of_log_moment,MarkovErgodicity
MarkovChainCLT.clt_of_geometric_of_log_moment,MarkovChainCLT.alphaMixingCoef_comp_nonneg_le_of_finite
MarkovChainCLT.clt_of_geometric_of_log_moment,MarkovChainCLT.alphaMixingCoef_exp_of_geometricallyErgodic
MarkovMixing.exists_unique_stationary,mm_basic
MarkovMixing.exists_unique_stationary,MarkovMixing.exists_stationary_pos
MarkovMixing.exists_unique_stationary,MarkovMixing.stationary_unique
Erdos9796Counting_MEC_Boundary,Erdos9796Counting_Adapter
Erdos9796Counting_MEC_Boundary,Erdos9796Counting_MEC_Basic
ConvexOptimization.newton_damped_phase_decrease,ConvexOptimization.hessian_lower_bound_implies_strong_convexity
ConvexOptimization.newton_damped_phase_decrease,ConvexOptimization_IsBacktrackingStep
momentAngle_fullSubcomplex_loopHomology_retract,frame_2026_moment_angle_interfaces
Freiman.gap_finite_reduction,Freiman_gapCertificateData
Freiman.gap_finite_reduction,Freiman.gap_forcing_coverage_4
Freiman.gap_finite_reduction,Freiman.gap_forcing_checks_3
Freiman.gap_finite_reduction,Freiman.gap_upper_table
Freiman.gap_finite_reduction,Freiman.gap_certificate_soundness
Freiman.gap_finite_reduction,Freiman.gap_forcing_checks_4
Freiman.gap_finite_reduction,Freiman.gap_forcing_coverage_3
Freiman.gap_finite_reduction,Freiman.gap_forcing_application
Freiman.gap_finite_reduction,Freiman.gap_lower_table
Hirsch.common_face_diameter_of_dim_eq_four,Hirsch.common_face_larman_diameter
Hirsch.common_face_diameter_of_dim_eq_four,Hirsch_common_face_geometry
mm_coupling,mm_mixing
mm_coupling,mm_path
diophantine_quintuple_degree_classification,diophantine_triple_finite_degree
diophantine_quintuple_degree_classification,diophantine_quintuple_sorting
diophantine_quintuple_degree_classification,diophantine_descent
Hirsch.target_face_access_of_local_neutral_rank,Hirsch_model
Hirsch.target_face_access_of_local_neutral_rank,Hirsch.larman_bound
BanditAlgorithm.chernoff_glr_never_favours_suboptimal_arm,BanditAlgorithm.chernoff_pairwise_selfnormalised_deviation_bound
BanditAlgorithm.chernoff_glr_never_favours_suboptimal_arm,TrackAndStop
BanditAlgorithm.chernoff_glr_never_favours_suboptimal_arm,GaussianBandit
BunkbedFalse.sub_probability_transfer,BunkbedSubstituted
BunkbedFalse.sub_probability_transfer,BunkbedFalse.sub_probability_grouping
BunkbedFalse.sub_probability_transfer,BunkbedFalse.sub_gadget_copies_disjoint
Freiman_symbolicMarkovSpectrum,Freiman_lagrangeSpectrum
Freiman_symbolicMarkovSpectrum,Freiman_cfValue
Problem97.Dumitrescu.three_cap_decomposition,Problem97.MEC.not_collinear_of_three_dist_eq
Problem97.Dumitrescu.three_cap_decomposition,Problem97.MEC.cap_partition_from_moser_circumscribed
Problem97.Dumitrescu.three_cap_decomposition,Erdos9796Counting_Cap_PartitionFromMEC
Problem97.Dumitrescu.three_cap_decomposition,Problem97.collinear_of_signedArea2_eq_zero
Problem97.Dumitrescu.three_cap_decomposition,Problem97.MEC.arc_partition_count_eq_one
Problem97.Dumitrescu.three_cap_decomposition,Erdos9796Counting_Adapter
Problem97.Dumitrescu.three_cap_decomposition,Problem97.cap_sum_identity
HorizontalPadicL.seededHorizontalPadicLConstruction_implies_corollary_5_17_v2,KN_SeededHorizontalPadicLFunctionV2
MarkovMixing.cftp_correct,mm_cftp
bernoulli_event_intersection_probability_from_lower_bounds,matrix_completion_bernoulli
CircleMethod.weyl_inequality,CircleMethod.divisor_bound_pow
CircleMethod.weyl_inequality,CircleMethod.nrm_eq_zero_iff
CircleMethod.weyl_inequality,CircleMethod.nrm_pos_of_not_int
CircleMethod.weyl_inequality,CircleMethod.norm_sum_e_le
CircleMethod.weyl_inequality,CircleMethod.e_zero
CircleMethod.weyl_inequality,CircleMethod.norm_sum_e_le_inv_nrm
CircleMethod.weyl_inequality,CircleMethod_genfun
CircleMethod.weyl_inequality,CircleMethod.norm_sum_e_add_const
CircleMethod.weyl_inequality,CircleMethod.aux_sum_min_le
CircleMethod.weyl_inequality,CircleMethod.weyl_squaring
CircleMethod.weyl_inequality,CircleMethod_char
CircleMethod.weyl_inequality,CircleMethod.norm_e
CircleMethod.weyl_inequality,CircleMethod.nrm_nonneg
CircleMethod.weyl_inequality,CircleMethod.e_neg
MagicSquares.magic_three_param_necessary,MagicSquaresParam3
MagicSquares.magic_three_param_necessary,MagicSquares
SymplecticFreeModules.exceptional_artinian_chain_stabilizes,frame_2026_symplectic_free_modules_interfaces
NgoFL.discriminant_eq_subDiscriminant_mul_resultant_sq,NgoEndoscopicDiscriminant
GameSetMatch.majorityAdv_nested_le,GameSetMatch.symmetric_rule_le_majority
GameSetMatch.majorityAdv_nested_le,GameSetMatchInternal
Gilbreath.zero_two_blocks,gilbreath_triangle
diophantine_quintuple_not_b_le_3a_of_2a_le,diophantine_descent
BanditAlgorithm.bandit_stopped_klDiv_one_step,InformationTheory.klDiv_le_klDiv_trim_of_trace_eq
BanditAlgorithm.bandit_stopped_klDiv_one_step,InformationTheory.klDiv_restrict_add_klDiv_restrict_compl
BanditAlgorithm.bandit_stopped_klDiv_one_step,BanditAlgorithm.bandit_prefix_klDiv_one_step_on_event
BanditAlgorithm.bandit_stopped_klDiv_one_step,BanditTrajectory
BanditAlgorithm.bandit_stopped_klDiv_one_step,InformationTheory.klDiv_trim_le_of_isFiniteMeasure
BSD.exists_cuspForm_qCoeff_eq_lFunction,BSD
BSD.exists_cuspForm_qCoeff_eq_lFunction,FLTPrelim_Modularity
Freiman.lower_nested_cylinders,Freiman.lower_cylinder_limit_closed
Freiman.lower_nested_cylinders,Freiman.lower_cylinder_nonempty
Freiman.lower_nested_cylinders,Freiman.bounded_words_subsequence
Freiman.lower_nested_cylinders,Freiman_lowerCertificates
Erdos9796Mission.problem97,Erdos9796Mission
Erdos9796Mission.problem97,Erdos9796Mission.counterexample_card_ge_nine
Erdos9796Mission.problem97,Erdos9796Mission.finite_nine_exclusion
Erdos9796Mission.problem97,Erdos9796Mission.minimal_counterexample_removable
Vino.vmSum_split_coprime,Vino_dirichlet
Vino.vmSum_split_coprime,Vino_primes
SIC_POVM_Conjecture,WeylHeisenbergSIC.fiducial_exists
SIC_POVM_Conjecture,WeylHeisenbergSIC.exists_of_fiducial
Thurston23.hvol_halfBox_eq_ofReal_integral,Thurston23_picard
fixed_cardinality_event_probability_monotone_of_event_mono,matrix_completion_fixed_cardinality
CannonFloydParry.not_elementaryAmenable_F,CannonFloydParry
CannonFloydParry.not_elementaryAmenable_F,Chou_ElementaryAmenable
ucbPolicy,BanditPolicy
ZengPryadko2019.exactDistanceWithOneComplex,ZengPryadko2019.tensorProductDistance_upperBound
ZengPryadko2019.exactDistanceWithOneComplex,ZengPryadko2019
ZengPryadko2019.exactDistanceWithOneComplex,ZengPryadko2019.tensorProductDistance_lowerBound
QuantumParallelRepetition.entangledValue_relabel,quantum_parallel_repetition_game
QuantumParallelRepetition.entangledValue_relabel,QuantumParallelRepetition.Strategy.winProbability_relabel
QuantumParallelRepetition.entangledValue_relabel,qpr_alphabet_relabelling
HarmonicBuilding.weylCardEqTwoOfRankOne,frame_2026_harmonic_building_interfaces
MarkovChainCLT.tvDist_comp_le_of_forall,TotalVariationDist
selmer_group_control,flt_odd_prime_ge_5
mme_CW_auxiliary_mono,mme_CW_auxiliary_RHS
MarkovMixing.spectral_representation,mm_spectral
BanditAlgorithm.pmStochMeasure_kl_le_outside_selection,InformationTheory.klDiv_map_measurableEmbedding
BanditAlgorithm.pmStochMeasure_kl_le_outside_selection,PartialMonitoringStochastic
BanditAlgorithm.pmStochMeasure_kl_le_outside_selection,InformationTheory.klDiv_compProd_self_eq_lintegral_of_ae
integral_evaluation,MediumPNT_defs
integral_evaluation,EulerMaclaurin_defs
integral_evaluation,Fourier_defs
MarkovChainCLT.ergodicWithRate_of_geoDriftCondition,MarkovChainCLT.integrable_of_geoDriftCondition
MarkovChainCLT.ergodicWithRate_of_geoDriftCondition,MarkovChainCLT.abs_integral_sub_le_tvDist
MarkovChainCLT.ergodicWithRate_of_geoDriftCondition,MarkovDriftMinorization
MarkovChainCLT.ergodicWithRate_of_geoDriftCondition,MarkovErgodicity
CircleMethod.singSeries_hasProd,CircleMethod.sum_e_div_orthogonality
CircleMethod.singSeries_hasProd,CircleMethod.locDens_bound
CircleMethod.singSeries_hasProd,CircleMethod.e_zero
CircleMethod.singSeries_hasProd,CircleMethod.locDens_zero_modulus
CircleMethod.singSeries_hasProd,CircleMethod.sing_series_summable_norm
CircleMethod.singSeries_hasProd,CircleMethod.locDens_one
CircleMethod.singSeries_hasProd,CircleMethod.locDens_exponent_lt_neg_one
CircleMethod.singSeries_hasProd,Vino.e_div_congr
CircleMethod.singSeries_hasProd,CircleMethod_singpos
CircleMethod.singSeries_hasProd,CircleMethod.locDens_mul
CircleMethod.singSeries_hasProd,CircleMethod.e_add
TarchaBraids.thm_3_15_artin_presentation,TarchaBraids.thm_3_15_half_twists_satisfy_relations
TarchaBraids.thm_3_15_artin_presentation,TarchaBraids.thm_3_15_half_twist_hom_injective
TarchaBraids.thm_3_15_artin_presentation,BraidsLinksMCG_ConfigSpace
TarchaBraids.thm_3_15_artin_presentation,TarchaBraids.thm_3_11_half_twists_generate
TarchaBraids.thm_3_15_artin_presentation,TarchaBraids_HalfTwist
TarchaBraids.thm_3_15_artin_presentation,BraidsLinksMCG_ArtinBraidGroup
SipserGacsLautemann.small_set_translates_do_not_cover,sipser_gacs_lautemann
OPG401.root_problem,opg401_circular_coloring
collatz_reaches_syracuse,collatz_iterate_halving
collatz_reaches_syracuse,syracuseStep
collatz_reaches_syracuse,collatzStepMap
Monotonicity_Theorem.infinite_contains_interval_core2,Monotonicity_Theorem_Framework2
EulerMascheroni.Arithmetic.gompertz_prime_local_bounds_conjecture,eulerMascheroni_factorialQuotient
OPG37364.lps13Graph_bipartite,opg37364_lps13
rybin2026_p01_cross_integral,rybin2026_p01_matrix_integral
Davenport.perron_holomorphic_shift,MellinCalculus_defs
Davenport.perron_holomorphic_shift,MellinOfSmooth1b
Davenport.perron_holomorphic_shift,Smooth1MellinDifferentiable
Davenport.perron_holomorphic_shift,ResidueCalcOnRectangles_defs
PachDeZeeuw.Algebraic.finite_singularities_of_irreducible_bound,PachDeZeeuw.Algebraic.factor_intersection_bound
PachDeZeeuw.Algebraic.finite_singularities_of_irreducible_bound,PachDeZeeuw.Algebraic.zeroSet_subset_normalizedFactor_union
PachDeZeeuw.Algebraic.finite_singularities_of_irreducible_bound,PachDeZeeuw.Algebraic.card_normalizedFactors_le_totalDegree
PachDeZeeuw.Algebraic.finite_singularities_of_irreducible_bound,PachDeZeeuw.Algebraic.totalDegree_pderiv_le_sub_one
PachDeZeeuw.Algebraic.finite_singularities_of_irreducible_bound,PachDeZeeuw.Algebraic.totalDegree_pderiv_le
PachDeZeeuw.Algebraic.finite_singularities_of_irreducible_bound,PdzBezout
BrinSquier.no_free_subgroup_of_rank_two,BrinSquier.slope_one_commutator
BrinSquier.no_free_subgroup_of_rank_two,BrinSquier.zsq_of_not_abelian
BrinSquier.no_free_subgroup_of_rank_two,BrinSquier.isPLF_mul
BrinSquier.no_free_subgroup_of_rank_two,BrinSquier
BrinSquier.no_free_subgroup_of_rank_two,BrinSquier.abelian_subgroup_of_free_isCyclic
BrinSquier.no_free_subgroup_of_rank_two,BrinSquier.isPLF_inv
HairerSPDE.joint_gaussian_of_memLp_closure,HairerSPDE_CameronMartin
MarkovChainCLT.charFun_tendsto_of_alpha_pow_summable,MixingCoefficients
MarkovChainCLT.charFun_tendsto_of_alpha_pow_summable,MarkovChainCLT.alpha_cov_bounded
MarkovChainCLT.charFun_tendsto_of_alpha_pow_summable,MarkovChainCLT.isStrictlyStationary_comp_of_measurable
MarkovChainCLT.charFun_tendsto_of_alpha_pow_summable,MarkovChainCLT.alphaMixingCoef_le_quarter
MarkovChainCLT.charFun_tendsto_of_alpha_pow_summable,MarkovChainCLT.variance_finsetSum_le_card_mul_of_summable_abs_cov
MarkovChainCLT.charFun_tendsto_of_alpha_pow_summable,MarkovChainCLT.summable_covariance_of_bounded_of_summable_alpha
MarkovChainCLT.charFun_tendsto_of_alpha_pow_summable,MarkovChainCLT.tendstoInDistribution_of_bounded_of_summable_alpha
MarkovChainCLT.charFun_tendsto_of_alpha_pow_summable,MarkovChainCLT.tendsto_inv_mul_integral_sq_partialSum
MarkovChainCLT.charFun_tendsto_of_alpha_pow_summable,MarkovChainCLT.alphaMixingCoef_comp_nonneg_le_of_finite
MarkovChainCLT.alphaMixingCoef_le_quarter,MixingCoefficients
Erdos390.eventual_residual_assembly_of_central_anchor,Erdos390.eventual_three_family_residual_exists
Erdos390.eventual_residual_assembly_of_central_anchor,erdos390_problem
Erdos390.eventual_residual_assembly_of_central_anchor,Erdos390.three_family_residual_union_assembly
KerrBL.ricci_flat_Kerr,KerrBL_Kerr_ClosedForms
KerrBL.ricci_flat_Kerr,KerrBL.vacKerr_tt
KerrBL.ricci_flat_Kerr,KerrBL.vacKerr_pht
KerrBL.ricci_flat_Kerr,KerrBL_Kerr_Metric
KerrBL.ricci_flat_Kerr,KerrBL.vacKerr_rr
KerrBL.ricci_flat_Kerr,KerrBL.vacKerr_rth
KerrBL.ricci_flat_Kerr,KerrBL.vacKerr_phph
KerrBL.ricci_flat_Kerr,KerrBL.ricci_bridge_Kerr
KerrBL.ricci_flat_Kerr,KerrBL.vacKerr_thth
KerrBL.ricci_flat_Kerr,KerrBL.vacKerr_thr
KerrBL.ricci_flat_Kerr,KerrBL.vacKerr_tph
mme_matMulExp_strassen_pos,mme_omega_strassen
goldbach_large,WeakGoldbach.even_goldbach_above_4e18
goldbach_large,WeakGoldbach.even_goldbach_to_4e18
MarkovEntanglement.multi_agent_decomposition_error,markov_entanglement_multi
MarkovEntanglement.multi_agent_decomposition_error,MarkovEntanglement.separable_apply_local_reward
BanditAlgorithm.armStoppedCenteredSum_eq_firstRewardsMean,ucbStoppedCenteredSum
BanditAlgorithm.armStoppedCenteredSum_eq_firstRewardsMean,ThompsonSampling
mm_martingale,mm_lower
mm_martingale,mm_stopping
TaoFivePrimes.even_goldbach_verified,Richstein2001.even_goldbach_up_to_4e14
MarkovChainCLT.markov_chain_clt,MarkovChainCLT.clt_of_geometric_or_polynomial
MarkovChainCLT.markov_chain_clt,MarkovChainCLT.clt_of_uniformly_ergodic
MarkovChainCLT.markov_chain_clt,MarkovChainCLT.clt_of_geometric_of_log_moment
MarkovChainCLT.markov_chain_clt,MarkovChainCLT.clt_of_geometric_reversible
MarkovChainCLT.markov_chain_clt,MarkovChainPathMeasure
MarkovChainCLT.markov_chain_clt,MarkovErgodicity
Esgk_Foundation,Esgk_PlanarGeneralPosition
Thurston23.isFundamentalDomain_halfBox,Thurston23_picard
PachDeZeeuw.Algebraic.coeffLineFactor_dvd_of_curry_natDegree_zero_root,PdzPrelim
PachDeZeeuw.Algebraic.coeffLineFactor_dvd_of_curry_natDegree_zero_root,PachDeZeeuw.Algebraic.coeffLineFactor_dvd_of_specialized_zero
HarmonicBuilding.homogeneousDichotomy,frame_2026_harmonic_building_conical
FormalizedScopeReach_Trials,FormalizedScopeReach_Times
Freiman.upper_sum_one,Freiman.upper_tree_normal
Freiman.upper_sum_one,Freiman.upper_same_tree_sum
Freiman.upper_sum_one,Freiman.upper_tree_roots
Freiman.upper_sum_one,Freiman.upper_tree_mesh
Freiman.upper_sum_one,Freiman_upperModel
Freiman.upper_sum_one,Freiman.upper_tree_coding_one
Freiman.middle_initial_chain_assembly,Freiman_middleRoots
HorizontalPadicL.elliptic_curve_nonvanishing,HorizontalPadicL.ellipticCurve_eigenform_specialization
HorizontalPadicL.elliptic_curve_nonvanishing,KN_HorizontalPadicL
HorizontalPadicL.elliptic_curve_nonvanishing,HorizontalPadicL.corollary_5_17
mme_omega_lt_237193,mme_omega_lt_237134
mme_omega_lt_237193,mme_omega
mme_omega_lt_237193,mme_dwz_fourth_237193_of_six_symmetric_surplus
mme_omega_lt_237193,mme_dwz_fourth_fixed_tau_value_surplus
Zeta23.WeilEF.logDeriv_partial_fraction_disk,Zeta23_Hypotheses
Zeta23.WeilEF.logDeriv_partial_fraction_disk,Zeta23_FromPNTPlus_Rectangle
Zeta23.WeilEF.logDeriv_partial_fraction_disk,Zeta23_FromPNTPlus_ZetaBounds
Zeta23.WeilEF.logDeriv_partial_fraction_disk,Zeta23.WeilEF.norm_logDeriv_Cf_le
Zeta23.WeilEF.logDeriv_partial_fraction_disk,Zeta23_Statement
Zeta23.WeilEF.logDeriv_partial_fraction_disk,Zeta23.WeilEF.finite_SetOfZeros
Zeta23.WeilEF.logDeriv_partial_fraction_disk,Zeta23_FromPNTPlus_Fourier
Zeta23.WeilEF.logDeriv_partial_fraction_disk,Zeta23_FromPNTPlus_EulerMaclaurin
Zeta23.WeilEF.logDeriv_partial_fraction_disk,Zeta23_FromPNTPlus_StrongPNTPrefix
Zeta23.WeilEF.logDeriv_partial_fraction_disk,Zeta23.WeilEF.logDeriv_split
Zeta23.WeilEF.logDeriv_partial_fraction_disk,ZerosBound
Zeta23.WeilEF.logDeriv_partial_fraction_disk,Zeta23_Defs
Zeta23.WeilEF.logDeriv_partial_fraction_disk,Zeta23_FromPNTPlus_ResidueCalcOnRectangles
triv_bound_zeta,Rectangle_defs
triv_bound_zeta,ZetaBounds_defs
triv_bound_zeta,EulerMaclaurin_defs
triv_bound_zeta,dlog_riemannZeta_bdd_on_vertical_lines_generalized
triv_bound_zeta,Fourier_defs
triv_bound_zeta,riemannZetaLogDerivResidue
triv_bound_zeta,ResidueCalcOnRectangles_defs
departedSojourn_le_queueArea,queueing_continuous_time
mme_strassen_lt_three_mul_of_tau_value_surplus,mme_tau_value_le_of_asymptoticRank_le
mme_strassen_lt_three_mul_of_tau_value_surplus,mme_tau_value
BanditAlgorithm.pmSignalMeasure_eq_symmetric_perturbation_of_fiber_sum,PartialMonitoringStochastic
BSD.birch_swinnerton_dyer_of_two_le_analyticOrderAt,BSD
Problem97.iCountAt_ge_six_of_K4,Erdos9796Counting_Foundation
Problem97.iCountAt_ge_six_of_K4,Erdos9796Counting_Adapter
Problem97.iCountAt_ge_six_of_K4,Erdos9796Counting_IsoscelesCount
LinearOptimization.cone_unbounded_iff_extreme_ray,LinearOptimization.polyhedron_extreme_point_existence
LinearOptimization.cone_unbounded_iff_extreme_ray,LinearOptimization.cone_pointed_iff_extreme_zero
LinearOptimization.cone_unbounded_iff_extreme_ray,LinearOptimization_RecessionCone
LinearOptimization.cone_unbounded_iff_extreme_ray,LinearOptimization.lp_vertex_extreme_bfs_equiv
Freiman.middleRepair_path_realized,Freiman.middleRepair_frame_path_realized
Freiman.middleRepair_path_realized,Freiman_middleRepair
Freiman.middleRepair_path_realized,Freiman.middleRepair_frame_path_lift
Freiman.upper_sum_A,Freiman.upper_tree_normal
Freiman.upper_sum_A,Freiman.upper_same_tree_sum
Freiman.upper_sum_A,Freiman.upper_tree_roots
Freiman.upper_sum_A,Freiman.upper_tree_mesh
Freiman.upper_sum_A,Freiman.upper_tree_coding_A
Freiman.upper_sum_A,Freiman_upperModel
HarmonicBuildingKL.orderDenominatorDividesWeylWD,frame_2026_harmonic_building_conical
HarmonicBuildingKL.orderDenominatorDividesWeylWD,euclidean_building_directions
CircleMethod.norm_sum_e_le_inv_nrm,CircleMethod.norm_e_sub_one_le_two
CircleMethod.norm_sum_e_le_inv_nrm,CircleMethod.nrm_pos_of_not_int
CircleMethod.norm_sum_e_le_inv_nrm,CircleMethod.sum_e_geom
CircleMethod.norm_sum_e_le_inv_nrm,CircleMethod.norm_e_sub_one_ge
CircleMethod.norm_sum_e_le_inv_nrm,CircleMethod_char
CircleMethod_waring,CircleMethod_char
OpenGA.nonempty_widthComparisonData_of_areaEvolution,OpenGA.integral_areaDensity_le_energyDensity
OpenGA.nonempty_widthComparisonData_of_areaEvolution,OpenGA_WidthAreaEvolutionData
BanditAlgorithm.linear_bandit_unit_ball_minimax_lower_bound,BanditAlgorithm.linear_bandit_unit_ball_hypercube_regret_sum_lower_bound
BanditAlgorithm.linear_bandit_unit_ball_minimax_lower_bound,LinearBanditProtocol
Thurston23.thurston_question_23,Thurston23.exists_hyperbolicVolume_rat_mul_LChiMinusThree
Thurston23.thurston_question_23,Thurston23_bundle
Thurston23.thurston_question_23,catalan_ne_rat_mul_sqrt_three_LChiMinusThree
Thurston23.thurston_question_23,Thurston23.exists_hyperbolicVolume_rat_mul_catalan
lemma8_partial_coloring_round,shannonEntropy_pigeonhole
lemma8_partial_coloring_round,shellIdx
lemma8_partial_coloring_round,kleitman_diameter
lemma8_partial_coloring_round,RSign
lemma8_partial_coloring_round,shannonEntropy_shellFin_le
lemma8_partial_coloring_round,shannonEntropy_pi_le
lemma8_partial_coloring_round,shellFin
lemma8_partial_coloring_round,choose_sum_le_exp_mul_binEntropy
lemma8_partial_coloring_round,rowSumB
diophantine_triple_non_euler_lower_bound,diophantine_descent
MTT.Cohomology.signed_packet_multiplicity_one,MTT.Cohomology.integration_map
MTT.Cohomology.signed_packet_multiplicity_one,MTT.Cohomology.reflection_involutive
MTT.Cohomology.signed_packet_multiplicity_one,MTT.Cohomology.packet_span
MTT.Cohomology.signed_packet_multiplicity_one,MTT_Cohomology
buying_to_bundle_expected_bundle_quality_fluctuation_bound,buying_to_bundle_market
buying_to_bundle_expected_bundle_quality_fluctuation_bound,buying_to_bundle_bernoulli_product_sum_abs_mean_le
buying_to_bundle_expected_bundle_quality_fluctuation_bound,buying_to_bundle_quality_product_ae_mem_support
LinearOptimization.ellipsoid_update_halfspace_subset,LinearOptimization_EllipsoidMethod
LinearOptimization.polyhedron_extreme_point_existence,BasicSolution
LinearOptimization.polyhedron_extreme_point_existence,Vertex
LinearOptimization.polyhedron_extreme_point_existence,Polyhedron
LinearOptimization.polyhedron_extreme_point_existence,LinearOptimization.lp_active_constraint_equiv
LinearOptimization.polyhedron_extreme_point_existence,ContainsLine
LinearOptimization.polyhedron_extreme_point_existence,LinearOptimization.lp_vertex_extreme_bfs_equiv
BFFPyramidal.lemma_III,BFFPyramidal_pyramidal
BFFPyramidal.lemma_III,BFFPyramidal_arithmetic
MellinOfSmooth1c,MellinCalculus_defs
MellinOfSmooth1c,DifferentiableAt.comp_ofReal
MellinOfSmooth1c,Function.support_ofReal
MellinOfSmooth1c,MellinOfSmooth1a
CircleMethod.norm_S_le,CircleMethod.sum_e_div_orthogonality
CircleMethod.norm_S_le,CircleMethod.e_zero
CircleMethod.norm_S_le,CircleMethod.e_intCast
CircleMethod.norm_S_le,CircleMethod_waring
CircleMethod.norm_S_le,CircleMethod.norm_e
CircleMethod.norm_S_le,CircleMethod.e_add_intCast
mme_mm_spectral,mme_jensen
mme_mm_spectral,mme_duality
Smooth1MellinDifferentiable,MellinCalculus_defs
Smooth1MellinDifferentiable,Smooth1Properties_above
Smooth1MellinDifferentiable,Smooth1ContinuousAt
Smooth1MellinDifferentiable,Smooth1Nonneg
Smooth1MellinDifferentiable,Smooth1LeOne
MagicSquares.semi_magic_count_three,MagicSquares.sm3_params_card
MagicSquares.semi_magic_count_three,MagicSquaresSemiMagic3
MagicSquares.semi_magic_count_three,MagicSquares
MagicSquares.semi_magic_count_three,MagicSquares.sm3_bij
MTT.Cohomology.base_change,MTT.Cohomology.integral_classes_span
MTT.Cohomology.base_change,MTT_Cohomology
MTT.Cohomology.base_change,MTT.Cohomology.manin_generation
mme_kronFin_family_mode_map_basis_data,mme_TypeGrading_kron
mme_kronFin_family_mode_map_basis_data,mme_kronFin_mode_pi_basis
MTT.Cohomology.period_cocycle_injective,MTT.Cohomology.principal_period_equivariant_primitive
MTT.Cohomology.period_cocycle_injective,MTT_Cohomology_Integration
MTT.Cohomology.period_cocycle_injective,MTT.Cohomology.equivariant_primitive_pairings_zero
MTT.Cohomology.period_cocycle_injective,MTT.Cohomology.period_reflected_cusp_form
MTT.Cohomology.period_cocycle_injective,MTT.Cohomology.period_pairing_petersson_definite
mme_kronPow_fiber_grouping_preserves_tensor_and_basis,mme_kronPow_position_permutation_linear_data
mme_kronPow_fiber_grouping_preserves_tensor_and_basis,mme_kronFin_mode_pi_basis
SymplecticFreeModules.simplicityCriterion,frame_2026_symplectic_free_modules_interfaces
SymplecticFreeModules.simplicityCriterion,SymplecticFreeModules.irreducible_off_exceptional
SymplecticFreeModules.simplicityCriterion,SymplecticFreeModules.not_simple_on_exceptional
ErdosStraus242.mod24_reduction,ErdosStraus242
ErdosStraus242.mod24_reduction,ErdosStraus242.elementary_mod24
ErdosStraus242.mod24_reduction,ErdosStraus242.scaling
Problem97.inner_chord_eq_two_mul_inner_midpoint,Erdos9796Counting_Foundation
Problem97.inner_chord_eq_two_mul_inner_midpoint,Erdos9796Counting_Adapter
LinearOptimization.simplex_reduced_cost_optimality,LinearOptimization_ReducedCost
LinearOptimization.simplex_reduced_cost_optimality,Polyhedron
LinearOptimization.simplex_reduced_cost_optimality,LinearOptimization.lp_vertex_extreme_bfs_equiv
ConvexOptimization_IsLownerJohn,ConvexOptimization_ellipsoidBody
CodingTheory.codeCharacterSum,CodingTheory
BanditAlgorithm.self_normalized_martingale_bound,BanditAlgorithm.isotropic_gaussian_unregularized_quadratic_mixture
BanditAlgorithm.self_normalized_martingale_bound,SelfNormalizedProcess
BanditAlgorithm.self_normalized_martingale_bound,BanditAlgorithm.linear_bandit_mixture_supermartingale
BanditAlgorithm.self_normalized_martingale_bound,BanditAlgorithm.nonnegative_supermartingale_ville
exp3Policy,BanditPolicy
WeakGoldbach.symmetric_pair_count_pos_above_2e18,WeakGoldbach.singular_series_factor_ge_one
WeakGoldbach.symmetric_pair_count_pos_above_2e18,WeakGoldbach.symmetric_pair_main_term_above_2e18
PrimalDualOnline.SkiRental.weak_duality,PrimalDualOnline_SkiRentalAlg
PrimalDualOnline.SkiRental.weak_duality,PrimalDualOnline_SkiRentalLP
BanditAlgorithm.exp3_estimate_advantage_bound,exp3Policy
BanditAlgorithm.exp3_estimate_advantage_bound,AdversarialBandit
MarkovChainCLT.clt_of_summable_sqrt_phi,MixingCoefficients
MarkovChainCLT.clt_of_summable_sqrt_phi,MarkovChainCLT.clt_of_summable_rho
MarkovChainCLT.clt_of_summable_sqrt_phi,MarkovChainCLT.rhoMixingCoef_nonneg_le_one_of_finite
MarkovChainCLT.clt_of_summable_sqrt_phi,MarkovChainCLT.rhoMixingCoef_le_two_mul_sqrt_phiMixingCoef
collatz_descent,collatz_descent_even
collatz_descent,collatz_descent_three_mod_four
collatz_descent,collatzStepMap
collatz_descent,collatz_descent_one_mod_four
FiniteMagmaE677.unique_left_orbit_complement_collision_gives_fixer,FiniteMagmaE677.cross_boundary_collision_propagates_to_left_successor
FiniteMagmaE677.unique_left_orbit_complement_collision_gives_fixer,FiniteMagmaE677.fixer_unique
FiniteMagmaE677.unique_left_orbit_complement_collision_gives_fixer,FiniteMagmaE677
FiniteMagmaE677.unique_left_orbit_complement_collision_gives_fixer,FiniteMagmaE677.left_bijective
FiniteMagmaE677.unique_left_orbit_complement_collision_gives_fixer,FiniteMagmaE677.backward_recurrence
MarkovChainCLT.isStrictlyStationary_comp,MixingCoefficients
Freiman.gap_certificate_soundness,Freiman_gapCertificateData
Freiman.gap_certificate_soundness,Freiman.gap_leaf_soundness
Freiman.gap_certificate_soundness,Freiman.gap_partition_coverage
single_server_queueing_convergence_of_subcritical,forward_coupling_implies_queue_two_point_convergence
single_server_queueing_convergence_of_subcritical,subcritical_single_server_queue_eventually_couples
single_server_queueing_convergence_of_subcritical,single_server_queueing_stability
momentAngle_fullSubcomplex_homology_retract,frame_2026_moment_angle_interfaces
BanditAlgorithm.exp3_expected_regret_generic_bound,exp3Policy
BanditAlgorithm.exp3_expected_regret_generic_bound,BanditAlgorithm.exp3_estimate_advantage_bound
BanditAlgorithm.exp3_expected_regret_generic_bound,AdversarialBandit
BanditAlgorithm.exp3_expected_regret_generic_bound,BanditAlgorithm.exp3_estimate_unbiased
InformationTheory.klDiv_map_measurableEmbedding,InformationTheory.klDiv_map_eq_klDiv_trim_comap
Problem97.CGN.edgeAt_mem_powersetCard,Erdos9796Counting_CGN_CGN
Problem97.CGN.edgeAt_mem_powersetCard,Erdos9796Counting_Adapter
BunkbedFalse.bb_boundary_reduce,BunkbedSubstituted
Erdos9796Counting_CGN_CGN4g,Erdos9796Counting_CGN_CGN
Erdos9796Counting_CGN_CGN4g,Erdos9796Counting_Adapter
StochasticLinearBandit,StochasticBandit
StochasticLinearBandit,SelfNormalizedProcess
HorizontalPadicL.horizontalPadicLFunction_implies_corollary_5_17,KN_HorizontalPadicLFunction
MarkovChainCLT.clt_iff_uniformlyIntegrable_of_alpha_mixing,MixingCoefficients
MarkovChainCLT.clt_iff_uniformlyIntegrable_of_alpha_mixing,MarkovChainCLT.alpha_cov_bounded
MarkovChainCLT.clt_iff_uniformlyIntegrable_of_alpha_mixing,MarkovChainCLT.alpha_indicator_cov_le
MarkovChainCLT.clt_iff_uniformlyIntegrable_of_alpha_mixing,MarkovChainCLT.processSigma_le_of_measurable
mme_stothers_fixed_outer_profile,mme_stothers_fourth_data
SymplecticFreeModules.tauFamily_of_hasGeneratorAction,frame_2026_symplectic_free_modules_interfaces
SymplecticFreeModules.tauFamily_of_hasGeneratorAction,SymplecticFreeModules.isFreeRankOne_of_hasGeneratorAction
BanditAlgorithm.exists_isOptimalAllocation_gaussian,TrackAndStop
BanditAlgorithm.exists_isOptimalAllocation_gaussian,GaussianBandit
QuantumParallelRepetition.Strategy.jointMeasurementOperator_positive,quantum_parallel_repetition_game
Freiman.lower_family_root,Freiman.lower_marked_entry_transfer
Freiman.lower_family_root,Freiman_lowerCertificates
Freiman.lower_family_root,Freiman.lower_six_entry_geometry
CircleMethod.abs_sin_pi_mul,CircleMethod_char
Hirsch.polynomial_hirsch_conjecture,Hirsch_model
Hirsch.polynomial_hirsch_conjecture,Hirsch.balanced_polynomial_bound
Hirsch.polynomial_hirsch_conjecture,Hirsch.balanced_hpoly_transfer
FourierMotzkinStep,Polyhedron
BanditAlgorithm.bandit_stopped_klDiv_le_expected_information,BanditAlgorithm.bandit_bounded_stopping_klDiv_le_expected_information
BanditAlgorithm.bandit_stopped_klDiv_le_expected_information,BanditTrajectory
BanditAlgorithm.bandit_stopped_klDiv_le_expected_information,BanditAlgorithm.klDiv_stopped_le_iSup_truncations
mm_spectral,mm_lower
mm_spectral,mm_mixing
BrinSquier.zsq_of_not_abelian,HomeoLine.exists_mem_closure_apply_gt
BrinSquier.zsq_of_not_abelian,HomeoLine.mem_connectedComponentIn_of_fixes_compl
BrinSquier.zsq_of_not_abelian,HomeoLine.zpow_moves_of_moves
BrinSquier.zsq_of_not_abelian,BrinSquier
BrinSquier.zsq_of_not_abelian,BrinSquier.supp_finite_components
BrinSquier.zsq_of_not_abelian,BrinSquier.compact_closure_supp_commutator
BrinSquier.zsq_of_not_abelian,BrinSquier.closure_supp_commutator_subset
BrinSquier.zsq_of_not_abelian,BrinSquier.supp_conj
BrinSquier.zsq_of_not_abelian,BrinSquier.freeAbelianBasis_infinite_of_not_abelian
BrinSquier.zsq_of_not_abelian,TopCover.finite_components_of_finite_cover
Finset.dense_bipartite_has_path3_rectangle,Finset.graph_high_degree_subset_lb
Finset.dense_bipartite_has_path3_rectangle,Finset.graph_pair_dependentRandomChoice
Erdos180.symplecticAutomorphism_incidence_iff,erdos180_core4
GameSetMatch.hypergeomWeight_odd_le,GameSetMatchInternal
TaoFivePrimes.five_primes,strong_goldbach_conjecture
TaoFivePrimes.five_primes,WeakGoldbach.three_primes
Chou.hasPackingProperty_of_forall_finite_exists_quotient,CannonFloydParry.not_elementaryAmenable_F
Chou.hasPackingProperty_of_forall_finite_exists_quotient,CannonFloydParry.no_free_subgroup_of_rank_two
Chou.hasPackingProperty_of_forall_finite_exists_quotient,Chou_ElementaryAmenable
Chou.hasPackingProperty_of_forall_finite_exists_quotient,Chou_Classes
Freiman.exact_gap,Freiman_cF
Freiman.exact_gap,Freiman.markov_symbolic
Freiman.exact_gap,Freiman_gapThreshold
Freiman.exact_gap,Freiman.gap_symbolic_exact
Freiman.exact_gap,Freiman_markovSpectrum
GameSetMatch.nestedBestOfWinProb_adv,GameSetMatchInternal
GameSetMatch.nestedBestOfWinProb_adv,GameSetMatch.majorityAdv_odd_eq_bestOfWinProb
Freiman.gap_maximum_bound,Freiman.gap_maximum_admissible
Freiman.gap_maximum_bound,Freiman.gap_join_centre
Freiman.gap_maximum_bound,Freiman_gapModel
Freiman.gap_maximum_bound,Freiman.gap_endpoint_A_value
Freiman.gap_maximum_bound,Freiman.gap_maximum_left_tail
Freiman.gap_maximum_bound,Freiman.gap_seed_centre
Freiman.gap_maximum_bound,Freiman.gap_maximum_right_tail
Freiman.gap_maximum_bound,Freiman.gap_capped_digits
PachDeZeeuw.Algebraic.totalDegree_pderiv_le_sub_one,PdzPrelim
mme_Ctensor_one_H_one_outer_family_balanced_extractions_sqrt_loss,mme_Ctensor_outer_inner_balanced_weight_sqrt_loss
mme_Ctensor_one_H_one_outer_family_balanced_extractions_sqrt_loss,mme_Ctensor_outer_family_double_balanced_extraction
mme_Ctensor_one_H_one_outer_family_balanced_extractions_sqrt_loss,CTensorOneHOneFamilyCertificate
mme_Ctensor_one_H_one_outer_family_balanced_extractions_sqrt_loss,mme_CW_coupled_value
CoherentRisk.var_not_subadditive,CoherentRisk
CollapsibleCubics.depressed_cubic_collapsible_of_not_normForm_repr,CollapsibleCubics.exists_split_product_mod_depressed_cubic_of_not_normForm_repr
CollapsibleCubics.depressed_cubic_collapsible_of_not_normForm_repr,CollapsibleCubics.collapsible_iff_prod
CollapsibleCubics.depressed_cubic_collapsible_of_not_normForm_repr,CollapsibleCubics_basic
MTT.periods_exist,MTT.Cohomology.integration_map
MTT.periods_exist,MTT.Cohomology.evaluation_lattice
MTT.periods_exist,MTT.Cohomology.integral_finite_generation
MTT.periods_exist,MTT.Cohomology.signed_packet_multiplicity_one
MTT.periods_exist,MTT.Cohomology.base_change
MTT.periods_exist,MTT.Cohomology.eigenclass_descent
MTT.periods_exist,MTT.Cohomology.signed_evaluation
MTT.periods_exist,MTT_Measures
MTT.periods_exist,MTT_Cohomology
Green_Tao_Theorem,green_tao_theorem
KerrBL.vacKerr_tt,KerrBL_Kerr_ClosedForms
SymplecticFreeModules.weightRepresentationIffConstant,frame_2026_symplectic_free_modules_interfaces
LinearOptimization_LagrangeanDual,LinearOptimization_IntegerProgram
PachDeZeeuw.Algebraic.resultant_ne_zero_of_isRelPrime_primitive_curry,PachDeZeeuw.Algebraic.isRelPrime_fraction_map_of_isPrimitive
PachDeZeeuw.Algebraic.resultant_ne_zero_of_isRelPrime_primitive_curry,PachDeZeeuw.Algebraic.resultant_ne_zero_of_fraction_coprime
PachDeZeeuw.Algebraic.resultant_ne_zero_of_isRelPrime_primitive_curry,PdzPrelim
Freiman.form_reduced_orbit_exists,Freiman.form_orbit_forward_tail
Freiman.form_reduced_orbit_exists,Freiman.form_orbit_backward_tail
Freiman.form_reduced_orbit_exists,Freiman_reducedForms
Freiman.form_reduced_orbit_exists,Freiman.cfValue_surjective_irrational_unit
Freiman.form_reduced_orbit_exists,Freiman.form_symbolic_orbit
PachDeZeeuw.Algebraic.nonsingular_point_has_infinite_zeroSet_of_partial0,PachDeZeeuw.Algebraic.swapPoint_swapPoint
PachDeZeeuw.Algebraic.nonsingular_point_has_infinite_zeroSet_of_partial0,PachDeZeeuw.Algebraic.mem_PlaneCurveZeroSet
PachDeZeeuw.Algebraic.nonsingular_point_has_infinite_zeroSet_of_partial0,PachDeZeeuw.Algebraic.nonsingular_point_has_infinite_zeroSet_of_partial1
PachDeZeeuw.Algebraic.nonsingular_point_has_infinite_zeroSet_of_partial0,PdzBezout
MTT.Cohomology.eichler_shimura_hecke_compatible_char,MTT.Cohomology.reflection_involutive
MTT.Cohomology.eichler_shimura_hecke_compatible_char,MTT.exists_cuspForm_heckePrime_pos
MTT.Cohomology.eichler_shimura_hecke_compatible_char,MTT.Cohomology.eichler_shimura_direct
MTT.Cohomology.eichler_shimura_hecke_compatible_char,MTT.Cohomology.primeHecke_boundary_datum
MTT.Cohomology.eichler_shimura_hecke_compatible_char,MTT_Cohomology_Boundary
MTT.Cohomology.eichler_shimura_hecke_compatible_char,MTT.Cohomology.reflection_class
MTT.Cohomology.eichler_shimura_hecke_compatible_char,MTT.Cohomology.character_law_of_class
Freiman.symbolicLagrange_subset_symbolicMarkov,Freiman_symbolicMarkovSpectrum
AlmostLossless.card_codebooks,Geometry_AlmostLosslessCore
CircleMethod.norm_e_sub_one_le_two_pi_mul,CircleMethod.norm_e_sub_one
CircleMethod.norm_e_sub_one_le_two_pi_mul,CircleMethod_char
MatrixCompletion.NoSpuriousMin.alignment_exists,MCNoSpuriousMinModel
Bochner.fourierTransform_nonneg,PositiveDefinite
Bochner.fourierTransform_nonneg,Bochner.posDef_continuous_extension
RybinAI2026.P16.six_mutually_unbiased_hadamards,Matrix.normSq_eq_of_scaled_unitary_core
RybinAI2026.P16.six_mutually_unbiased_hadamards,RybinAI2026.P16.six_hadamards_five_by_five_constraints
OPG500Counterexample.eight_vertex_counterexample,OPG500Counterexample.finite_geodesic_cycles_generate
OPG500Counterexample.eight_vertex_counterexample,opg500_eight_vertex_graph
OPG500Counterexample.eight_vertex_counterexample,OPG500Counterexample.tight_edge_metric_bridge
OPG500Counterexample.eight_vertex_counterexample,OPG500Counterexample.core_link_rank_gap
OPG500Counterexample.eight_vertex_counterexample,OPG500Counterexample.eight_vertex_graph_structure
CircleMethod.locDens_zero_modulus,CircleMethod.e_zero
CircleMethod.locDens_zero_modulus,CircleMethod.e_intCast
CircleMethod.locDens_zero_modulus,CircleMethod_waring
CircleMethod.locDens_zero_modulus,CircleMethod.norm_e
CircleMethod.locDens_zero_modulus,CircleMethod.e_add_intCast
CircleMethod.locDens_zero_modulus,CircleMethod.e_add
DiazModulus.diaz_of_exp_not_real_irrational_angle_period_free,DiazModulus
DiazModulus.diaz_of_exp_not_real_irrational_angle_period_free,DiazModulus.diaz_of_exp_not_real_irrational_angle_period_free_pi_im_transcendental
DiazModulus.diaz_of_exp_not_real_irrational_angle_period_free,DiazModulus.diaz_of_exp_not_real_irrational_angle_period_free_pi_im_algebraic
ShiOptRates.Spider.quantum_beats_classical_iff,ShiOptrates_Cost
ShiOptRates.Spider.quantum_beats_classical_iff,ShiOptrates_Spider
ShiOptRates.Spider.quantum_beats_classical_iff,ShiOptrates_FunctionClass
Freiman.form_orbit_backward_tail,Freiman.cf_convergence
Freiman.form_orbit_backward_tail,Freiman.prefixEval_cylinder_bound
Freiman.form_orbit_backward_tail,Freiman.cylinder_bound_tendsto
Freiman.form_orbit_backward_tail,Freiman_reducedForms
Freiman.form_orbit_backward_tail,Freiman.cfValue_prefix
GribovRegion.region_bounded_along_rays,gribov_region_model
FiniteReflectionPositivityMethodsI.torus4Spectrum,FiniteReflectionPositivityMethodsI
KellyCriterion.growthRate_le_growthRate_optimalFraction,KellyCriterion
metric_alexandrov_angle,metric_geodesic_angle
diophantine_degree_ge_two_case_four_quintuple,diophantine_descent
AGT.gibbard_satterthwaite,agt_social
AGT.gibbard_satterthwaite,AGT.ic_iff_monotone
AGT.gibbard_satterthwaite,AGT.arrow_theorem
mme_stothers_fixed_profile_fourth_value_of_capacity_and_blocks,mme_strict_pow_absorbs_sqrt_exp_loss
mme_stothers_fixed_profile_fourth_value_of_capacity_and_blocks,mme_stothers_fixed_outer_profile
mme_stothers_fixed_profile_fourth_value_of_capacity_and_blocks,mme_HasTauValueAtLeast_bigAdd_uniform_strict
mme_stothers_fixed_profile_fourth_value_of_capacity_and_blocks,mme_HasTauValueAtLeast_kronPow_root
mme_stothers_fixed_profile_fourth_value_of_capacity_and_blocks,mme_induced_graded_address_blocks_restrict
mme_stothers_fixed_profile_fourth_value_of_capacity_and_blocks,mme_HasTauValueAtLeast_mono_restrict
mme_stothers_fixed_profile_fourth_value_of_capacity_and_blocks,mme_induced_word_zeroing
PoincareFormalization.ExtinctionEndgame.exists_measured_surgery_topology,OpenGA_MeasuredSurgeryComparisonData
PoincareFormalization.ExtinctionEndgame.exists_measured_surgery_topology,OpenGA_ExtinctionWidthControl
PoincareFormalization.ExtinctionEndgame.exists_measured_surgery_topology,PoincareFormalization.ExtinctionEndgame.exists_area_evolution_surgery_topology
PoincareFormalization.ExtinctionEndgame.exists_measured_surgery_topology,OpenGA.nonempty_measuredSurgeryComparisonData_of_areaEvolution
QuantumParallelRepetition.entangledValue_tendsto_zero,quantum_parallel_repetition_game
QuantumParallelRepetition.entangledValue_tendsto_zero,QuantumParallelRepetition.entangledValue_exponential_decay
QuantumParallelRepetition.entangledValue_tendsto_zero,QuantumParallelRepetition.entangledValue_nonneg
CannonFloydParry.exists_mulEquiv_F1_F,CannonFloydParry_TreeDiagrams
CannonFloydParry.exists_mulEquiv_F1_F,CannonFloydParry.closure_mapA_mapB_eq_F
CannonFloydParry.exists_mulEquiv_F1_F,CannonFloydParry.word_ne_one_of_isNormalFormData
CannonFloydParry.exists_mulEquiv_F1_F,CannonFloydParry_Presentations
CannonFloydParry.exists_mulEquiv_F1_F,CannonFloydParry
CannonFloydParry.exists_mulEquiv_F1_F,CannonFloydParry_Trees
ConvexOptimization.sc_suboptimality_from_decrement,ConvexOptimization_selfConcordance
ConvexOptimization.sc_suboptimality_from_decrement,ConvexOptimization.neg_lam_sub_log_le_sq
ConvexOptimization.sc_suboptimality_from_decrement,ConvexOptimization.sc_suboptimality_le_neg_lam_sub_log
BunkbedAux.xc_and_A_weight,BunkbedWZRefined
MarkovMixing.exists_stationary_pos,MarkovMixing.summable_hitting_tails
MarkovMixing.exists_stationary_pos,mm_path
MarkovMixing.exists_stationary_pos,MarkovMixing.stationary_unique
MarkovMixing.diameter_lower_bound,mm_lower
MarkovMixing.diameter_lower_bound,MarkovMixing.convergence_theorem
MarkovMixing.diameter_lower_bound,MarkovMixing.dist_le_distPairs
Freiman.localValue_window_bound,Freiman.cfValue_cylinder_bound
Freiman.localValue_window_bound,Freiman_symbolicMarkovSpectrum
BanditAlgorithm.chernoff_stopping_rule_sound,BanditAlgorithm.chernoff_glr_never_favours_suboptimal_arm
BanditAlgorithm.chernoff_stopping_rule_sound,BanditAlgorithm.chernoff_stopping_rule_wellformed
BanditAlgorithm.chernoff_stopping_rule_sound,TrackAndStop
BanditAlgorithm.chernoff_stopping_rule_sound,GaussianBandit
RybinAI2026.P16.projectiveToricDesign36_to_six_hadamards,mub6_projective_toric_design
FiniteMagmaE677.fixer_exists,FiniteMagmaE677.orbit_right_collision_or_fixer
FiniteMagmaE677.fixer_exists,FiniteMagmaE677.unique_left_orbit_complement_escape_gives_fixer
FiniteMagmaE677.fixer_exists,FiniteMagmaE677
FiniteMagmaE677.fixer_exists,FiniteMagmaE677.two_left_orbit_complement_elements_escape_gives_fixer
ReservoirESN.esp_of_contracting,ReservoirESN
BanditAlgorithm.bandit_kl_ucb_finite_regret_bound,banditRegret
BanditAlgorithm.bandit_kl_ucb_finite_regret_bound,BanditAlgorithm.bandit_regret_decomposition
BanditAlgorithm.bandit_kl_ucb_finite_regret_bound,bernoulliRelativeEntropy
BanditAlgorithm.bandit_kl_ucb_finite_regret_bound,BanditAlgorithm.bandit_kl_ucb_suboptimal_arm_pull_bound
BanditAlgorithm.gaussian_ts_suboptimal_exact_rank_overshoot_sum_sharp,ThompsonSampling
BanditAlgorithm.gaussian_ts_suboptimal_exact_rank_overshoot_sum_sharp,BanditAlgorithm.bandit_ucb_index_exponential_sum_bound_sharp
BanditAlgorithm.gaussian_ts_suboptimal_exact_rank_overshoot_sum_sharp,GaussianBandit
BanditAlgorithm.gaussian_ts_suboptimal_exact_rank_overshoot_sum_sharp,BanditAlgorithm.gaussian_exact_rank_posterior_overshoot_probability_bound
BrinSquier.isPLF_mul,LocallyAffine.affineAt_comp
BrinSquier.isPLF_mul,BrinSquier
RybinAI2026.P01.matrix_integral_inequality_scalar_threshold,rybin2026_p01_matrix_integral
mme_dwz_fourth_237193_of_six_symmetric_surplus,mme_CW_fourth_asymptoticRank_le
mme_dwz_fourth_237193_of_six_symmetric_surplus,mme_six_symmetric_tau_value_to_direct_of_iso
mme_dwz_fourth_237193_of_six_symmetric_surplus,mme_six_symmetrized_tau_value
mme_dwz_fourth_237193_of_six_symmetric_surplus,mme_strassen_lt_three_mul_of_tau_value_surplus
mme_dwz_fourth_237193_of_six_symmetric_surplus,mme_omega_eq_strassen
mme_dwz_fourth_237193_of_six_symmetric_surplus,mme_stothers_fourth_data
mme_dwz_fourth_237193_of_six_symmetric_surplus,mme_CW_fourth_six_symmetrization_iso
OpenGA.MeasuredReferenceBall.anchor_pos,Riemannian.RiemannianMetric.measure_geodesicBall_pos
OpenGA.MeasuredReferenceBall.anchor_pos,Riemannian.RiemannianMetric.isOpen_geodesicBall
OpenGA.MeasuredReferenceBall.anchor_pos,OpenGA_MeasuredReferenceBall
RybinAI2026.P01.matrix_integral_inequality_integer_gram_reindex_residual,RybinAI2026.P01.matrix_integral_inequality_integer_gram_ratio_residual
RybinAI2026.P01.matrix_integral_inequality_integer_gram_reindex_residual,rybin2026_p01_matrix_integral
Rudin.ch08_parseval,Rudin.ch08_parseval_L2_conv
Rudin.ch08_parseval,Rudin_ch08_fourier
Rudin.ch08_parseval,Rudin.ch08_parseval_norm
Rudin.ch08_parseval,Rudin.ch08_parseval_inner
LinearOptimization.network_incidence_rank,LinearOptimization_NetworkFlowProblem
Hairer.testFunction_decomposition_scaledTest,Hairer_TestFunctions
AGT.no_swap_regret_algorithm,AGT.external_to_swap_reduction
AGT.no_swap_regret_algorithm,agt_regret
AGT.no_swap_regret_algorithm,AGT.polynomial_weights_bound
HorizontalPadicL.ellipticCurve_eigenform_specialization,KN_HorizontalPadicLFunction
HorizontalPadicL.ellipticCurve_eigenform_specialization,MTT.hasSum_heckePrime
HorizontalPadicL.ellipticCurve_eigenform_specialization,FLTPrelim_Modularity
HorizontalPadicL.ellipticCurve_eigenform_specialization,HorizontalPadicL.ellipticCurve_attachedForm_isNormalizedEigenform
Erdos146.pairGraphOverFin_connected,Erdos146.ParentSystem.graph_adj_iff
Erdos146.pairGraphOverFin_connected,erdos146_core2
BanditAlgorithm.thompson_sampling_gaussian_minimax_regret,ThompsonSampling
BanditAlgorithm.thompson_sampling_gaussian_minimax_regret,banditRegret
BanditAlgorithm.thompson_sampling_gaussian_minimax_regret,BanditAlgorithm.finite_gap_pull_bound_to_minimax
BanditAlgorithm.thompson_sampling_gaussian_minimax_regret,BanditAlgorithm.gaussian_ts_suboptimal_pull_count_bound
BanditAlgorithm.thompson_sampling_gaussian_minimax_regret,BanditAlgorithm.bandit_regret_decomposition
BanditAlgorithm.thompson_sampling_gaussian_minimax_regret,BanditAlgorithm.bandit_canonical_occupation_identities
BanditAlgorithm.thompson_sampling_gaussian_minimax_regret,GaussianBandit
Freiman.shifted_words_subsequence,Freiman_symbolicMarkovSpectrum
Freiman.shifted_words_subsequence,Freiman.bounded_words_subsequence
Freiman.shifted_words_subsequence,Freiman.shift_eventually_digit_bound
Chou.hasPackingProperty_int,CannonFloydParry.not_elementaryAmenable_F
Chou.hasPackingProperty_int,CannonFloydParry.no_free_subgroup_of_rank_two
Chou.hasPackingProperty_int,Chou_ElementaryAmenable
Chou.hasPackingProperty_int,Chou_Classes
PrimalDualOnline.SkiRental.fractional_competitive,PrimalDualOnline_SkiRentalAlg
PrimalDualOnline.SkiRental.fractional_competitive,PrimalDualOnline.SkiRental.algX_monotone
PrimalDualOnline.SkiRental.fractional_competitive,PrimalDualOnline.SkiRental.alg_dual_feasible
PrimalDualOnline.SkiRental.fractional_competitive,PrimalDualOnline.SkiRental.weak_duality
PrimalDualOnline.SkiRental.fractional_competitive,PrimalDualOnline_SkiRentalLP
PrimalDualOnline.SkiRental.fractional_competitive,PrimalDualOnline.SkiRental.lp_optimum_box
PrimalDualOnline.SkiRental.fractional_competitive,PrimalDualOnline.SkiRental.alg_primal_feasible
PrimalDualOnline.SkiRental.fractional_competitive,PrimalDualOnline.SkiRental.alg_cost_eq_ratio_mul_dual
DiazModulus.diaz_locus_dictionary,DiazModulus
DiazModulus.diaz_locus_dictionary,Diaz.normal_form
DiazModulus.diaz_locus_dictionary,Diaz_Instantiation
queueLength_eq_arrivalCount_sub_departureCount,queueing_continuous_time
TaoFivePrimes.prime_in_short_interval,RamareSaouter2003.has_prime_in_interval
Erdos9796Counting_Moser_Triangle,Erdos9796Counting_Adapter
Erdos9796Counting_Moser_Triangle,Erdos9796Counting_MEC_Basic
Problem97.signedArea2_sign_eq_oangle_sign,Erdos9796Counting_Foundation
Problem97.signedArea2_sign_eq_oangle_sign,Erdos9796Counting_Adapter
Problem97.signedArea2_sign_eq_oangle_sign,Erdos9796Counting_SignedAreaOangle
BanditAlgorithm.asymptotic_ucb_suboptimal_arm_expected_pull_count_bound,asymptoticUcbPolicy
BanditAlgorithm.asymptotic_ucb_suboptimal_arm_expected_pull_count_bound,BanditAlgorithm.asymptotic_ucb_optimal_underestimation_count_bound
BanditAlgorithm.asymptotic_ucb_suboptimal_arm_expected_pull_count_bound,banditRegret
BanditAlgorithm.asymptotic_ucb_suboptimal_arm_expected_pull_count_bound,BanditAlgorithm.bandit_asymptotic_ucb_pull_count_failure_split
BanditAlgorithm.asymptotic_ucb_suboptimal_arm_expected_pull_count_bound,BanditAlgorithm.asymptotic_ucb_selected_overshoot_count_bound
CircleMethod.S_add_modulus,CircleMethod.sum_e_div_orthogonality
CircleMethod.S_add_modulus,CircleMethod.e_zero
CircleMethod.S_add_modulus,CircleMethod.e_intCast
CircleMethod.S_add_modulus,CircleMethod_waring
CircleMethod.S_add_modulus,CircleMethod.norm_e
CircleMethod.S_add_modulus,CircleMethod.e_add_intCast
buying_to_bundle_intermediate_surrogate_dispersion_gap_bound,buying_to_bundle_virtual_cost_integrable
buying_to_bundle_intermediate_surrogate_dispersion_gap_bound,monopoly_revenue_subexponential_dispersion_bound
buying_to_bundle_intermediate_surrogate_dispersion_gap_bound,buying_to_bundle_market
buying_to_bundle_intermediate_surrogate_dispersion_gap_bound,monopoly_revenue_measurable_family
ExcursionCoupling.lintegral_levelSet_count_le_eVariationOn,ExcursionCoupling.Fsigma_cadlag
ExcursionCoupling.lintegral_levelSet_count_le_eVariationOn,excursion_coupling
Freiman.middle_initial_certificates,Freiman.middle_initial_roots_1
Freiman.middle_initial_certificates,Freiman.middle_initial_roots_2
Freiman.middle_initial_certificates,Freiman.middle_initial_roots_3
Freiman.middle_initial_certificates,Freiman_middleRoots
MTT.Cohomology.integration_cochain_hecke_equivariant,MTT_Cohomology_Integration
QuantumParallelRepetition.unconditionalActualFairSourceRoundingData_exists_stoppedVerifier,quantum_parallel_repetition_game
QuantumParallelRepetition.unconditionalActualFairSourceRoundingData_exists_stoppedVerifier,qpr_core_28
QuantumParallelRepetition.unconditionalActualFairSourceRoundingData_exists_stoppedVerifier,QuantumParallelRepetition.unconditionalActualFairSourceRoundingContext_stoppedVerifier
QuantumParallelRepetition.unconditionalActualFairSourceRoundingData_exists_stoppedVerifier,QuantumParallelRepetition.unconditionalActualFairSourceRoundingContext_cleanBound
QuantumParallelRepetition.unconditionalActualFairSourceRoundingData_exists_stoppedVerifier,QuantumParallelRepetition.unconditionalActualFairSourceRoundingContext_clippingBound
LinearOptimization.polyhedron_std_form_has_bfs,BasicSolution
LinearOptimization.polyhedron_std_form_has_bfs,Vertex
LinearOptimization.polyhedron_std_form_has_bfs,LinearOptimization.polyhedron_extreme_point_existence
LinearOptimization.polyhedron_std_form_has_bfs,Polyhedron
LinearOptimization.polyhedron_std_form_has_bfs,LinearOptimization.lp_basic_solutions_finite
LinearOptimization.polyhedron_std_form_has_bfs,LinearOptimization.lp_active_constraint_equiv
LinearOptimization.polyhedron_std_form_has_bfs,ContainsLine
LinearOptimization.polyhedron_std_form_has_bfs,LinearOptimization.lp_vertex_extreme_bfs_equiv
HarmonicBuilding.circleLocalGeodesicSpeed,frame_2026_harmonic_building_conical
SipserGacsLautemann.shifted_cover_verifier_poly_time,sipser_gacs_lautemann
SipserGacsLautemann.shifted_cover_verifier_poly_time,sgl_verifier_constructions
SchinzelHypothesisH.hypothesis_H,SchinzelHypothesisH_core
GameSetMatch.nested_adv_le_majorityAdv,GameSetMatch.majorityAdv_nested_le
GameSetMatch.nested_adv_le_majorityAdv,GameSetMatchInternal
GameSetMatch.nested_adv_le_majorityAdv,GameSetMatch.majorityAdv_eq_centralBinom_sum
mme_omega_lt_CW,mme_CW_subrank_capacity_poly_lower
mme_omega_lt_CW,mme_omega
mme_omega_lt_CW,mme_CW_border_rank_le
mme_omega_lt_CW,mme_CW_numeric_optimum
mme_omega_lt_CW,mme_omega_eq_strassen
mme_omega_lt_CW,mme_omega_le_of_subrank_capacity_poly
mme_omega_lt_CW,mme_omega_lt_2376
Chou.isVirtuallyNilpotent_or_hasFreeSubsemigroupOfRankTwo_of_elementaryAmenable,Chou.isVirtuallyNilpotent_of_extension_of_not_hasFreeSubsemigroupOfRankTwo
Chou.isVirtuallyNilpotent_or_hasFreeSubsemigroupOfRankTwo_of_elementaryAmenable,Chou.isFinitelyPresented_of_isNilpotent_of_fg
Chou.isVirtuallyNilpotent_or_hasFreeSubsemigroupOfRankTwo_of_elementaryAmenable,Chou_Growth
Chou.isVirtuallyNilpotent_or_hasFreeSubsemigroupOfRankTwo_of_elementaryAmenable,Chou_ElementaryAmenable
Chou.isVirtuallyNilpotent_or_hasFreeSubsemigroupOfRankTwo_of_elementaryAmenable,Chou.isFinitelyPresented_of_isFinitelyPresented_of_finite_quotient
Chou.isVirtuallyNilpotent_or_hasFreeSubsemigroupOfRankTwo_of_elementaryAmenable,Chou.elementaryAmenable_iff_constructible
Chou.isVirtuallyNilpotent_or_hasFreeSubsemigroupOfRankTwo_of_elementaryAmenable,Chou_Classes
Chou.isVirtuallyNilpotent_or_hasFreeSubsemigroupOfRankTwo_of_elementaryAmenable,Chou.fg_of_isFinitelyPresented_quotient_of_not_hasFreeSubsemigroupOfRankTwo
syracuse_descent_seven_mod_thirtytwo,syracuse_descent_residual_seven_mod32_mod128
syracuse_descent_seven_mod_thirtytwo,syracuseStep
Erdos183.labelGraph_pullback_embedding,erdos183_core
mm_spectral,mm_lower
mm_spectral,mm_mixing
OpenGA_ExtinctionWidthControl,OpenGA_SurgeryTopologyEvolution
OpenGA_ExtinctionWidthControl,OpenGA_WidthComparisonTrace
HairerSPDE.evalAt_bounded_of_finite_cameronMartinNorm,HairerSPDE_CameronMartin
Hairer.reconstruction_theorem,Hairer_Model
Hairer.reconstruction_theorem,Hairer.reconstruction_uniqueness
Hairer.reconstruction_theorem,Hairer.reconstruction_operator
sgl_dpt_congr,sipser_gacs_lautemann
conj_riemannZeta_conj,conj_riemannZeta_conj_aux1
bernoulli_tangent_sampling_concentration_from_deviation_bound,matrix_completion_tangent
bernoulli_tangent_sampling_concentration_from_deviation_bound,bernoulli_tangent_sampling_concentration_from_zero_rate_deviation_bound
bernoulli_tangent_sampling_concentration_from_deviation_bound,bernoulli_tangent_sampling_concentration_from_positive_deviation_bound
Fejer.fejerKernel_tendsto_zero_away_from_origin,Fejer_fejerKernel
Fejer.fejerKernel_tendsto_zero_away_from_origin,Fejer.fejerKernel_closed_form
mme_HasTauValueAtLeast_multiple_extractions_below,mme_HasTauValueAtLeast_exists_positive_extraction_below
mme_HasTauValueAtLeast_multiple_extractions_below,mme_restrict_kronPow
mme_HasTauValueAtLeast_multiple_extractions_below,mme_bigAdd_MM_kronPow_tau_flatten
mme_HasTauValueAtLeast_multiple_extractions_below,mme_kronPow_kronPow_isomorphic
MarkovMixing.path_coupling,MarkovMixing.transport_metric
MarkovMixing.path_coupling,mm_transport
Vino.norm_vmSum_le,Vino_primes
Vino.norm_vmSum_le,CircleMethod.norm_e
ConvexOptimization.single_constraint_quadratic_strong_duality,ConvexOptimization_quadraticForms
ConvexOptimization.single_constraint_quadratic_strong_duality,ConvexOptimization.field_of_values_psd_witness
PowerMethod.rayleighQuotient_iterate_tendsto,rayleighQuotient
PowerMethod.rayleighQuotient_iterate_tendsto,PowerMethod.rescaled_iterate_tendsto
MarkovChainCLT.integrable_sq_scaled_sampleAvg,ProbabilityTheory.integrable_of_integrable_sq
MarkovChainCLT.integrable_sq_scaled_sampleAvg,MarkovChainCLT.map_coord_chainMeasure
MarkovChainCLT.integrable_sq_scaled_sampleAvg,MarkovChainPathMeasure
MarkovChainCLT.integrable_sq_scaled_sampleAvg,MarkovErgodicity
diophantine_quintuple_degree_ge_two,diophantine_quintuple_global_bound
diophantine_quintuple_degree_ge_two,diophantine_degree_ge_two_case_one_quintuple
diophantine_quintuple_degree_ge_two,diophantine_degree_ge_two_case_three_quintuple
diophantine_quintuple_degree_ge_two,diophantine_triple_non_euler_lower_bound
diophantine_quintuple_degree_ge_two,diophantine_degree_ge_two_case_four_quintuple
diophantine_quintuple_degree_ge_two,diophantine_descent
diophantine_quintuple_degree_ge_two,diophantine_degree_ge_two_case_five_quintuple
diophantine_quintuple_degree_ge_two,diophantine_degree_ge_two_case_two_quintuple
diophantine_quintuple_degree_ge_two,diophantine_quintuple_acb_upper_bound
Hirsch.feasible_face_covered_sequence_route_bound,Hirsch_model
sgl_first_halt,sgl_loop_answer
bernoulli_restricted_sampling_injectivity_from_tangent_concentration_pos,matrix_completion_tangent
monopoly_price_attains_revenue,monopoly_pricing
monopoly_price_attains_revenue,measure_Ici_toReal_continuous_of_atomless
monopoly_price_attains_revenue,posted_price_revenue_le_monopoly_revenue
NavierStokes.existence_and_smoothness_R3,NavierStokes
SymplecticFreeModules.canonicalSimpleShenLarssonExists,frame_2026_symplectic_free_modules_interfaces
SymplecticFreeModules.canonicalSimpleShenLarssonExists,SymplecticFreeModules.canonicalShenLarssonActionExists
SymplecticFreeModules.canonicalSimpleShenLarssonExists,SymplecticFreeModules.canonicalShenLarssonSimplicity
CircleMethod.e_div_add_natCast_mul,CircleMethod.e_intCast
CircleMethod.e_div_add_natCast_mul,CircleMethod_char
CircleMethod.e_div_add_natCast_mul,CircleMethod.e_add
MagicSquares.symm_three_otherwise,MagicSquares
MagicSquares.symm_three_otherwise,MagicSquares.center_of_order_three
Rudin.ch10_stokes_simplex,Rudin.ch10_integral_identity_simplex
Rudin.ch10_stokes_simplex,Rudin_ch10_forms
Rudin.ch10_stokes_simplex,Rudin.ch10_simplex_ftc
AdversarialBandit,BanditPolicy
Gilbreath.tail_propagation,gilbreath_triangle
BookSixth.crossing_lemma,BookSixth.drawing_sampling_bound
BookSixth.crossing_lemma,BookSixth
MarkovChainCLT.isStrictlyStationary_coord_chainMeasure,MixingCoefficients
MarkovChainCLT.isStrictlyStationary_coord_chainMeasure,MarkovChainCLT.markovChainKernel_map_shift
MarkovChainCLT.isStrictlyStationary_coord_chainMeasure,MarkovChainPathMeasure
MarkovChainCLT.isStrictlyStationary_coord_chainMeasure,MarkovErgodicity
DiazModulus.diaz_of_exp_not_real_off_axes,DiazModulus
DiazModulus.diaz_of_exp_not_real_off_axes,DiazModulus.diaz_of_exp_real_generic
DiazModulus.diaz_of_exp_not_real_off_axes,DiazModulus.diaz_of_exp_not_real_irrational_angle
WangSun.Main_shared,CPWL
WangSun.Main_shared,WangSun.affineMax_isHH
mme_CW_endpoint_2376,mme_CW_auxiliary_mono
mme_CW_endpoint_2376,mme_CW_auxiliary_numeric_2376
mme_CW_endpoint_2376,mme_CW_auxiliary_RHS
ThompsonSampling,BanditPolicy
mme_dwz_fourth_fixed_tau_value_surplus,mme_paired_Ctensor_certificate_to_six_symmetric_tau_value
mme_dwz_fourth_fixed_tau_value_surplus,mme_six_symmetrized_tau_value
mme_dwz_fourth_fixed_tau_value_surplus,mme_dwz_fourth_value_surplus_witness
mme_dwz_fourth_fixed_tau_value_surplus,mme_stothers_fourth_data
mme_dwz_fourth_fixed_tau_value_surplus,mme_more_asymmetry_fourth_fixed_tau_value_surplus
ZengPryadkoConjecture18Counterexample.threeIdentityCertificate,ZengPryadkoConjecture18Counterexample
ExcursionCoupling.excursion_coupling_concentrated_on_paired_routes,JuilletExcursionCoupling
Freiman.lower_fixed_roots_good,Freiman_lowerCertificates
LinearOptimization.lp_bfs_integer_bound,Polyhedron
LinearOptimization.lp_bfs_integer_bound,LinearOptimization.lp_vertex_extreme_bfs_equiv
Freiman.lower_error_tendsto,Freiman_lowerCertificates
deriv_riemannZeta_conj,conj_riemannZeta_conj
SmaleNinth.ram_to_bss_quadratic,SmaleNinth_RealRAM
SmaleNinth.ram_to_bss_quadratic,SmaleNinth_BSSMachine
ErdosStraus242.family_mod19,ErdosStraus242
collatz_descent_fifteen_mod_sixteen,collatz_descent_of_syracuse_descent
collatz_descent_fifteen_mod_sixteen,syracuse_descent_fifteen_mod_sixteen
collatz_descent_fifteen_mod_sixteen,collatzStepMap
MarkovChainCLT.uniformIntegrable_sq_partialSum_of_exp_alpha_of_log_moment,MixingCoefficients
MarkovChainCLT.uniformIntegrable_sq_partialSum_of_exp_alpha_of_log_moment,MarkovChainCLT.isStrictlyStationary_comp_of_measurable
MarkovChainCLT.uniformIntegrable_sq_partialSum_of_exp_alpha_of_log_moment,MeasureTheory.uniformIntegrable_one_of_sq_bounded_approx
MarkovChainCLT.uniformIntegrable_sq_partialSum_of_exp_alpha_of_log_moment,MarkovChainCLT.tendsto_inv_mul_integral_sq_partialSum
MarkovChainCLT.uniformIntegrable_sq_partialSum_of_exp_alpha_of_log_moment,MarkovChainCLT.integral_pow_four_partialSum_le_of_bounded_of_exp_alpha
MarkovChainCLT.uniformIntegrable_sq_partialSum_of_exp_alpha_of_log_moment,MarkovChainCLT.memLp_two_and_logMoment_sub_const
MarkovChainCLT.uniformIntegrable_sq_partialSum_of_exp_alpha_of_log_moment,MarkovChainCLT.exists_truncation_tail_variance_le_of_exp_alpha_of_log_moment
MarkovChainCLT.uniformIntegrable_sq_partialSum_of_exp_alpha_of_log_moment,MarkovChainCLT.alphaMixingCoef_comp_nonneg_le_of_finite
BanditAlgorithm.bandit_bounded_stopping_klDiv_le_expected_information,BanditAlgorithm.bandit_stopped_klDiv_one_step
BanditAlgorithm.bandit_bounded_stopping_klDiv_le_expected_information,BanditTrajectory
mme_recursive_yz_profiled_repaired_CW_extraction,mme_bigAdd_fin_mul_grouped_restrict
mme_recursive_yz_profiled_repaired_CW_extraction,mme_recursive_yz_same_type_cell_permutation
mme_recursive_yz_profiled_repaired_CW_extraction,mme_bigAdd_prefix_restrict
mme_recursive_yz_profiled_repaired_CW_extraction,mme_restrict_basisAllAllowedSubtensor_of_vanishes
mme_recursive_yz_profiled_repaired_CW_extraction,mme_recursive_yz_actual_CW_cell_finite_hole_repair
mme_recursive_yz_profiled_repaired_CW_extraction,mme_recursive_yz_profiled_CW_ownership_extraction
mme_recursive_yz_profiled_repaired_CW_extraction,mme_recursive_yz_nonhole_implies_owned
LinearOptimization.lagrangean_dual_eq_lp_over_hull,LinearOptimization.integer_hull_is_polyhedron
LinearOptimization.lagrangean_dual_eq_lp_over_hull,LinearOptimization.lp_attains_or_unbounded
LinearOptimization.lagrangean_dual_eq_lp_over_hull,LinearOptimization_LagrangeanDual
LinearOptimization.lagrangean_dual_eq_lp_over_hull,LinearOptimization.lp_general_weak_duality
LinearOptimization.lagrangean_dual_eq_lp_over_hull,LinearOptimization_IntegerProgram
LinearOptimization.lagrangean_dual_eq_lp_over_hull,LinearOptimization.lp_general_strong_duality
Davenport.LFunction_zero_one_sub_of_isQuadratic,Davenport_siegelWalfisz
MatrixCompletion.NoSpuriousMin.K_decomposition,MCNoSpuriousMinModel
MagicSquares.sm3_canonical,MagicSquaresSemiMagic3
MagicSquares.sm3_canonical,MagicSquares
CappedBaseStock.scan_excess_certificate_bound,CappedBaseStock_BaseStockAnalysis
Thurston23.isFundamentalDomain_eisBox,Thurston23_eisenstein
LinearOptimization_OptimalCostFunction,Polyhedron
LinearOptimization_OptimalCostFunction,LinearOptimization_DualLP
GameSetMatch.bestOfWinProb_eq_fairCoin_of_odd,GameSetMatchInternal
MarkovMixing.wilson_method_nonvanishing,mm_lower
MarkovMixing.wilson_method_nonvanishing,mm_spectral
MarkovMixing.wilson_method_nonvanishing,MarkovMixing.distinguishing_statistic_of_pos_variance
MarkovMixing.wilson_method_nonvanishing,MarkovMixing.tv_eq_half_l1
MarkovMixing.wilson_method_nonvanishing,MarkovMixing.convergence_theorem
PartialMonitoringStochastic,PartialMonitoringGame
RybinAI2026.P13.exponential_boundary_elementary_density,RybinAI2026.P13.exponential_boundary_elementary_abel_solution
RybinAI2026.P13.exponential_boundary_elementary_density,rybin2026_p13_exponential_boundary
RybinAI2026.P13.exponential_boundary_elementary_density,RybinAI2026.P13.exponential_boundary_abel_solution_mass_one
Problem97.center_same_side_as_apex_of_nonobtuse,Erdos9796Counting_Foundation
Problem97.center_same_side_as_apex_of_nonobtuse,Problem97.inner_chord_eq_two_mul_inner_midpoint
Problem97.center_same_side_as_apex_of_nonobtuse,Erdos9796Counting_Adapter
Problem97.center_same_side_as_apex_of_nonobtuse,Problem97.signedArea_prod_eq_inner_mul_dist_sq
goldbach_odd_variant,WeakGoldbach.verified_three_odd_primes_to_8875e30
goldbach_odd_variant,strong_goldbach_conjecture
goldbach_odd_variant,WeakGoldbach.three_odd_primes_ge_10pow27
Hatcher.vanKampen,Hatcher_VanKampen
Hatcher.vanKampen,Hatcher.vanKampenHom_surjective
Hatcher.vanKampen,Hatcher.ker_vanKampenHom_le
Hatcher.vanKampen,Hatcher.vanKampenNormal_le_ker
Erdos9796Counting_CGN_CGN,Erdos9796Counting_Foundation
Erdos9796Counting_CGN_CGN,Erdos9796Counting_Adapter
CircleMethod.nrm_triangle,CircleMethod.nrm_le
CircleMethod.nrm_triangle,CircleMethod_char
TaoFivePrimes.three_primes_of_representationCount_pos,TaoFivePrimes_RepresentationCount
BanditAlgorithm.integral_pmOutcomeMeasure,PartialMonitoringStochastic
BunkbedFalse.bunkbed_conjecture_false,BunkbedHypergraph
BunkbedFalse.bunkbed_conjecture_false,BunkbedFalse.explicit_counterexample
zeta_ne_zero_of_strip_of_two_lt_im,zeta_ne_zero_of_mem_strip_of_abs_im_le_five
zeta_ne_zero_of_strip_of_two_lt_im,zeta_ne_zero_of_strip_of_five_lt_im
CollatzMission.collatz_conjecture,CollatzMission
CollatzMission.collatz_conjecture,CollatzMission.collatz_of_no_cycles_and_no_divergence
CollatzMission.collatz_conjecture,CollatzMission.collatz_of_odd_inputs
CollatzMission.collatz_conjecture,CollatzMission.odd_inputs_conjecture
CollatzMission.collatz_conjecture,collatzStepMap
CollatzMission.collatz_conjecture,CollatzMission.no_eventual_cycle_counterexamples
CollatzMission.collatz_conjecture,CollatzMission.no_divergent_counterexamples
CubicP3Partition.root_problem,cubic_p3_partition_models
BunkbedWZSurgery,BunkbedWZRefined
MagicSquares.magic_three_param_sufficient,MagicSquaresParam3
MagicSquares.magic_three_param_sufficient,MagicSquares
ConvexOptimization.leindler_supremal_integral_real_line,ConvexOptimization.leindler_supremal_integral_real_line_compact_bounded
Chou.hasPackingProperty_of_elementaryAmenable,CannonFloydParry.not_elementaryAmenable_F
Chou.hasPackingProperty_of_elementaryAmenable,CannonFloydParry.no_free_subgroup_of_rank_two
Chou.hasPackingProperty_of_elementaryAmenable,Chou_ElementaryAmenable
Chou.hasPackingProperty_of_elementaryAmenable,Chou_Classes
MarkovChainCLT.alphaMixingCoef_comp_nonneg_le,MixingCoefficients
LinearOptimization.simplex_termination_nondegenerate,LinearOptimization.simplex_pivot_state_cost_decrease
LinearOptimization.simplex_termination_nondegenerate,LinearOptimization.simplex_terminal_classification
LinearOptimization.simplex_termination_nondegenerate,LinearOptimization_SimplexPivot
LinearOptimization.simplex_termination_nondegenerate,LinearOptimization_OptimalBasis
Congruent_Number_Tunnell_Odd_Converse,Tunnell.odd_count_implies_curve_point
Congruent_Number_Tunnell_Odd_Converse,CongruentNumber.rational_triangle_iff_curve_point
EulerMascheroni.gamma_irrational,EulerMascheroni.Sondow.scaled_integral_bounds
EulerMascheroni.gamma_irrational,EulerMascheroni.gamma_transcendental
EulerMascheroni.gamma_irrational,EulerMascheroni.Sondow.integral_identity
EulerMascheroni.gamma_irrational,eulerMascheroni_gompertz
EulerMascheroni.gamma_irrational,EulerMascheroni.gamma_irrational_of_transcendental
EulerMascheroni.gamma_irrational,EulerMascheroni.Sondow.scaled_A_integral
EulerMascheroni.gamma_irrational,EulerMascheroni.Sondow.fractional_lower_bound_conjecture
BookSixth.sylvester,BookSixth
mme_HasTauValueAtLeast_mono_tau,mme_tau_value
Erdos180.subdivisionLine_base_of_line_center,erdos180_core4
Erdos180.subdivisionLine_base_of_line_center,Erdos180.symplecticQuadrangle_adjacent_to_line
Erdos180.subdivisionLine_base_of_line_center,Erdos180.symplecticQuadrangle_adjacent_to_point
Erdos180.subdivisionLine_base_of_line_center,Erdos180.subdivisionGraph_base_pair_adj
Erdos180.subdivisionLine_base_of_line_center,Erdos180.subdivisionGraph_center_pair_adj
CircleMethod.waring_count,CircleMethod.integral_e_orthogonality
CircleMethod.waring_count,CircleMethod.e_zero
CircleMethod.waring_count,CircleMethod_waring
CircleMethod.waring_count,CircleMethod.e_add
CircleMethod.waring_count,CircleMethod_weylsum
Devaney.lambda_isCantorSet,Devaney_sigma2
Devaney.lambda_isCantorSet,Devaney_conjugacy
Devaney.lambda_isCantorSet,Devaney_chaos
Devaney.lambda_isCantorSet,Devaney_quadratic
scaled_tail_arrivedSojourn_le_departedSojourn_eventually,sojournTime_nonneg
scaled_tail_arrivedSojourn_le_departedSojourn_eventually,queueing_continuous_time
scaled_tail_arrivedSojourn_le_departedSojourn_eventually,exists_tail_arrivedBy_scaled_subset_departedBy
ThreePrimes.three_primes,Vino_threeprimes
KerrBL.hdchrKerr_all,KerrBL_Kerr_ClosedForms
KerrBL.hdchrKerr_all,KerrBL.hasDerivAt_Sig_r
KerrBL.hdchrKerr_all,KerrBL.chrKerr_all
KerrBL.hdchrKerr_all,KerrBL.hasDerivAt_Sig_th
KerrBL.hdchrKerr_all,KerrBL.hasDerivAt_Del_r
KerrBL.hdchrKerr_all,KerrBL.reg_eventually_Kerr
mme_stothers_lemma51_recursive_values,mme_stothers_phi116_four_edge_support
mme_stothers_lemma51_recursive_values,mme_stothers_phi116_outer_hashing_value
mme_stothers_lemma51_recursive_values,mme_stothers_phi116_outer_component_restrictions
mme_stothers_lemma51_recursive_values,mme_stothers_fourth_data
mme_stothers_lemma51_recursive_values,mme_stothers_lemma51_remaining_four_values
sgl_cover_lemmas,sgl_lautemann_bridge
Vino_ramanujan,CircleMethod_char
Problem97.CGN.CGN4g_strictCapBlockData_of_supportCap_oriented,Problem97.signedArea2_eq_zero_iff_collinear
Problem97.CGN.CGN4g_strictCapBlockData_of_supportCap_oriented,Problem97.boundaryCap_chordProjection_strict
Problem97.CGN.CGN4g_strictCapBlockData_of_supportCap_oriented,Problem97.CGN.CGN4g2_consecutiveTurn_nonpos_of_capBlock
Problem97.CGN.CGN4g_strictCapBlockData_of_supportCap_oriented,Problem97.exists_cut_sorted_enumeration_of_convexIndep
Problem97.CGN.CGN4g_strictCapBlockData_of_supportCap_oriented,Erdos9796Counting_MEC_ArcAngle
Problem97.CGN.CGN4g_strictCapBlockData_of_supportCap_oriented,Erdos9796Counting_CGN_CGN4g
Problem97.CGN.CGN4g_strictCapBlockData_of_supportCap_oriented,Problem97.signedArea2_sign_eq_oangle_sign
Problem97.CGN.CGN4g_strictCapBlockData_of_supportCap_oriented,Problem97.center_same_side_as_apex_of_nonobtuse
Problem97.CGN.CGN4g_strictCapBlockData_of_supportCap_oriented,Erdos9796Counting_CGN_CGN
Problem97.CGN.CGN4g_strictCapBlockData_of_supportCap_oriented,Erdos9796Counting_ConvexCyclicOrder_Construct
Problem97.CGN.CGN4g_strictCapBlockData_of_supportCap_oriented,Erdos9796Counting_Adapter
Problem97.CGN.CGN4g_strictCapBlockData_of_supportCap_oriented,Problem97.ccw_of_hneg
Problem97.CGN.CGN4g_strictCapBlockData_of_supportCap_oriented,Problem97.hneg_of_ccw
Problem97.CGN.CGN4g_strictCapBlockData_of_supportCap_oriented,Problem97.CGN.CGN4g1_capBlock_of_supportCap
Problem97.CGN.CGN4g_strictCapBlockData_of_supportCap_oriented,Problem97.boundaryBlock_openSide_iff_between_indices_of_signedAreaOrder
Problem97.CGN.CGN4g_strictCapBlockData_of_supportCap_oriented,Erdos9796Counting_Cap_Structure
Problem97.CGN.CGN4g_strictCapBlockData_of_supportCap_oriented,Problem97.affineSpan_eq_top_of_not_collinear
Problem97.CGN.CGN4g_strictCapBlockData_of_supportCap_oriented,Problem97.ConvexIndep.not_wbtw
Problem97.CGN.CGN4g_strictCapBlockData_of_supportCap_oriented,Erdos9796Counting_CircumscribedMECPacket
Problem97.CGN.CGN4g_strictCapBlockData_of_supportCap_oriented,Problem97.isCcwConvexPolygon_of_cut_sorted_arcAngle
Problem97.CGN.CGN4g_strictCapBlockData_of_supportCap_oriented,Problem97.three_le_card_of_convexIndep_noncoll
Problem97.CGN.CGN4g_strictCapBlockData_of_supportCap_oriented,Problem97.hneg_cyclicShift
Problem97.CGN.weighted_average_tail_bound,Erdos9796Counting_Foundation
Problem97.CGN.weighted_average_tail_bound,Erdos9796Counting_Adapter
Erdos390.eventual_central_anchor_certificate,erdos390_problem
Erdos390.eventual_central_anchor_certificate,Erdos390.eventual_bounded_central_anchor_exists
Erdos390.eventual_central_anchor_certificate,Erdos390.dvd_of_bounded_prime_factors
sgl_split_walk,sgl_fold3_walk
BanditAlgorithm.mdp_ucrl2_expected_regret_known_reward_diam_ge_one,FiniteMDPLearning
BanditAlgorithm.mdp_ucrl2_expected_regret_known_reward_diam_ge_one,BanditAlgorithm.mdp_ucrl2_high_probability_regret_known_reward_diam_ge_one
MarkovChainCLT.clt_of_bounded_of_uniformlyErgodic,MarkovChainCLT.poissonEquation_of_bounded_of_uniformlyErgodic
MarkovChainCLT.clt_of_bounded_of_uniformlyErgodic,MeasureTheory.tendstoInMeasure_inv_sqrt_mul_of_dominated
MarkovChainCLT.clt_of_bounded_of_uniformlyErgodic,MarkovChainCLT.integral_sq_quadVar_sub_le
MarkovChainCLT.clt_of_bounded_of_uniformlyErgodic,Martingale.clt_of_bounded_mds_array
MarkovChainCLT.clt_of_bounded_of_uniformlyErgodic,MarkovChainCLT.map_coord_chainMeasure
MarkovChainCLT.clt_of_bounded_of_uniformlyErgodic,MarkovChainPathMeasure
MarkovChainCLT.clt_of_bounded_of_uniformlyErgodic,MarkovErgodicity
MarkovChainCLT.clt_of_bounded_of_uniformlyErgodic,MarkovChainCLT.satisfiesCLT_of_stationary_clt_of_uniformlyErgodic
MarkovChainCLT.clt_of_bounded_of_uniformlyErgodic,MarkovChainCLT.condExp_next_coord
Erdos146.manuscriptHammingRadius_le,erdos146_core2
RybinAI2026.P01.distance_add_right_le,rybin2026_p01_matrix_integral
Erdos287.two_unit_gaps,Erdos287.no_large_prime
Hirsch.larman_bound,Hirsch_model
Hirsch.larman_bound,Hirsch.larman_high_dimension
Hirsch.larman_bound,Hirsch.dimension_three_bound
LinearOptimization.finitely_generated_is_polyhedron,LinearOptimization.polyhedron_linear_image
LinearOptimization.finitely_generated_is_polyhedron,Polyhedron
LinearOptimization.finitely_generated_is_polyhedron,LinearOptimization_FinitelyGeneratedSet
Erdos180.symmetricQuadratic_eq_bilinear,erdos180_core4
CTensorOneHOneFamilyCertificate,CTensorOneHOneCertificate
MarkovMixing.summable_hitting_tails,mm_path
BanditAlgorithm.bandit_prefix_klDiv_one_step_on_event,ProbabilityTheory.compProd_restrict_prod_univ
BanditAlgorithm.bandit_prefix_klDiv_one_step_on_event,InformationTheory.klDiv_map_measurableEmbedding
BanditAlgorithm.bandit_prefix_klDiv_one_step_on_event,InformationTheory.klDiv_map_eq_klDiv_trim_comap
BanditAlgorithm.bandit_prefix_klDiv_one_step_on_event,BanditAlgorithm.banditTrajMeasure_joint_eq_compProd
BanditAlgorithm.bandit_prefix_klDiv_one_step_on_event,BanditTrajectory
BanditAlgorithm.bandit_prefix_klDiv_one_step_on_event,BanditAlgorithm.klDiv_banditStepKernel_eq_sum_of_support
BanditAlgorithm.bandit_prefix_klDiv_one_step_on_event,InformationTheory.klDiv_compProd_self_eq_lintegral_of_ae
riemannZeta_trivial_zero_order_one,invGammaR_neg_even_deriv_ne_zero
Chens_Theorem,goldbach
odd_perfect_number_conjecture,OddPerfectNumber.no_odd_perfect_special_exponent_ge_five
odd_perfect_number_conjecture,OddPerfectNumber.euler_form
odd_perfect_number_conjecture,OddPerfectNumber.no_odd_perfect_special_exponent_one
MagicSquaresParam3,MagicSquares
shellIdx,rowSumB
MarkovChainCLT.clt_of_summable_rho,MixingCoefficients
MarkovChainCLT.clt_of_summable_rho,MarkovChainCLT.tendstoInDistribution_of_summable_rho
MarkovChainCLT.clt_of_summable_rho,MarkovChainCLT.summable_covariance_of_summable_rho
mme_dwz_square_equation25_finite_extraction_sqrt_loss,mme_dwz_flat_seven_eighths_restrict_standard
mme_dwz_square_equation25_finite_extraction_sqrt_loss,mme_six_symmetrized_tau_value
mme_dwz_square_equation25_finite_extraction_sqrt_loss,mme_dwz_square_data
mme_dwz_square_equation25_finite_extraction_sqrt_loss,mme_dwz_square_equation25_repaired_family_raw_sqrt_loss
mme_dwz_square_equation25_finite_extraction_sqrt_loss,mme_dwz_square_rate_power_eq_retained_mul_component_product
mme_dwz_square_equation25_finite_extraction_sqrt_loss,mme_CW_tensor
mme_dwz_square_equation25_finite_extraction_sqrt_loss,mme_dwz_q6_112_exact_address_allowed_histogram
mme_dwz_square_equation25_finite_extraction_sqrt_loss,mme_dwz_table2_broken_copy_transport_to_standard
mme_dwz_square_equation25_finite_extraction_sqrt_loss,mme_dwz_table2_integer_counts
mme_dwz_square_equation25_finite_extraction_sqrt_loss,mme_dwz_source_broken_family_restrict_grouped_standard
BookSixth.drawing_sampling_bound,BookSixth.sampling_averaging_bound
BookSixth.drawing_sampling_bound,BookSixth
BookSixth.drawing_sampling_bound,BookSixth.crossing_free_subset_edge_bound
asymptoticUcbFailureCount,banditHistoryPrefix
asymptoticUcbFailureCount,asymptoticUcbPolicy
neumann_certificate_remainder_small_under_general_sample_bound,matrix_completion_neumann
neumann_certificate_remainder_small_under_general_sample_bound,neumann_certificate_remainder_formula_bound_from_general_bound
neumann_certificate_remainder_small_under_general_sample_bound,bernoulli_neumann_certificate_tail_bound_probability_mono
neumann_certificate_remainder_small_under_general_sample_bound,sample_ratio_between_zero_and_one
neumann_certificate_remainder_small_under_general_sample_bound,neumann_certificate_remainder_small_with_explicit_formula
Geometry_AlmostLosslessMaster,Geometry_AlmostLosslessChecksum
Geometry_AlmostLosslessMaster,Geometry_AlmostLosslessBlock
VectorSpaceOpt_coneConvexOn,VectorSpaceOpt_coneLE
CircleMethod.solCount_ge,CircleMethod.sum_e_div_orthogonality
CircleMethod.solCount_ge,CircleMethod.locDens_bound
CircleMethod.solCount_ge,CircleMethod.e_zero
CircleMethod.solCount_ge,CircleMethod.locDens_zero_modulus
CircleMethod.solCount_ge,CircleMethod.sing_series_summable_norm
CircleMethod.solCount_ge,CircleMethod.locDens_one
CircleMethod.solCount_ge,CircleMethod.locDens_exponent_lt_neg_one
CircleMethod.solCount_ge,Vino.e_div_congr
CircleMethod.solCount_ge,CircleMethod_singpos
CircleMethod.solCount_ge,CircleMethod.locDens_mul
CircleMethod.solCount_ge,CircleMethod.e_add
Hirsch.polynomial_edge_refinement_of_circuit_walks_of_high_carrier,Hirsch.common_face_diameter_of_dim_ge_four
Hirsch.polynomial_edge_refinement_of_circuit_walks_of_high_carrier,Hirsch.feasible_face_covered_sequence_route_bound
Hirsch.polynomial_edge_refinement_of_circuit_walks_of_high_carrier,Hirsch.common_face_diameter_of_dim_le_three
Hirsch.polynomial_edge_refinement_of_circuit_walks_of_high_carrier,Hirsch_circuit_model
Hirsch.polynomial_edge_refinement_of_circuit_walks_of_high_carrier,Hirsch_common_face_geometry
RybinAI2026.P01.matrix_integral_kernel_sum_le_max,RybinAI2026.P01.crossIntegral_normalized_sum_le_one
RybinAI2026.P01.matrix_integral_kernel_sum_le_max,rybin2026_p01_cross_integral
RybinAI2026.P01.matrix_integral_kernel_sum_le_max,rybin2026_p01_matrix_integral
Freiman.perron_frequently_at_least_two,Freiman.perronValue_gt_digit
Freiman.perron_frequently_at_least_two,Freiman.perron_eventually_one_limit
Freiman.perron_frequently_at_least_two,Freiman_perronArithmetic
Vino.three_primes_count,Vino.integral_cube_orthogonality
Vino.three_primes_count,Vino_primes
BertsekasDP.riccati_convergence_stability,BertsekasDP.riccati_psd_fixed_point_exists_unique_convergent
BertsekasDP.riccati_convergence_stability,BertsekasRiccatiMap
BertsekasDP.riccati_convergence_stability,BertsekasDP.riccati_psd_fixed_point_closed_loop_stable
RybinAI2026.P01.matrix_integral_inequality_integer_gram,RybinAI2026.P01.matrix_integral_inequality_integer_gram_small_regularizer
RybinAI2026.P01.matrix_integral_inequality_integer_gram,rybin2026_p01_matrix_integral
RybinAI2026.P01.matrix_integral_inequality_integer_gram,RybinAI2026.P01.matrix_integral_inequality_integer_gram_large_regularizer
ShiShallow.acceptProb_eq_conj_entry,ShiShallow.IsLocal.conjTranspose
ShiShallow.acceptProb_eq_conj_entry,ShiShallow_Circuit
ShiShallow.acceptProb_eq_conj_entry,ShiShallow.runLayered_eq_mulVec
ShiShallow.acceptProb_eq_conj_entry,ShiShallow_Operator
ShiShallow.acceptProb_eq_conj_entry,ShiShallow.ofReal_norm_sq
ShiShallow.acceptProb_eq_conj_entry,ShiShallow.mulVec_inputState
Erdos142.erdos_142_variants_lower,Erdos142Basic
SourceCoding.shannon_source_coding_theorem_v2,SourceCoding.kraft_inequality_sufficiency_v2
SourceCoding.shannon_source_coding_theorem_v2,SourceCoding.expected_length_ge_entropy
SourceCoding.shannon_source_coding_theorem_v2,SourceCoding_entropy
SourceCoding.shannon_source_coding_theorem_v2,SourceCoding.shannon_source_coding_theorem_of_two_le_card
BunkbedAux.wzProb_pair_sum,BunkbedHypergraph
SipserGacsLautemann.ternary_amplified_verifier_decides_in_polynomial_time,sipser_gacs_lautemann
SipserGacsLautemann.ternary_amplified_verifier_decides_in_polynomial_time,SipserGacsLautemann.polynomial_time_verifier_aggregation
SipserGacsLautemann.ternary_amplified_verifier_decides_in_polynomial_time,SipserGacsLautemann.polynomial_time_verifier_aggregation_from_machine
SipserGacsLautemann.ternary_amplified_verifier_decides_in_polynomial_time,sgl_verifier_constructions
MTT.Cohomology.eigenclass_descent,MTT_Cohomology
Freiman.lower_zero_error_identity,Freiman_lowerCertificates
Freiman.finite_exception_alphabet,Freiman_wordRealization
Vino.ramanujan_mul_unit,Vino.ramanujan_eq_sum_units
Vino.ramanujan_mul_unit,Vino_ramanujan
Vino.ramanujan_mul_unit,Vino.intCast_sub_val_dvd
Vino.ramanujan_mul_unit,Vino.e_div_congr
ReservoirSAS.polynomial_sas_realization,ReservoirESN
ReservoirSAS.polynomial_sas_realization,ReservoirSAS.monomial_sas_realization
ReservoirSAS.polynomial_sas_realization,ReservoirSAS.sas_finite_sum_realization
ReservoirSAS.polynomial_sas_realization,ReservoirSAS
MarkovMixing.riffle_mixing_lower,MarkovMixing.counting_lower_bound
MarkovMixing.riffle_mixing_lower,mm_shuffle
RybinAI2026.P01.matrix_integral_inequality_integer_gram_overlapping_spectra,rybin2026_p01_matrix_integral
RybinAI2026.P01.matrix_integral_inequality_integer_gram_overlapping_spectra,RybinAI2026.P01.matrix_integral_inequality_integer_gram_noncollinear
RybinAI2026.P01.matrix_integral_inequality_integer_gram_overlapping_spectra,RybinAI2026.P01.matrix_integral_inequality_collinear_differences
bernoulli_least_squares_certificate_exists_under_general_sample_bound,matrix_completion_tangent
bernoulli_least_squares_certificate_exists_under_general_sample_bound,bernoulli_tangent_sampling_concentration_under_general_sample_bound
bernoulli_least_squares_certificate_exists_under_general_sample_bound,bernoulli_least_squares_certificate_existence_from_tangent_concentration_pos
bernoulli_least_squares_certificate_exists_under_general_sample_bound,sample_ratio_between_zero_and_one
CappedBaseStock.policy_window_relaxation,CappedBaseStock_Window
CircleMethod_genfun,CircleMethod_char
KServer.finite_game_uniform_value_bound,KServer.finite_game_bound_of_work_potential
KServer.finite_game_uniform_value_bound,KServer.workFnU_sharp_potential
KServer.finite_game_uniform_value_bound,KServer_finite_game
rectangle_mem_nhds_iff,Rectangle_defs
EulerMascheroni.P2.phase_compatible_primitive_saving,eulerMascheroni_p2PrimitiveNormalization
CannonFloydParry.word_ne_one_of_isNormalFormData,CannonFloydParry_TreeDiagrams
CannonFloydParry.word_ne_one_of_isNormalFormData,CannonFloydParry
CannonFloydParry.word_ne_one_of_isNormalFormData,CannonFloydParry_Trees
MarkovChainCLT.summable_covariance_of_exp_alpha_of_log_moment,MixingCoefficients
MarkovChainCLT.summable_covariance_of_exp_alpha_of_log_moment,MarkovChainCLT.alpha_cov_bounded
MarkovChainCLT.summable_covariance_of_exp_alpha_of_log_moment,MarkovChainCLT.memLp_two_and_logMoment_sub_const
Erdos788.quantitative_upper_bound,erdos788_problem
CircleMethod.norm_sum_e_add_const,CircleMethod_char
CircleMethod.norm_sum_e_add_const,CircleMethod.norm_e
CircleMethod.norm_sum_e_add_const,CircleMethod.e_add
Davenport.real_zero_multiple_le,Davenport_siegelWalfisz
Davenport.real_zero_multiple_le,Davenport.neg_logDeriv_LFunction_le_sum_zeros
Davenport.real_zero_multiple_le,Davenport.neg_logDeriv_trivChar_le
MarkovChainCLT.clt_of_geometric_reversible,MarkovChainCLT.rho_mixing_exp_of_geometric_reversible
MarkovChainCLT.clt_of_geometric_reversible,MarkovChainCLT.rhoMixingCoef_comp_nonneg_le_of_finite
MarkovChainCLT.clt_of_geometric_reversible,MarkovChainCLT.isStrictlyStationary_comp_of_measurable
MarkovChainCLT.clt_of_geometric_reversible,MarkovChainCLT.satisfiesCLT_of_centered_functional_clt
MarkovChainCLT.clt_of_geometric_reversible,MarkovChainCLT.isStrictlyStationary_coord_chainMeasure
MarkovChainCLT.clt_of_geometric_reversible,MarkovChainCLT.clt_of_summable_rho
MarkovChainCLT.clt_of_geometric_reversible,MarkovChainCLT.map_coord_chainMeasure
MarkovChainCLT.clt_of_geometric_reversible,MarkovChainPathMeasure
MarkovChainCLT.clt_of_geometric_reversible,MarkovErgodicity
Fejer.fejer_theorem,Fejer.fejerKernel_nonneg
Fejer.fejer_theorem,Fejer.fejerKernel_integral_eq_one
Fejer.fejer_theorem,Fejer.fejerKernel_tendsto_zero_away_from_origin
Fejer.fejer_theorem,Fejer.cesaroMean_eq_convolution
Fejer.fejer_theorem,Fejer_cesaroMean
CirclePackingConstants.c_n_four,CirclePackingConstants
CirclePackingConstants.c_n_four,CirclePackingConstants.r_n_eq_of_sharp_unit_square_separation
Hirsch.larman_layer_step,Hirsch.gdist_reach
Hirsch.larman_layer_step,Hirsch.relaxation_vertex
Hirsch.larman_layer_step,Hirsch.bounded_relaxation_cut
Hirsch.larman_layer_step,Hirsch_model
Hirsch.larman_layer_step,Hirsch.relaxation_exit_vertex
Hirsch.larman_layer_step,Hirsch.facet_walk
Hirsch.larman_layer_step,Hirsch_walk
Freiman.form_reduced_discriminant,Freiman_reducedForms
BookSixth.jacobi_reduction,BookSixth
CollapsibleCubics.cubic_collapsible,CollapsibleCubics.cubic_collapsible_of_normForm_repr
CollapsibleCubics.cubic_collapsible,CollapsibleCubics_basic
CollapsibleCubics.cubic_collapsible,CollapsibleCubics.cubic_collapsible_of_not_normForm_repr
mme_hash_extraction_finite_assembly,mme_recursive_x_hash_finite_usable_isolation
mme_hash_extraction_finite_assembly,mme_hash_extraction_certificate
BanditAlgorithm.partial_monitoring_hard_lower_of_tradeoff,PartialMonitoringGame
BanditAlgorithm.partial_monitoring_hard_lower_of_tradeoff,BanditAlgorithm.partial_monitoring_hard_tradeoff_analytic
DKFAsymptotics_Filter,DKFAsymptotics_Densities
buying_to_bundle_profit_intermediate_surrogate_gap_bound,monopoly_revenue_subexponential_dispersion_bound
buying_to_bundle_profit_intermediate_surrogate_gap_bound,buying_to_bundle_market
buying_to_bundle_profit_intermediate_surrogate_gap_bound,buying_to_bundle_expected_bundle_quality_fluctuation_bound
buying_to_bundle_profit_intermediate_surrogate_gap_bound,monopoly_revenue_measurable_family
monopoly_revenue_eq_rational_price_sup,monopoly_pricing
Problem97.CGN.CGN6b_nonacute_of_minorCapChainCoords,Erdos9796Counting_CGN_CGN6
Problem97.CGN.CGN6b_nonacute_of_minorCapChainCoords,Problem97.CGN.weighted_average_tail_bound
Problem97.CGN.CGN6b_nonacute_of_minorCapChainCoords,Erdos9796Counting_Adapter
Problem97.CGN.CGN6b_nonacute_of_minorCapChainCoords,Problem97.CGN.CGN6b0_secantEndpointBounds_coords
Problem97.CGN.CGN6b_nonacute_of_minorCapChainCoords,Problem97.CGN.weighted_average_initial_bound
mme_bigAdd_prefix_restrict,mme_rank_bridge
mme_dwz_square_retained_log_rate_gt_157133,mme_modern_entropyBits_additive_certificate
mme_dwz_square_retained_log_rate_gt_157133,mme_dwz_square_data
mme_dwz_square_retained_log_rate_gt_157133,mme_dwz_table2_entropy_potential
TaoFivePrimes.minor_arc_L2,TaoFivePrimes_ArcSplit
EulerMascheroni.Mixed.e_values_linear_independent,EulerMascheroni.Mixed.formal_e_functional_independence
EulerMascheroni.Mixed.e_values_linear_independent,EulerMascheroni.Mixed.ordinary_minimal_combination
EulerMascheroni.Mixed.e_values_linear_independent,eulerMascheroni_mixedCover
EulerMascheroni.Mixed.e_values_linear_independent,EulerMascheroni.Mixed.beukers_e_value_linear_lifting
EulerMascheroni.Mixed.e_values_linear_independent,EulerMascheroni.Mixed.e_system_specialization_data
EulerMascheroni.Mixed.e_values_linear_independent,EulerMascheroni.Mixed.e_system_arithmetic
EulerMascheroni.Mixed.e_values_linear_independent,ArithmeticE.algebraic_e_combination_zero_singularity
AlmostLossless.card_silentPairSlice_mul_le,AlmostLossless.card_collisionEvent_mul
AlmostLossless.card_silentPairSlice_mul_le,Geometry_AlmostLosslessChecksum
AlmostLossless.card_silentPairSlice_mul_le,Geometry_AlmostLosslessMaster
AlmostLossless.card_silentPairSlice_mul_le,Geometry_AlmostLosslessBlock
BertsekasDP.discounted_main_theorem,BertsekasDP.ssp_main_theorem
BertsekasDP.discounted_main_theorem,BertsekasDP.ssp_policy_evaluation
BertsekasDP.discounted_main_theorem,BertsekasDP.ssp_optimality_condition
BertsekasDP.discounted_main_theorem,BertsekasSSPModel
BertsekasDP.discounted_main_theorem,BertsekasDP.ssp_policy_iteration
mme_omega_lt_2522,mme_omega
mme_omega_lt_2522,mme_omega_strassen_lt_2522
mme_omega_lt_2522,mme_omega_eq_strassen
Vino.norm_vmSum_le_mul_log,Vino.norm_vmSum_le
Vino.norm_vmSum_le_mul_log,Vino.psi_le
Vino.norm_vmSum_le_mul_log,Vino_primes
BanditAlgorithm.partial_monitoring_locally_observable_algorithm26_solver,PartialMonitoringAlgorithm26
BanditAlgorithm.partial_monitoring_locally_observable_algorithm26_solver,BanditAlgorithm.partial_monitoring_locally_observable_objective_uniform_bound
MarkovMixing.top_to_random_strong_stationary,mm_stopping
erdos146_core2,erdos146_core1
MarkovChainCLT.summable_covariance_of_summable_rho,MixingCoefficients
Freiman.lower_secondary_I7,Freiman_lowerCertificates
KServer_workfunctionU,KServer_workfunction
sensitivity_conjecture,blockSensitivity_le_sensitivity_pow4
mub6_projective_toric_design,rybin2026_p16_mutually_unbiased_bases
BunkbedAux.probOf_mem_unitInterval,BunkbedPercolation
BunkbedAux.probOf_mem_unitInterval,BunkbedAux.sum_weight_eq_one
HJMEilenberg.recover_languages,HJMEilenberg_Formations
HJMEilenberg.recover_languages,HJMEilenberg.syntactic_universal
OPG37357.universal_planar_bound,opg37357_obstacle_number
CircleMethod.integral_e_zero_mul,CircleMethod_char
mme_profiled_CW_region_product_restrict,mme_kronFin_family_mode_map_basis_data
mme_profiled_CW_region_product_restrict,mme_kronPow_fiber_grouping_preserves_tensor_and_basis
mme_profiled_CW_region_product_restrict,mme_recursive_profiled_CW_data
mme_profiled_CW_region_product_restrict,mme_restrict_basisAllAllowedSubtensor_of_vanishes
MarkovEntanglement.rmab_entanglement_le_configuration_deviation,MarkovEntanglement.separable_apply_local_reward
MarkovEntanglement.rmab_entanglement_le_configuration_deviation,markov_entanglement_meanfield
Freiman.upper_interval_cover,Freiman_upperModel
Erdos9796Counting_ConvexCyclicOrder_Construct,Erdos9796Counting_Adapter
CollatzMission.eventualCycleCounterexample_of_bounded_orbit,CollatzMission
mme_dwz_fourth_value_surplus_witness,mme_six_symmetrized_tau_value
mme_dwz_fourth_value_surplus_witness,CTensorOneHOneFamilyCertificate
mme_dwz_fourth_value_surplus_witness,mme_stothers_fourth_data
LinearOptimization.cone_pointed_iff_extreme_zero,LinearOptimization.polyhedron_extreme_point_existence
LinearOptimization.cone_pointed_iff_extreme_zero,ContainsLine
LinearOptimization.cone_pointed_iff_extreme_zero,LinearOptimization_RecessionCone
frame_2026_harmonic_building_conical,frame_2026_harmonic_building_interfaces
Gelbart_hecke_conditions,Gelbart_hecke_series
mme_block_tensor,mme_tensor_type_grading
MarkovMixing.evolving_sets_mixing,MarkovMixing.evolving_sets_tv_decay
MarkovMixing.evolving_sets_mixing,mm_martingale
MarkovMixing.evolving_sets_mixing,MarkovMixing.exists_stationary_pos
MarkovMixing.evolving_sets_mixing,MarkovMixing.bottleneckStar_pos
MarkovMixing.evolving_sets_mixing,MarkovMixing.tv_eq_half_l1
MarkovMixing.evolving_sets_mixing,MarkovMixing.evolving_sets_identity
MarkovMixing.evolving_sets_mixing,MarkovMixing.stationary_unique
CircleMethod.localSolubility_of_lift,CircleMethod.sum_e_div_orthogonality
CircleMethod.localSolubility_of_lift,CircleMethod.locDens_bound
CircleMethod.localSolubility_of_lift,CircleMethod.e_zero
CircleMethod.localSolubility_of_lift,CircleMethod.locDens_zero_modulus
CircleMethod.localSolubility_of_lift,CircleMethod.sing_series_summable_norm
CircleMethod.localSolubility_of_lift,CircleMethod.locDens_one
CircleMethod.localSolubility_of_lift,CircleMethod.locDens_exponent_lt_neg_one
CircleMethod.localSolubility_of_lift,Vino.e_div_congr
CircleMethod.localSolubility_of_lift,CircleMethod_singpos
CircleMethod.localSolubility_of_lift,CircleMethod.locDens_mul
CircleMethod.localSolubility_of_lift,CircleMethod.e_add
BanditAlgorithm.exp4_mixture_estimate_expectation_eq_reward,ContextualAdversarialBandit
BanditAlgorithm.exp4_mixture_estimate_expectation_eq_reward,exp4Analysis
EulerMascheroni.P2.foundation,eulerMascheroni_p2Approximation
LinearOptimization_ReducedCost,BasicSolution
FiniteMagmaE677.cross_boundary_collision_propagates_to_left_successor,FiniteMagmaE677
mme_stothers_fixed_exact_address_block_value_of_class_cyclic_values,mme_stothers_fixed_outer_profile
mme_stothers_fixed_exact_address_block_value_of_class_cyclic_values,mme_stothers_fixed_address_group_by_ordered_grade_types
mme_stothers_fixed_exact_address_block_value_of_class_cyclic_values,mme_HasTauValueAtLeast_mono_restrict
mme_stothers_fixed_exact_address_block_value_of_class_cyclic_values,mme_stothers_fixed_ordered_grade_product_value_of_class_cyclic_values
mme_stothers_fixed_exact_address_block_value_of_class_cyclic_values,mme_induced_word_zeroing
Erdos81.root_problem,erdos81_clique_partitions
Erdos81.root_problem,Erdos81.dense_chordal_clique_partition
Erdos81.root_problem,Erdos81_edgePairPartition
banditRegret,BanditPolicy
MarkovChainCLT.tvDist_chainMeasure_shift_le,MarkovChainCLT.markovChainKernel_map_shift_iter
MarkovChainCLT.tvDist_chainMeasure_shift_le,MarkovChainCLT.tvDist_comp_le
MarkovChainCLT.tvDist_chainMeasure_shift_le,MarkovChainCLT.tvDist_comp_le_of_forall
MarkovChainCLT.tvDist_chainMeasure_shift_le,MarkovChainPathMeasure
MarkovChainCLT.tvDist_chainMeasure_shift_le,MarkovErgodicity
r_eq_t_theorem,taylor_wiles_patching
mme_recursive_profiled_CW_data,mme_recursive_yz_stage_certificate
mme_recursive_profiled_CW_data,mme_recursive_yz_cell_partition
mme_recursive_profiled_CW_data,mme_recursive_yz_boundary_data
mme_more_asymmetry_finite_regional_surplus_certificate,mme_recursive_regional_CW_data
mme_more_asymmetry_finite_regional_surplus_certificate,mme_more_asymmetry_integer_regional_surplus_certificate
mme_more_asymmetry_finite_regional_surplus_certificate,mme_integer_regional_recipe_compilation
mme_dwz_square_equation25_table2_below,mme_six_symmetrized_tau_value
mme_dwz_square_equation25_table2_below,mme_dwz_square_data
mme_dwz_square_equation25_table2_below,mme_dwz_hole_lemma_cover_core
mme_dwz_square_equation25_table2_below,mme_CW_tensor
mme_dwz_square_equation25_table2_below,mme_HasTauValueAtLeast_of_cofinal_finite_extractions
mme_dwz_square_equation25_table2_below,mme_dwz_square_equation25_cofinal_finite_extraction
mme_dwz_square_equation25_table2_below,mme_dwz_claim6_8_arithmetic
Erdos146.manuscriptEntropyGap_pos,erdos146_core2
mul_le_mul_triple,Rectangle_defs
mul_le_mul_triple,ZetaBounds_defs
mul_le_mul_triple,EulerMaclaurin_defs
mul_le_mul_triple,Fourier_defs
mul_le_mul_triple,ResidueCalcOnRectangles_defs
mme_laser_witness_at_prob_dist,mme_subrank_capacity_poly
mme_laser_witness_at_prob_dist,mme_laser_pattern
bernoulli_tangent_sampling_concentration_probability_mono,matrix_completion_tangent
bernoulli_tangent_sampling_concentration_probability_mono,bernoulli_event_probability_mono
bernoulli_tangent_sampling_concentration_probability_mono,tangent_sampling_concentration_mono
Davenport.siegel_of_no_exceptional,Davenport.norm_LFunction_le_of_re_pos
Davenport.siegel_of_no_exceptional,Davenport.estermann_lemma
Davenport.siegel_of_no_exceptional,Davenport.LFunction_ofReal_im_eq_zero
Davenport.siegel_of_no_exceptional,Davenport.LFunction_one_pos
beukersLiftingData,rationalEArithmetic
KServer.kserver_conjecture,KServer.finite_horizon_uniform_bound
KServer.kserver_conjecture,KServer_model
KServer.kserver_conjecture,KServer.online_cost_compactness
MarkovMixing.harmonic_extension,MarkovMixing.summable_hitting_tails
MarkovMixing.harmonic_extension,mm_network
Erdos180.symplecticLine_eq_coordinateCenterLine_of_common_points,erdos180_core4
Erdos180.symplecticLine_eq_coordinateCenterLine_of_common_points,Erdos180.symplecticPoint_sup_finrank
CTensorOneHOneCertificate,mme_block_subtensor
CTensorOneHOneCertificate,mme_rank_bridge
ExcursionCoupling.atom_pairs_null,excursion_coupling
Chou.milnor_wolf,Chou_Growth
Erdos9796FiniteNine.form_b_v2,Erdos9796FiniteNine_N8Interface
Erdos9796FiniteNine.form_b_v2,Erdos9796FiniteNine.form_b_v1
BertsekasDP.ssp_policy_evaluation,BertsekasSSPModel
BunkbedTM.class_products,BunkbedTransferPartial
BunkbedTM.class_products,BunkbedTM.class_products_lo
BunkbedTM.class_products,BunkbedTransferClasses
BunkbedTM.class_products,BunkbedWZPoly
BanditAlgorithm.partial_monitoring_linear_lower_of_globally_invisible_alternatives,BanditAlgorithm.pmStochMeasure_kl_toReal_le_expected_outside_count
BanditAlgorithm.partial_monitoring_linear_lower_of_globally_invisible_alternatives,BanditAlgorithm.pmStochPseudoRegret_pair_tradeoff_of_kl
BanditAlgorithm.partial_monitoring_linear_lower_of_globally_invisible_alternatives,BanditAlgorithm.pmSignalMeasure_eq_symmetric_perturbation_of_fiber_sum
BanditAlgorithm.partial_monitoring_linear_lower_of_globally_invisible_alternatives,BanditAlgorithm.pmStochPseudoRegret_le_worst_pmRegret
BanditAlgorithm.partial_monitoring_linear_lower_of_globally_invisible_alternatives,BanditAlgorithm.pmSignalMeasure_kl_le_symmetric_perturbation
BanditAlgorithm.partial_monitoring_linear_lower_of_globally_invisible_alternatives,PartialMonitoringGame
GameSetMatch.majorityAdv_smul_le,GameSetMatchInternal
GameSetMatch.majorityAdv_smul_le,GameSetMatch.majorityAdv_eq_centralBinom_sum
EulerMascheroni.Mixed.beukers_e_value_linear_lifting,EulerMascheroni.Mixed.ordinary_minimal_combination
EulerMascheroni.Mixed.beukers_e_value_linear_lifting,ArithmeticE.beukers_rational_system_lifting
EulerMascheroni.Mixed.beukers_e_value_linear_lifting,EulerMascheroni.Mixed.e_system_specialization_data
EulerMascheroni.Mixed.beukers_e_value_linear_lifting,eulerMascheroni_formalESystem
EulerMascheroni.Mixed.beukers_e_value_linear_lifting,EulerMascheroni.Mixed.e_system_arithmetic
EulerMascheroni.Mixed.beukers_e_value_linear_lifting,ArithmeticE.algebraic_e_combination_zero_singularity
Freiman.gap_threshold_enclosures,Freiman_gapCertificateData
Freiman.gap_endpoint_B_membership,Freiman.gap_centered_membership
Freiman.gap_endpoint_B_membership,Freiman_gapModel
Freiman.gap_endpoint_B_membership,Freiman.gap_extremizer_B_global
CircleMethod.sing_series_summable_norm,CircleMethod_waring
CircleMethod.sing_series_summable_norm,CircleMethod_weylsum
Hatcher.vanKampenHom_surjective,Hatcher_VanKampen
Hatcher.vanKampenHom_surjective,Hatcher.loop_homotopic_prod_of_cover
mme_omega_lt_23737,mme_omega
mme_omega_lt_23737,mme_strassen_lt_three_mul_of_tau_value_surplus
mme_omega_lt_23737,mme_stothers_fourth_fixed_tau_value_23737
mme_omega_lt_23737,mme_omega_eq_strassen
mme_omega_lt_23737,mme_CW_square_asymptoticRank_le
Erdos390.complement_formulation,erdos390_problem
BanditAlgorithm.partial_monitoring_hard_rpow_two_thirds_upper_bound_discrete_signals,BanditAlgorithm.partial_monitoring_globally_observable_unit_hard_upper
BanditAlgorithm.partial_monitoring_hard_rpow_two_thirds_upper_bound_discrete_signals,PartialMonitoringGame
BanditAlgorithm.partial_monitoring_hard_rpow_two_thirds_upper_bound_discrete_signals,BanditAlgorithm.pm_minimax_regret_of_affine_loss
BanditAlgorithm.partial_monitoring_hard_rpow_two_thirds_upper_bound_discrete_signals,BanditAlgorithm.partial_monitoring_exists_unit_affine_normalization
HarmonicBuilding.closedBilliardsPathPeriod,frame_2026_harmonic_building_interfaces
HarmonicBuilding.closedBilliardsPathPeriod,SphericalGeometry.greatCirclePath_period
HarmonicBuilding.closedBilliardsPathPeriod,spherical_great_circle
qpr_core_28,QuantumParallelRepetition.UnconditionalActualFairSourceRoundingContext.fine_all
qpr_core_28,quantum_parallel_repetition_game
qpr_core_28,QuantumParallelRepetition.UnconditionalActualFairSourceRoundingContext.width_all
qpr_core_28,QuantumParallelRepetition.UnconditionalActualFairSourceRoundingContext.width_positive
qpr_core_28,QuantumParallelRepetition.UnconditionalActualFairSourceRoundingContext.answerNonempty
qpr_core_28,qpr_core_27
Erdos180.symplecticPoint_sup_finrank,erdos180_core4
Erdos180.symplecticPoint_card,erdos180_core4
MarkovChainCLT.integral_sq_iterKernel_pow_le,MarkovChainCLT.integral_sq_iterKernel_le_of_tvDist
MarkovChainCLT.integral_sq_iterKernel_pow_le,MarkovErgodicity
BanditAlgorithm.measurable_klucbIndex,BanditAlgorithm.measurable_klucbIndexSup
BanditAlgorithm.measurable_klucbIndex,bernoulliRelativeEntropy
GameSetMatch.part_b,GameSetMatch.part_c
GameSetMatch.part_b,GameSetMatchInternal
GameSetMatch.part_b,GameSetMatch.bestOfFairCoinWinProb_eq
CircleMethod.locDens_one,CircleMethod.e_zero
CircleMethod.locDens_one,CircleMethod.e_intCast
CircleMethod.locDens_one,CircleMethod_waring
CircleMethod.locDens_one,CircleMethod.norm_e
CircleMethod.locDens_one,CircleMethod.e_add_intCast
CircleMethod.locDens_one,CircleMethod.e_add
diophantine_quintuple_sorting,diophantine_descent
CircleMethod.kthPowerLift_sharp,CircleMethod.sum_e_div_orthogonality
CircleMethod.kthPowerLift_sharp,CircleMethod.locDens_bound
CircleMethod.kthPowerLift_sharp,CircleMethod.e_zero
CircleMethod.kthPowerLift_sharp,CircleMethod.locDens_zero_modulus
CircleMethod.kthPowerLift_sharp,CircleMethod.sing_series_summable_norm
CircleMethod.kthPowerLift_sharp,CircleMethod.locDens_one
CircleMethod.kthPowerLift_sharp,CircleMethod.locDens_exponent_lt_neg_one
CircleMethod.kthPowerLift_sharp,Vino.e_div_congr
CircleMethod.kthPowerLift_sharp,CircleMethod_singpos
CircleMethod.kthPowerLift_sharp,CircleMethod.locDens_mul
CircleMethod.kthPowerLift_sharp,CircleMethod.e_add
CircleMethod.integral_e_pow_eq_singInt,CircleMethod.e_zero
CircleMethod.integral_e_pow_eq_singInt,CircleMethod_waring
CircleMethod.integral_e_pow_eq_singInt,CircleMethod.norm_e
CircleMethod.integral_e_pow_eq_singInt,CircleMethod.e_neg
Devaney.sarkovskii_pow_two,Devaney_sarkovskii
Leopoldt.galois_totallyReal_injection,LeopoldtDefect
Diaz.normal_form,Diaz_Closure
Diaz.normal_form,Diaz_Instantiation
OddPerfectNumber.k_one_sigma_diophantine,OddPerfectNumber.k_one_diophantine_m_eq_one
OddPerfectNumber.k_one_sigma_diophantine,OddPerfectNumber.k_one_diophantine_m_ge_two
Richstein2001.segmented_sieve_coverage,GoldbachSieve
DiazModulus.diaz_of_exp_real_pure_imaginary,DiazModulus.diaz_on_axes_of_hermite_lindemann
DiazModulus.diaz_of_exp_real_pure_imaginary,DiazModulus
DiazModulus.diaz_of_exp_real_pure_imaginary,DiazModulus.hermite_lindemann_holds
Erdos180.subdivisionLine_pair_incidence,erdos180_core4
Erdos180.subdivisionLine_pair_incidence,Erdos180.symplecticQuadrangle_adjacent_to_line
Erdos180.subdivisionLine_pair_incidence,Erdos180.subdivisionGraph_base_pair_adj
Erdos180.subdivisionLine_pair_incidence,Erdos180.subdivisionGraph_center_pair_adj
BSD.birch_swinnerton_dyer,BSD.birch_swinnerton_dyer_of_analyticOrderAt_le_one
BSD.birch_swinnerton_dyer,BSD.birch_swinnerton_dyer_of_two_le_analyticOrderAt
BSD.birch_swinnerton_dyer,BSD
BSD.birch_swinnerton_dyer,BSD.exists_isLFunction
BSD.birch_swinnerton_dyer,BSD.analytic_continuation
BSD.birch_swinnerton_dyer,BSD.rank_order_equality
Erdos183.cliqueFree_pullback_embedding,Erdos183.labelGraph_pullback_embedding
Erdos183.cliqueFree_pullback_embedding,erdos183_core
ShiOptrates_Stochastic_Bridge,ShiOptrates_Cost
ShiOptrates_Stochastic_Bridge,ShiOptrates_Stochastic_Recursion
ShiOptrates_Stochastic_Bridge,ShiOptrates_FunctionClass
candes_recht_matrix_completion,bernoulli_exact_completion_general_sample_complexity
candes_recht_matrix_completion,matrix_completion_svd
candes_recht_matrix_completion,fixed_cardinality_completion_probability_from_bernoulli_model
MetricTSP.four_thirds_conjecture,MetricTSP_model
MarkovMixing.bottleneck_lower_bound,mm_lower
MarkovMixing.bottleneck_lower_bound,MarkovMixing.convergence_theorem
BanditAlgorithm.partial_monitoring_pareto_monotone_neighbour_paths,BanditAlgorithm.partial_monitoring_pareto_cover_ranked_descent
BanditAlgorithm.partial_monitoring_pareto_monotone_neighbour_paths,PartialMonitoringGame
Hirsch.polynomial_edge_refinement_of_circuit_walks_dim_ge_four,Hirsch.polynomial_edge_refinement_of_circuit_walks_of_high_carrier
Hirsch.polynomial_edge_refinement_of_circuit_walks_dim_ge_four,Hirsch_circuit_model
Hirsch.polynomial_edge_refinement_of_circuit_walks_dim_ge_four,Hirsch.common_face_sequence_route_bound_of_dim_le_three
Davenport.logDeriv_LFunction_region_bound,Davenport.zeta_logDeriv_region_bound
Davenport.logDeriv_LFunction_region_bound,Zeta23.WeilEF.zeta_logDeriv_partial_fraction
Davenport.logDeriv_LFunction_region_bound,Davenport.logDeriv_LFunction_partial_fraction
Davenport.logDeriv_LFunction_region_bound,Zeta23.WeilEF.logDeriv_partial_fraction_disk
Davenport.logDeriv_LFunction_region_bound,Davenport.LFunction_zero_one_sub_of_isQuadratic
Davenport.logDeriv_LFunction_region_bound,Davenport_siegelWalfisz
Hirsch.diameter_bound_of_target_face_access,Hirsch.facet_reduction
Hirsch.diameter_bound_of_target_face_access,Hirsch_model
Erdos180.colorRespectingQuotient_isBipartite,erdos180_core4
HarmonicBuilding.surfaceFrequencyMonotoneOn,HarmonicBuilding.firstVariationOfEnergyAndMoment
HarmonicBuilding.surfaceFrequencyMonotoneOn,frame_2026_harmonic_building_interfaces
HarmonicBuilding.surfaceFrequencyMonotoneOn,HarmonicBuilding.frequencyMonotone_of_aeVariation
HarmonicBuilding.surfaceFrequencyMonotoneOn,HarmonicBuilding.frequencyMonotone_of_firstVariation
HarmonicBuilding.surfaceFrequencyMonotoneOn,HarmonicBuilding.weakFirstVariationData
MarkovMixing.coupling_bound,mm_coupling
MarkovMixing.coupling_bound,MarkovMixing.tv_coupling
MarkovMixing.coupling_bound,mm_network
MarkovMixing.coupling_bound,MarkovMixing.dist_le_distPairs
EulerMascheroni.Sondow.integral_identity,eulerMascheroni_sondow
EulerMascheroni.Sondow.integral_identity,EulerMascheroni.Sondow.cutoffError_tendsto_zero
EulerMascheroni.Sondow.integral_identity,EulerMascheroni.Sondow.finite_cutoff_identity
EulerMascheroni.Sondow.integral_identity,EulerMascheroni.Sondow.remainder_tendsto_zero
OpenGA_SurgeryAreaEvolutionData,OpenGA_MeasuredSurgeryComparisonData
OpenGA_SurgeryAreaEvolutionData,OpenGA_WidthAreaEvolutionData
mme_CW_canonical_aligned_witness,mme_CW_support_pattern
mme_CW_canonical_aligned_witness,mme_CW_tensor
mme_CW_canonical_aligned_witness,mme_tensor_type_grading
mme_CW_canonical_aligned_witness,mme_laser_pattern
Hirsch.klee_three_dimensional_bound,Hirsch.plane_bound_general
Hirsch.klee_three_dimensional_bound,Hirsch.facet_reduction
Hirsch.klee_three_dimensional_bound,BasicSolution
Hirsch.klee_three_dimensional_bound,Vertex
Hirsch.klee_three_dimensional_bound,ActiveConstraints
Hirsch.klee_three_dimensional_bound,Hirsch_model
Hirsch.klee_three_dimensional_bound,LinearOptimization.lp_basic_solutions_finite
Hirsch.klee_three_dimensional_bound,LinearOptimization.lp_vertex_extreme_bfs_equiv
LinearOptimization.lp_weak_duality,LinearOptimization_DualLP
CircleMethod.S_bound,CircleMethod.weyl_inequality
CircleMethod.S_bound,CircleMethod_waring
CircleMethod.S_bound,CircleMethod.norm_S_le
CircleMethod.S_bound,CircleMethod.norm_e
CircleMethod.S_bound,CircleMethod_weylsum
diophantine_quintuple_degree_one,diophantine_descent
BSD.exists_isLFunction,BSD.exists_cuspForm_qCoeff_eq_lFunction
BSD.exists_isLFunction,BSD
BSD.exists_isLFunction,BSD.lSeriesSummable
BSD.exists_isLFunction,CuspForm.exists_differentiable_eq_lSeries_qCoeff
BSD.exists_isLFunction,FLTPrelim_Modularity
ExcursionCoupling.crossing_sets_measurable,ExcursionCoupling.Fsigma_cadlag
ExcursionCoupling.crossing_sets_measurable,excursion_coupling
HarmonicBuildingKL.possibleOrdersOfBuildingWithDirections,HarmonicBuilding.weylCardEqTwoOfRankOne
HarmonicBuildingKL.possibleOrdersOfBuildingWithDirections,HarmonicBuildingKL.orderDenominatorDividesWeylWD
HarmonicBuildingKL.possibleOrdersOfBuildingWithDirections,HarmonicBuildingKL.orderExistsAndAtLeastOneWD
HarmonicBuildingKL.possibleOrdersOfBuildingWithDirections,euclidean_building_directions
monopoly_revenue_measurable_family,monopoly_revenue_eq_rational_price_sup
monopoly_revenue_measurable_family,monopoly_pricing
MarkovMixing.top_to_random_mixing,mm_stopping
MarkovMixing.top_to_random_mixing,MarkovMixing.strong_stationary_bound
MarkovMixing.top_to_random_mixing,MarkovMixing.top_to_random_strong_stationary
mm_mixing,mm_basic
OddPerfectNumber.no_dris_five_s_ge_two_not_even,OddPerfectNumber.no_dris_five_s_odd_eq_three
OddPerfectNumber.no_dris_five_s_ge_two_not_even,OddPerfectNumber.no_dris_five_s_odd_ge_five
BraidsLinksMCG.thm_1_8_artin_presentation,BraidsLinksMCG_ConfigSpace
BraidsLinksMCG.thm_1_8_artin_presentation,BraidsLinksMCG_ArtinBraidGroup
Erdos146.manuscriptExtremalPower_pos,erdos146_core2
Erdos146.manuscriptExtremalPower_pos,Erdos146.exponentGain_pos
mme_laser_block_dimension_count_refined,mme_laser_pattern
MarkovMixing.counting_lower_bound,mm_lower
MarkovMixing.counting_lower_bound,MarkovMixing.convergence_theorem
BanditAlgorithm.exp4_quadratic_mass_expectation_bound,ContextualAdversarialBandit
BanditAlgorithm.exp4_quadratic_mass_expectation_bound,exp4Analysis
strong_goldbach_conjecture,WeakGoldbach.even_goldbach_above_4e18
strong_goldbach_conjecture,WeakGoldbach.even_goldbach_to_4e18
strong_goldbach_conjecture,goldbach
Hatcher.vanKampen_mulEquiv,Hatcher_VanKampen
Hatcher.vanKampen_mulEquiv,Hatcher.vanKampen
mme_HasTauValueAtLeast_bigAdd_uniform_strict,mme_finite_MM_extractions_kronFin_tau_product
mme_HasTauValueAtLeast_bigAdd_uniform_strict,mme_strict_pow_absorbs_sqrt_exp_loss
mme_HasTauValueAtLeast_bigAdd_uniform_strict,mme_bigAdd_mono_restrict
mme_HasTauValueAtLeast_bigAdd_uniform_strict,mme_dwz_multinomial_entropy_polynomial_lower
mme_HasTauValueAtLeast_bigAdd_uniform_strict,mme_finite_HasTauValueAtLeast_common_multiple_below
mme_HasTauValueAtLeast_bigAdd_uniform_strict,mme_bigAdd_fin_mul_isomorphic_nested
mme_HasTauValueAtLeast_bigAdd_uniform_strict,mme_balanced_bigAdd_power_type_restrict
mme_HasTauValueAtLeast_bigAdd_uniform_strict,mme_fintype_prescribed_fiber_function_card
mme_HasTauValueAtLeast_bigAdd_uniform_strict,mme_tau_value
mme_HasTauValueAtLeast_bigAdd_uniform_strict,mme_HasTauValueAtLeast_of_cofinal_finite_extractions
LinearOptimization.polyhedron_full_dim_volume_lower_bound_nonstrict,LinearOptimization.polyhedron_bounded_convex_hull_extreme
LinearOptimization.polyhedron_full_dim_volume_lower_bound_nonstrict,Polyhedron
LinearOptimization.polyhedron_full_dim_volume_lower_bound_nonstrict,LinearOptimization_Ellipsoid
LinearOptimization.polyhedron_full_dim_volume_lower_bound_nonstrict,LinearOptimization.lp_vertex_extreme_bfs_equiv
mme_CW_square_five_grade_certificate,mme_CW_tensor
mme_CW_square_five_grade_certificate,mme_CW_coupled_value
mme_CW_square_five_grade_certificate,mme_block_subtensor
ConvexOptimization.barrier_centering_potential_gap,ConvexOptimization_logBarrier
ConvexOptimization.barrier_centering_potential_gap,ConvexOptimization.convexOn_iff_gradient_inequality
OPG37364.spectralGap_gt_one_seventh_of_adjacency_bound,mm_spectral
OPG37364.spectralGap_gt_one_seventh_of_adjacency_bound,opg37364_matching_cuts
GameSetMatch.tieIntegral_antitone_right,GameSetMatchInternal
BunkbedAux.probOf_image_map,BunkbedPercolation
MarkovChainCLT.map_coord_chainMeasure,MixingCoefficients
MarkovChainCLT.map_coord_chainMeasure,MarkovChainPathMeasure
MarkovChainCLT.map_coord_chainMeasure,MarkovErgodicity
Riemannian.RiemannianMetric.measure_geodesicBall_pos,OpenGA_GeodesicBall
Erdos9796Counting_Adapter,Erdos9796Mission
LinearOptimization.lp_general_weak_duality,LinearOptimization_LagrangeanDual
MTT_Cohomology_Integration,MTT_Cohomology
HarmonicBuilding.orderDefinedAt_of_isKSHarmonic,frame_2026_harmonic_building_interfaces
HarmonicBuilding.orderDefinedAt_of_isKSHarmonic,HarmonicBuilding.orderDefinedAt_of_continuousOn_of_nonconstant_on_circles
HarmonicBuilding.orderDefinedAt_of_isKSHarmonic,HarmonicBuilding.ksEnergy_lt_top_of_isKSHarmonic
ExcursionCoupling.Fsigma_cadlag,excursion_coupling
Rudin.ch02_heine_borel,Rudin_ch02_topology
BanditAlgorithm.ucb_suboptimal_arm_pull_count_tail,ucbStoppedCenteredSum
BanditAlgorithm.ucb_suboptimal_arm_pull_count_tail,ucbPolicy
BanditAlgorithm.ucb_suboptimal_arm_pull_count_tail,banditRegret
BanditAlgorithm.ucb_suboptimal_arm_pull_count_tail,BanditAlgorithm.ucb_pull_count_bad_event_inclusion
PachDeZeeuw.Algebraic.mem_PlaneCurveZeroSet,PdzPrelim
CannonFloydParry.no_free_subgroup_of_rank_two,BrinSquier.no_free_subgroup_of_rank_two
CannonFloydParry.no_free_subgroup_of_rank_two,CannonFloydParry
CannonFloydParry.no_free_subgroup_of_rank_two,BrinSquier
no_diophantine_quintuple,diophantine_quintuple_degree_zero
no_diophantine_quintuple,diophantine_quintuple_degree_classification
no_diophantine_quintuple,diophantine_quintuple_degree_ge_two
no_diophantine_quintuple,diophantine_quintuple_degree_one
QuantumParallelRepetition.fullCoordinateAliceEntropyIncrement_nonneg,qpr_core_15
QuantumParallelRepetition.fullCoordinateAliceEntropyIncrement_nonneg,quantum_parallel_repetition_game
QuantumParallelRepetition.fullCoordinateAliceEntropyIncrement_nonneg,QuantumParallelRepetition.trace_mul_posSemidef_nonneg
QuantumParallelRepetition.fullCoordinateAliceEntropyIncrement_nonneg,QuantumParallelRepetition.matrixLogEntropy_weighted_jensen_posSemidef
MSKleene_Subst,MSKleene_Term
MSKleene_Subst,MSKleene_Power
Davenport.perron_tail_bound,Rectangle_defs
Davenport.perron_tail_bound,MellinCalculus_defs
Davenport.perron_tail_bound,MellinOfSmooth1b
Davenport.perron_tail_bound,verticalIntegral_split_three
Davenport.perron_tail_bound,triv_bound_zeta
Davenport.perron_tail_bound,Smooth1MellinDifferentiable
Davenport.perron_tail_bound,Davenport.neg_logDeriv_trivChar_le
Davenport.perron_tail_bound,ResidueCalcOnRectangles_defs
PrimalDual.pd_weak_duality,pd_finite_lp
sgl_finite_override_delegate,sgl_finite_override
MarkovChainCLT.opNorm_le_of_symmetric_power_decay_on_dense,MarkovChainCLT.quadratic_le_of_symmetric_power_decay_unit
OpenGA_WidthComparisonData,OpenGA_AreaEnergyDensities
Erdos180.symplecticQuadrangle_adjacent_to_point,erdos180_core4
KAMMainCorrected.finiteStagePersistenceData,frame_2026_kam_interfaces
shannonEntropy_shellFin_le,DiscreteEntropy
shannonEntropy_shellFin_le,shellFin
Erdos180.symplecticLineNormalizer_map_right,erdos180_core4
CappedBaseStock.main,CappedBaseStock.base_stock_cost_bound
CappedBaseStock.main,CappedBaseStock.two_branch
CappedBaseStock.main,CappedBaseStock_Model
CappedBaseStock.main,CappedBaseStock.lower_certificate_bound
CappedBaseStock.main,CappedBaseStock.finite_cap_cost_bound
CircleMethod.e_sub_intCast,CircleMethod_char
CircleMethod.e_sub_intCast,CircleMethod.e_add_intCast
AGT.no_retraction_unitBall,AGT.exists_contDiff_retraction_unitBall
AGT.no_retraction_unitBall,AGT.no_contDiff_retraction_unitBall
FiniteReflectionPositivityMethodsI.freeCovariancePositiveSemidefinite,FiniteReflectionPositivityMethodsI
ExcursionCoupling.mem_pairedRoutes_of_mem_monotone_set,ExcursionCoupling.monotone_plan_diagonal_null
ExcursionCoupling.mem_pairedRoutes_of_mem_monotone_set,ExcursionCoupling.Fsigma_cadlag
ExcursionCoupling.mem_pairedRoutes_of_mem_monotone_set,ExcursionCoupling.ae_level_regular
ExcursionCoupling.mem_pairedRoutes_of_mem_monotone_set,excursion_coupling
Erdos180.symplecticQuadrangle_encodeFiniteGraph_free_iff,erdos180_core4
BunkbedFalse.gadget_sep,BunkbedHypergraph
Hirsch.vertex_tight_rows_span,Hirsch_model
ReservoirSAS.monomial_sas_realization,ReservoirSAS
CannonFloydParry.mem_F_iff_isThompson,CannonFloydParry
BanditAlgorithm.banditTrajMeasure_joint_eq_compProd,BanditTrajectory
BanditAlgorithm.banditTrajMeasure_joint_eq_compProd,ProbabilityTheory.compProd_map_left
TaoFivePrimes.minor_arc_Linfty_weakly_major,TaoFivePrimes.norm_DK_le
TaoFivePrimes.minor_arc_Linfty_weakly_major,TaoFivePrimes.norm_S0_le_weakly_major_5e6
TaoFivePrimes.minor_arc_Linfty_weakly_major,TaoFivePrimes_ArcSplit
Erdos180.symplecticAutomorphismLineEquiv_apply,erdos180_core4
BanditAlgorithm.linear_bandit_mixture_supermartingale,SelfNormalizedProcess
BanditAlgorithm.linear_bandit_mixture_supermartingale,BanditAlgorithm.linear_bandit_fixed_direction_supermartingale
RobustOptimization_GRCConic,RobustOptimization_GRC
mme_CW_q6_primary_hash_Ctensor_outer_middle_certificates,CTensorOneHOneFamilyCertificate
mme_CW_q6_primary_hash_Ctensor_outer_middle_certificates,mme_CW_q6_primary_hash_induced_family_exists
mme_CW_q6_primary_hash_Ctensor_outer_middle_certificates,mme_CW_q6_primary_hash_family
mme_CW_q6_primary_hash_Ctensor_outer_middle_certificates,mme_CW_q6_primary_hash_family_Ctensor_certificates
mme_CW_q6_primary_hash_Ctensor_outer_middle_certificates,mme_CW_coupled_value
PachDeZeeuw.Algebraic.factorized_bezout_bound,PachDeZeeuw.Algebraic.normalized_factor_irreducible
PachDeZeeuw.Algebraic.factorized_bezout_bound,PachDeZeeuw.Algebraic.zeroSet_subset_normalizedFactor_union
PachDeZeeuw.Algebraic.factorized_bezout_bound,PachDeZeeuw.Algebraic.card_normalizedFactors_le_totalDegree
PachDeZeeuw.Algebraic.factorized_bezout_bound,PachDeZeeuw.Algebraic.irreducible_pair_intersection_bound
PachDeZeeuw.Algebraic.factorized_bezout_bound,PachDeZeeuw.Algebraic.finite_singularities_of_irreducible_bound
PachDeZeeuw.Algebraic.factorized_bezout_bound,PachDeZeeuw.Algebraic.nonsingular_point_has_infinite_zeroSet_of_partial0
PachDeZeeuw.Algebraic.factorized_bezout_bound,PachDeZeeuw.Algebraic.normalized_factor_degree_le
PachDeZeeuw.Algebraic.factorized_bezout_bound,PachDeZeeuw.Algebraic.PlaneCurveZeroSet_subset_of_dvd
PachDeZeeuw.Algebraic.factorized_bezout_bound,PachDeZeeuw.Algebraic.nonsingular_point_has_infinite_zeroSet_of_partial1
PachDeZeeuw.Algebraic.factorized_bezout_bound,PachDeZeeuw.Algebraic.irreducible_has_nonzero_partial
PachDeZeeuw.Algebraic.factorized_bezout_bound,PdzBezout
PachDeZeeuw.Algebraic.planeCurveZeroSet_eq_coeffLineZeroSet_of_curry_natDegree_zero,PachDeZeeuw.Algebraic.eval_eq_specialized_eval
PachDeZeeuw.Algebraic.planeCurveZeroSet_eq_coeffLineZeroSet_of_curry_natDegree_zero,PdzPrelim
PachDeZeeuw.Algebraic.planeCurveZeroSet_eq_coeffLineZeroSet_of_curry_natDegree_zero,PachDeZeeuw.Algebraic.mem_CoeffLineZeroSet
PachDeZeeuw.Algebraic.planeCurveZeroSet_eq_coeffLineZeroSet_of_curry_natDegree_zero,PachDeZeeuw.Algebraic.mem_PlaneCurveZeroSet
BSD.analytic_continuation,BSD
BSD.analytic_continuation,BSD.modularity_of_elliptic_curve
BSD.analytic_continuation,FLTPrelim_Modularity
BSD.analytic_continuation,BSD.modularity_implies_analytic_continuation
Freiman.perron_formula,Freiman.finite_limsup_subsequence_comparison
Freiman.perron_formula,Freiman_lagrangeSpectrum
Freiman.perron_formula,Freiman_cfValue
Freiman.perron_formula,Freiman.perron_frequently_at_least_two
Freiman.perron_formula,Freiman.perron_convergent_subsequence
Freiman.perron_formula,Freiman.continuant_denominator_pos
Freiman.perron_formula,Freiman.continuant_denominator_escape
Freiman.perron_formula,Freiman.perron_arbitrary_error_control
mme_stothers_fixed_outer_induced_family_multinomial,mme_stothers_fixed_outer_profile
mme_stothers_fixed_outer_induced_family_multinomial,mme_stothers_fixed_target_pruning_assembly
mme_stothers_fixed_outer_induced_family_multinomial,mme_stothers_fixed_outer_hash_budget
strict_dual_certificate_and_injectivity_force_nuclear_norm_gap,matrix_completion_tangent
strict_dual_certificate_and_injectivity_force_nuclear_norm_gap,distinct_matrix_subtraction_nonzero
strict_dual_certificate_and_injectivity_force_nuclear_norm_gap,agreement_gives_zero_sampled_perturbation
strict_dual_certificate_and_injectivity_force_nuclear_norm_gap,nuclear_norm_gap_transfer_from_subtraction_perturbation
strict_dual_certificate_and_injectivity_force_nuclear_norm_gap,matrix_completion_basic
strict_dual_certificate_and_injectivity_force_nuclear_norm_gap,strict_certificate_and_injectivity_increase_nuclear_norm_for_perturbation
KerrBL.vacKerr_pht,KerrBL_Kerr_ClosedForms
Problem97.CGN.CGN6b0_secantEndpointBounds_coords,Erdos9796Counting_CGN_CGN6
Problem97.CGN.CGN6b0_secantEndpointBounds_coords,Problem97.CGN.weighted_average_tail_bound
Problem97.CGN.CGN6b0_secantEndpointBounds_coords,Erdos9796Counting_Adapter
Problem97.CGN.CGN6b0_secantEndpointBounds_coords,Problem97.CGN.weighted_average_initial_bound
OpenGA_RadialSurgeryVolumeBudget,DifferentialGeometry_RadialCrossComparison
OpenGA_RadialSurgeryVolumeBudget,DifferentialGeometry_ModelRadialVolume
syracuse_five_cycle_eq_one,syracuseStep
CircleMethod.norm_sum_e_le_min,CircleMethod.norm_sum_e_le
CircleMethod.norm_sum_e_le_min,CircleMethod.norm_sum_e_le_inv_nrm
CircleMethod.norm_sum_e_le_min,CircleMethod_char
BunkbedWZPoly,BunkbedHypergraph
SymplecticFreeModules.canonicalHamiltonianLieBracket,frame_2026_symplectic_free_modules_interfaces
Conway99.conway_99,Conway99.conway_99_adjacency_matrix_exists
Conway99.conway_99,Conway99.conway_99_triangle_system_exists
BunkbedFalse.wzDiffPoly_pos,BunkbedWZPoly
MarkovChainCLT.satisfiesCLT_of_stationary_clt,MarkovChainCLT.markovChainKernel_map_shift_iter
MarkovChainCLT.satisfiesCLT_of_stationary_clt,MeasureTheory.tendstoInMeasure_inv_sqrt_mul_of_dominated
MarkovChainCLT.satisfiesCLT_of_stationary_clt,MeasureTheory.tendsto_integral_of_tendstoInMeasure_of_bounded
MarkovChainCLT.satisfiesCLT_of_stationary_clt,MarkovChainPathMeasure
MarkovChainCLT.satisfiesCLT_of_stationary_clt,MarkovChainCLT.abs_integral_sub_le_tvDist_of_bounded
MarkovChainCLT.satisfiesCLT_of_stationary_clt,MarkovErgodicity
mme_duality,mme_asymptotic_closure
mme_duality,mme_fractional_rank
mme_duality,mme_spectrum
HarmonicBuilding.weylCardEven,frame_2026_harmonic_building_interfaces
eulerScalarEquation,beukersLiftingData
eulerScalarEquation,eulerMascheroni_formalESystem
Freiman.irrational_integer_normalization,Freiman_symbolicMarkovSpectrum
collatz_descent_twentythree_mod_thirtytwo,collatzStepMap
shannonEntropy_pi_le,DiscreteEntropy
shannonEntropy_pi_le,shannonEntropy_prod_le
Problem97.ccw_of_hneg,Erdos9796Counting_Foundation
Problem97.ccw_of_hneg,Problem97.signedArea2_sign_eq_oangle_sign
Problem97.ccw_of_hneg,Erdos9796Counting_Adapter
Problem97.ccw_of_hneg,Erdos9796Counting_SignedAreaOangle
GameSetMatchInternal,GameSetMatch
EulerMascheroni.exists_int_linear_forms_tendsto_zero,EulerMascheroni.P2.int_linear_forms_of_primitive_saving
EulerMascheroni.exists_int_linear_forms_tendsto_zero,EulerMascheroni.P2.f_saddle_limit
EulerMascheroni.exists_int_linear_forms_tendsto_zero,EulerMascheroni.P2.phase_compatible_primitive_saving
EulerMascheroni.exists_int_linear_forms_tendsto_zero,EulerMascheroni.P2.foundation
HarmonicBuilding.homogeneousOrderAtLeastOne,frame_2026_harmonic_building_conical
MagicSquares.sm3_params_card,MagicSquaresSemiMagic3
MagicSquares.sm3_params_card,MagicSquares
MarkovChainCLT.chainMeasure_eq_comp_traj,MarkovChainPathMeasure
CircleMethod.sum_divisors_locDens,CircleMethod.sum_e_div_orthogonality
CircleMethod.sum_divisors_locDens,CircleMethod.locDens_bound
CircleMethod.sum_divisors_locDens,CircleMethod.e_zero
CircleMethod.sum_divisors_locDens,CircleMethod.locDens_zero_modulus
CircleMethod.sum_divisors_locDens,CircleMethod.sing_series_summable_norm
CircleMethod.sum_divisors_locDens,CircleMethod.locDens_one
CircleMethod.sum_divisors_locDens,CircleMethod.locDens_exponent_lt_neg_one
CircleMethod.sum_divisors_locDens,Vino.e_div_congr
CircleMethod.sum_divisors_locDens,CircleMethod_singpos
CircleMethod.sum_divisors_locDens,CircleMethod.locDens_mul
CircleMethod.sum_divisors_locDens,CircleMethod.e_add
GameSetMatch.winLossAdv_nested_lt,GameSetMatch.coeff_ineq
GameSetMatch.winLossAdv_nested_lt,GameSetMatch.bernstein_elevate
GameSetMatch.winLossAdv_nested_lt,GameSetMatchInternal
GameSetMatch.winLossAdv_nested_lt,GameSetMatch.winLossAdv_eq_bernstein
GameSetMatch.winLossAdv_nested_lt,GameSetMatch.majorityAdv_eq_centralBinom_sum
bernoulli_exact_completion_general_sample_complexity,matrix_completion_bernoulli
bernoulli_exact_completion_general_sample_complexity,bernoulli_exact_completion_from_injectivity_and_dual_certificate
bernoulli_exact_completion_general_sample_complexity,sample_ratio_between_zero_and_one
bernoulli_exact_completion_general_sample_complexity,bernoulli_strict_dual_certificate_under_general_sample_bound
bernoulli_exact_completion_general_sample_complexity,bernoulli_restricted_sampling_injective_under_general_sample_bound
HorizontalPadicL.seededPositiveDensityPrimeSystem_exists,KN_SeededHorizontalPadicLFunctionV2
HorizontalPadicL.seededPositiveDensityPrimeSystem_exists,HorizontalPadicL.seededFrobeniusClass_positiveDensity
HorizontalPadicL.seededPositiveDensityPrimeSystem_exists,HorizontalPadicL.disjointRamification_seededFrobeniusClass_exists_v2
HorizontalPadicL.seededPositiveDensityPrimeSystem_exists,HorizontalPadicL.seededEigenform_padicPlace_exists
HorizontalPadicL.seededPositiveDensityPrimeSystem_exists,HorizontalPadicL.newEigenform_residualRepresentation_exists
HorizontalPadicL.seededPositiveDensityPrimeSystem_exists,HorizontalPadicL.seedCyclotomicGaloisCharacters_exist_v2
HorizontalPadicL.seededPositiveDensityPrimeSystem_exists,HorizontalPadicL.seededFrobeniusClass_isOrderly
HorizontalPadicL.seededPositiveDensityPrimeSystem_exists,HorizontalPadicL.positiveDensityOrderlySet_to_primeSystem
momentAngle_neighborlyTwoComplex_h1_selfLoopHomology,frame_2026_moment_angle_interfaces
Vino.integral_cube_orthogonality,CircleMethod.integral_e_orthogonality
Vino.integral_cube_orthogonality,CircleMethod_char
Vino.integral_cube_orthogonality,CircleMethod.e_add
SymplecticFreeModules.compositionSeries_of_noetherian_artinian,frame_2026_symplectic_free_modules_interfaces
ShiShallow.isLocal_conj_layer,ShiShallow_Cone
ShiShallow.isLocal_conj_layer,ShiShallow.disjoint_coneStep
ShiShallow.isLocal_conj_layer,ShiShallow.isLocal_gateMatrix
ShiShallow.isLocal_conj_layer,ShiShallow.IsLocal.conjTranspose
ShiShallow.isLocal_conj_layer,ShiShallow.conj_mul_eq
ShiShallow.isLocal_conj_layer,ShiShallow_Circuit
ShiShallow.isLocal_conj_layer,ShiShallow.isLocal_conj
ShiShallow.isLocal_conj_layer,ShiShallow.gateMatrix_unitary
ShiShallow.isLocal_conj_layer,ShiShallow_Operator
ShiShallow.isLocal_conj_layer,ShiShallow.conj_eq_of_disjoint
Erdos180.quotientGraph_no_isolated,erdos180_core4
LinearOptimization.lp_basic_solutions_finite,BasicSolution
OddPerfectNumber.no_dris_nine_s_ge_two,OddPerfectNumber.no_dris_nine_s_ge_two_not_even
OddPerfectNumber.no_dris_nine_s_ge_two,OddPerfectNumber.no_dris_nine_s_ge_two_even
flt_wiles_coprime,flt_modularity_semistable
flt_wiles_coprime,flt_ribet_contradiction
flt_wiles_coprime,flt_frey_semistable
MarkovChainCLT.exists_countable_alpha_witnesses,MixingCoefficients
mme_omega_strassen_lt_2522,mme_asymptotic_sum_inequality
mme_omega_strassen_lt_2522,mme_omega_lt_2522_of_sum_le
mme_omega_strassen_lt_2522,mme_schonhage_pan_direct_sum
mme_omega_strassen_lt_2522,mme_omega_strassen
MSKleene.rec_subst,MSKleene_Recognizable
MSKleene.rec_subst,MSKleene_SubstGlobal
Leopoldt.exists_continuous_injective_unitClosure_of_mem_iInf,LeopoldtDefect
HorizontalPadicL.seededHorizontalPadicLFunction_exists_of_primeSystem,KN_SeededHorizontalPadicLFunctionV2
HorizontalPadicL.seededHorizontalPadicLFunction_exists_of_primeSystem,MTT.birch_mellin_formula
VectorSpaceOpt.min_norm_duality_convex,VectorSpaceOpt_aligned
VectorSpaceOpt.min_norm_duality_convex,VectorSpaceOpt_support_functional
PoincareFormalization.nonempty_homeomorph_sphere_three,OpenGA.SurgeryTopologyEvolution.finiteExtinction_of_width_control
PoincareFormalization.nonempty_homeomorph_sphere_three,OpenGA.SurgeryTopologyEvolution.topology_from_extinction
PoincareFormalization.nonempty_homeomorph_sphere_three,PoincareFormalization.exists_smooth_structure_three
PoincareFormalization.nonempty_homeomorph_sphere_three,PoincareFormalization.ExtinctionEndgame.nonempty_homeomorph_sphere_of_standard_decomposition
PoincareFormalization.nonempty_homeomorph_sphere_three,PoincareFormalization.nonempty_sdiffeomorph_sphere_three
PoincareFormalization.nonempty_homeomorph_sphere_three,PoincareFormalization.ExtinctionEndgame.exists_width_controlled_surgery_topology
EulerMascheroni.Mixed.e_system_specialization_data,rationalEArithmetic
EulerMascheroni.Mixed.e_system_specialization_data,eulerMascheroni_formalESystem
EulerMascheroni.Mixed.e_system_specialization_data,EulerMascheroni.Mixed.mixed_value_coefficient_sum
EulerMascheroni.Mixed.e_system_specialization_data,EulerMascheroni.Mixed.formal_e_system_equations
MarkovChainCLT.integral_sq_sum_coord_le,MarkovChainCLT.integral_mul_coord_eq
MarkovChainCLT.integral_sq_sum_coord_le,MarkovChainPathMeasure
MarkovChainCLT.integral_sq_sum_coord_le,MarkovChainCLT.sum_geometric_lag_le
MarkovChainCLT.integral_sq_sum_coord_le,MarkovErgodicity
MarkovChainCLT.integral_sq_sum_coord_le,MarkovChainCLT.abs_integral_mul_iterKernel_le
RybinAI2026.P16.hadamards_to_completeMUB6,rybin2026_p16_mutually_unbiased_bases
MarkovChainCLT.tendstoInDistribution_inv_sqrt_of_normalized,MixingCoefficients
Hirsch.given_supporting_face_access_of_boundary_residual_rank,Hirsch_model
Hirsch.given_supporting_face_access_of_boundary_residual_rank,Hirsch.larman_bound
CannonFloydParry_Presentations,CannonFloydParry_TreeDiagrams
CannonFloydParry_Presentations,CannonFloydParry
CannonFloydParry_Presentations,CannonFloydParry_Trees
Freiman.lower_secondary_I5,Freiman_lowerCertificates
BanditAlgorithm.chernoff_stopping_rule_wellformed,TrackAndStop
BanditAlgorithm.chernoff_stopping_rule_wellformed,GaussianBandit
mme_recursive_region_actual_exact_step_realization,mme_recursive_region_hash_loads
mme_recursive_region_actual_exact_step_realization,mme_recursive_region_computed_hash_selection
mme_recursive_region_actual_exact_step_realization,mme_recursive_profiled_CW_data
mme_recursive_region_actual_exact_step_realization,mme_recursive_region_derived_parent_hole_budget
mme_recursive_region_actual_exact_step_realization,mme_recursive_region_parent_profiles
Hairer_Model,Hairer_RegularityStructure
Erdos183.two_mul_stage_le_paletteColourCount,erdos183_core
Erdos183.two_mul_stage_le_paletteColourCount,Erdos183.paletteLogWidth_two_le
LinearOptimization.lp_dual_optimal_iff_subgradient,LinearOptimization_Subgradient
LinearOptimization.lp_dual_optimal_iff_subgradient,LinearOptimization_OptimalCostFunction
LinearOptimization.lp_dual_optimal_iff_subgradient,LinearOptimization.farkas_inequality_form_fintype
BanditAlgorithm.linear_bandit_linucb_regret_bound,StochasticLinearBandit
SipserGacsLautemann.bpp_subset_sigma_two,sgl_lautemann_bridge
SipserGacsLautemann.bpp_subset_sigma_two,SipserGacsLautemann.bounded_error_verifier_amplification
SipserGacsLautemann.bpp_subset_sigma_two,sgl_cover_lemmas
SipserGacsLautemann.bpp_subset_sigma_two,sipser_gacs_lautemann
SipserGacsLautemann.bpp_subset_sigma_two,SipserGacsLautemann.error_amplification
SipserGacsLautemann.bpp_subset_sigma_two,SipserGacsLautemann.amplified_verifier_implies_sigma_two
SipserGacsLautemann.bpp_subset_sigma_two,SipserGacsLautemann.cover_verifier_decides_in_polynomial_time
MarkovMixing.tv_coupling,mm_mixing
MarkovMixing.tv_coupling,MarkovMixing.tv_eq_half_l1
Freiman.middleRepair_step,Freiman.middle_row_exhaustive
Freiman.middleRepair_step,Freiman.middleRepair_equalIIbShort_step
Freiman.middleRepair_step,Freiman.middleRepair_equalIJ_step
Freiman.middleRepair_step,Freiman.middleRepair_mixedA_step
Freiman.middleRepair_step,Freiman.middleRepair_equalIIbNormal_step
Freiman.middleRepair_step,Freiman_middleRepair
Freiman.middleRepair_step,Freiman.middleRepair_equalIIa_step
Freiman.middleRepair_step,Freiman.middleRepair_equalIShort_step
Freiman.middleRepair_step,Freiman.middleRepair_mixedC_step
Freiman.middleRepair_step,Freiman.middleRepair_equalIIbJ_step
Freiman.middleRepair_step,Freiman.middleRepair_mixedB_step
MTT.Cohomology.integral_class_character_law,MTT.Cohomology.integral_class_character_law_infty
MTT.Cohomology.integral_class_character_law,MTT.Cohomology.cuspPrimitive_slash_relation
MTT.Cohomology.integral_class_character_law,MTT_Cohomology
MagicSquares.param_three_card,MagicSquaresParam3
MagicSquares.param_three_card,MagicSquares
Erdos9796FiniteNine.n4e_core,Erdos9796FiniteNine_N4dPackets
MarkovChainCLT.abs_integral_sub_le_tvDist,TotalVariationDist
ResidueMult,Rectangle_defs
ResidueMult,ZetaBounds_defs
ResidueMult,EulerMaclaurin_defs
ResidueMult,Fourier_defs
ResidueMult,ResidueCalcOnRectangles_defs
mme_CW_border_rank_le,mme_CW_tensor
mme_CW_border_rank_le,mme_degeneration
ExcursionCoupling.ae_level_regular,ExcursionCoupling.Fsigma_cadlag
ExcursionCoupling.ae_level_regular,ExcursionCoupling.Fsigma_tendsto_zero
ExcursionCoupling.ae_level_regular,ExcursionCoupling.ae_levelSet_finite
ExcursionCoupling.ae_level_regular,ExcursionCoupling.regularLevel_of_finite_crossings
ExcursionCoupling.ae_level_regular,ExcursionCoupling.ae_levelSet_subset_crossings
ExcursionCoupling.ae_level_regular,excursion_coupling
GameSetMatch.tieProb_eq_tilt,GameSetMatchInternal
agt_matching,agt_social
bernoulli_least_squares_certificate_existence_from_tangent_concentration_pos,matrix_completion_tangent
bernoulli_least_squares_certificate_existence_from_tangent_concentration_pos,tangent_sampling_concentration_implies_least_squares_certificate_exists_pos
BanditAlgorithm.pmStoch_expected_actionSetCount_eq_selection_mass,PartialMonitoringStochastic
DiazModulus.diaz_of_exp_real_generic,DiazModulus
DiazModulus.diaz_of_exp_real_generic,DiazModulus.pi_transcendental
DiazModulus.diaz_of_exp_real_generic,DiazModulus.norm_transcendental_of_generic_conj_pair
DiazModulus.diaz_of_exp_real_generic,DiazModulus.hermite_lindemann_holds
Rudin.ch10_stokes_surface,Rudin_ch10_forms
mme_stothers_fourth_fixed_tau_value_23737,mme_stothers_fixed_profile_fourth_value_below_globalRate
mme_stothers_fourth_fixed_tau_value_23737,mme_stothers_fixed_profile_numeric_surplus
mme_stothers_fourth_fixed_tau_value_23737,mme_HasTauValueAtLeast_kronPow_root
mme_stothers_fourth_fixed_tau_value_23737,mme_stothers_fourth_data
mme_stothers_fourth_fixed_tau_value_23737,mme_HasTauValueAtLeast_mono_restrict
Freiman.middle_cover_realization,Freiman_middleRoots
Davenport.logDeriv_three_four_one,Davenport_siegelWalfisz
Thurston23.isKleinian_gammaSeven,Thurston23_eisenstein
BanditAlgorithm.mdp_ucrl2_regret_bound_known_reward_diam_ge_one,BanditAlgorithm.mdp_ucrl2_expected_regret_known_reward_diam_ge_one
BanditAlgorithm.mdp_ucrl2_regret_bound_known_reward_diam_ge_one,FiniteMDPLearning
BanditAlgorithm.mdp_ucrl2_regret_bound_known_reward_diam_ge_one,BanditAlgorithm.mdp_ucrl2_high_probability_regret_known_reward_diam_ge_one
LinearOptimization.simplex_terminal_classification,LinearOptimization.simplex_reduced_cost_optimality
LinearOptimization.simplex_terminal_classification,LinearOptimization_SimplexPivot
LinearOptimization.simplex_terminal_classification,LinearOptimization_OptimalBasis
BunkbedAux.sum_weight_eq_one,BunkbedPercolation
CollapsibleCubics.exists_split_product_mod_depressed_cubic_of_not_normForm_repr,CollapsibleCubics_basic
Davenport.siegel,Davenport.norm_LFunction_le_of_re_pos
Davenport.siegel,Davenport.estermann_lemma
Davenport.siegel,Davenport.siegel_of_no_exceptional
Davenport.siegel,Davenport_siegelWalfisz
Davenport.siegel,Davenport.siegel_of_exceptional
Davenport.siegel,Davenport.LFunction_ofReal_im_eq_zero
Davenport.siegel,Davenport.LFunction_one_pos
Davenport.siegel,Davenport.norm_LFunction_one_le
Davenport.siegel,Davenport.zeta_LFunction_prod_LSeries_nonneg
Rudin.ch11_riesz_fischer,Rudin_ch11_L2
PoincareFormalization.ExtinctionEndgame.nonempty_homeomorph_sphere_of_connected_sum_spheres,OpenGA_SurgeryTopologyEvolution
HarmonicBuilding.orderDefinedAt_of_continuousOn_of_nonconstant_on_circles,frame_2026_harmonic_building_interfaces
HarmonicBuilding.orderDefinedAt_of_continuousOn_of_nonconstant_on_circles,HarmonicBuilding.exists_continuous_on_small_circles
HarmonicBuilding.orderDefinedAt_of_continuousOn_of_nonconstant_on_circles,HarmonicBuilding.orderDefinedAt_of_nonconstant_on_circles
MarkovMixing.recurrence_dichotomy,mm_countable
Erdos390.three_family_residual_union_assembly,erdos390_problem
OPG37364.lps13_remaining_core,OPG37364.lps13Graph_hasGirthAtLeast_of_pow_lt_sq
OPG37364.lps13_remaining_core,opg37364_lps13
OPG37364.lps13_remaining_core,OPG37364.lps13_adjacency_spectrum_lt_twelve_of_large
OPG37364.lps13_remaining_core,OPG37364.lps13Graph_connected_of_large
forward_coupling_implies_queue_two_point_convergence,single_server_queueing_stability
BanditAlgorithm.partial_monitoring_easy_geometric_alternatives_of_outside,BanditAlgorithm.partial_monitoring_neighbour_positive_common_point
BanditAlgorithm.partial_monitoring_easy_geometric_alternatives_of_outside,finite_linear_gaps_stable
BanditAlgorithm.partial_monitoring_easy_geometric_alternatives_of_outside,BanditAlgorithm.partial_monitoring_neighbour_loss_interpolation
BanditAlgorithm.partial_monitoring_easy_geometric_alternatives_of_outside,stdSimplex_small_perturbation
BanditAlgorithm.partial_monitoring_easy_geometric_alternatives_of_outside,BanditAlgorithm.partial_monitoring_uniform_outside_gap
BanditAlgorithm.partial_monitoring_easy_geometric_alternatives_of_outside,PartialMonitoringGame
BanditAlgorithm.partial_monitoring_easy_geometric_alternatives_of_outside,BanditAlgorithm.partial_monitoring_neighbour_transverse_direction
Erdos9796Counting_SignedAreaOangle,Erdos9796Counting_Adapter
Erdos180.edgeFinset_card_eq_natCard,erdos180_core4
KN_HorizontalPadicL,MTT_Arithmetic
fixed_cardinality_event_failure_le_twice_bernoulli_event_failure,bernoulli_event_failure_probability_decomposes_by_cardinality
fixed_cardinality_event_failure_le_twice_bernoulli_event_failure,binomial_lower_tail_at_matrix_sample_mean_ge_half
fixed_cardinality_event_failure_le_twice_bernoulli_event_failure,fixed_cardinality_event_probability_monotone_of_event_mono
fixed_cardinality_event_failure_le_twice_bernoulli_event_failure,binomial_lower_tail_at_integer_mean_ge_half
fixed_cardinality_event_failure_le_twice_bernoulli_event_failure,matrix_completion_fixed_cardinality
fixed_cardinality_event_failure_le_twice_bernoulli_event_failure,sample_ratio_between_zero_and_one
fixed_cardinality_event_failure_le_twice_bernoulli_event_failure,bernoulli_event_failure_lower_bound_from_cardinality_failures
fixed_cardinality_event_failure_le_twice_bernoulli_event_failure,fixed_cardinality_event_failure_probability_antitone_of_event_mono
Erdos9796FiniteNine_N8Interface,Erdos9796FiniteNine_Forms
WangSun.hinging_hyperplane_representation_v2,CPWL
WangSun.hinging_hyperplane_representation_v2,WangSun.Main_shared
Geometry_AlmostLosslessBlock,Geometry_AlmostLosslessDecoder
Erdos146.entropySlack_pos,erdos146_core2
Erdos146.binomialProbabilityMass_nonneg,erdos146_core2
TarchaBraids.thm_3_15_half_twist_hom_injective,BraidsLinksMCG_ConfigSpace
TarchaBraids.thm_3_15_half_twist_hom_injective,TarchaBraids_HalfTwist
TarchaBraids.thm_3_15_half_twist_hom_injective,BraidsLinksMCG_ArtinBraidGroup
Rudin.ch06_fundamental_theorem,Rudin_ch06_stieltjes
Freiman.perron_convergent_subsequence,Freiman.continuant_eventually_nearest
Freiman.perron_convergent_subsequence,Freiman.perron_inverse_error
Freiman.perron_convergent_subsequence,Freiman_perronArithmetic
markov_entanglement_decomposition_error,markov_entanglement_local_tv_bounds
markov_entanglement_decomposition_error,markov_entanglement_bellman_q_error_of_local_tv
markov_entanglement_decomposition_error,markov_entanglement
CirclePackingConstants.c_n_eight,CirclePackingConstants
mme_recursive_profiled_CW_plan_sound,mme_batched_restrictions_compose
mme_recursive_profiled_CW_plan_sound,mme_bigAdd_prefix_restrict
mme_recursive_profiled_CW_plan_sound,mme_recursive_profiled_CW_data
mme_recursive_profiled_CW_plan_sound,mme_recursive_profiled_CW_exact_step
mme_recursive_profiled_CW_plan_sound,mme_CW_three_canonical_support
mme_recursive_profiled_CW_plan_sound,mme_recursive_profiled_CW_boundary_end
mme_recursive_profiled_CW_plan_sound,mme_type_cover_uniform_copy_extraction
mme_recursive_profiled_CW_plan_sound,mme_basis_projected_type_cover_restrict
WeightedRootIntegralIdentity.weighted_root_keyhole_contour_boundary_balance,WeightedRootIntegralIdentity.weighted_root_cpow_zero_boundary
WeightedRootIntegralIdentity.weighted_root_keyhole_contour_boundary_balance,WeightedRootIntegralIdentity.weighted_root_reciprocal_deriv_at_zero
WeightedRootIntegralIdentity.weighted_root_keyhole_contour_boundary_balance,WeightedRootIntegralIdentity.weighted_geometric_mean_cauchy_boundary_integral
mme_regional_copied_restrictions_product,mme_bigAdd_mono_restrict
mme_regional_copied_restrictions_product,mme_kronFin_family_mode_map_basis_data
mme_regional_copied_restrictions_product,mme_toQ_kronFin
mme_regional_copied_restrictions_product,mme_rank_bridge
mme_regional_copied_restrictions_product,mme_kronFin_MMObj_iso
FiniteMagmaE677.unique_left_orbit_complement_escape_gives_fixer,FiniteMagmaE677.orbit_right_collision_or_fixer
FiniteMagmaE677.unique_left_orbit_complement_escape_gives_fixer,FiniteMagmaE677.unique_left_orbit_complement_collision_gives_fixer
FiniteMagmaE677.unique_left_orbit_complement_escape_gives_fixer,FiniteMagmaE677
Hirsch.common_face_diameter_of_dim_eq_five,Hirsch.common_face_larman_diameter
Hirsch.common_face_diameter_of_dim_eq_five,Hirsch_common_face_geometry
Problem97.hneg_of_ccw,Erdos9796Counting_Foundation
Problem97.hneg_of_ccw,Problem97.signedArea2_sign_eq_oangle_sign
Problem97.hneg_of_ccw,Erdos9796Counting_Adapter
Problem97.hneg_of_ccw,Erdos9796Counting_SignedAreaOangle
BoydChua,ReservoirESN
FiniteGreenVariationalEnergyV1.pythagoras,FiniteGreenVariationalEnergyV1.closedResidualOrthogonality
FiniteGreenVariationalEnergyV1.pythagoras,FiniteGreenVariationalEnergyV1
Erdos180.symplecticQuadrangle_no_encoded_jQuotient_of_char_two,erdos180_core4
Erdos180.symplecticQuadrangle_no_encoded_jQuotient_of_char_two,Erdos180.symplecticQuadrangle_encodeFiniteGraph_free_iff
Erdos180.symplecticQuadrangle_no_encoded_jQuotient_of_char_two,Erdos180.symplecticQuadrangle_no_jTemplate_of_char_two
BanditAlgorithm.partial_monitoring_classification_theorem_discrete_signals,BanditAlgorithm.partial_monitoring_hard_game_lower_bound
BanditAlgorithm.partial_monitoring_classification_theorem_discrete_signals,BanditAlgorithm.partial_monitoring_trivial_zero_regret
BanditAlgorithm.partial_monitoring_classification_theorem_discrete_signals,BanditAlgorithm.partial_monitoring_hard_rpow_two_thirds_upper_bound_discrete_signals
BanditAlgorithm.partial_monitoring_classification_theorem_discrete_signals,BanditAlgorithm.partial_monitoring_easy_sqrt_upper_bound_discrete_signals
BanditAlgorithm.partial_monitoring_classification_theorem_discrete_signals,BanditAlgorithm.partial_monitoring_easy_sqrt_lower_bound
BanditAlgorithm.partial_monitoring_classification_theorem_discrete_signals,PartialMonitoringGame
BanditAlgorithm.partial_monitoring_classification_theorem_discrete_signals,BanditAlgorithm.partial_monitoring_hopeless_linear_lower_bound
BanditAlgorithm.gaussian_ts_suboptimal_pull_count_eventual_upper,BanditAlgorithm.thompson_sampling_pull_count_bound_exact_ranks
BanditAlgorithm.gaussian_ts_suboptimal_pull_count_eventual_upper,BanditAlgorithm.gaussian_ts_optimal_exact_rank_reciprocal_tail_sum_uniform
BanditAlgorithm.gaussian_ts_suboptimal_pull_count_eventual_upper,BanditAlgorithm.gaussian_ts_suboptimal_exact_rank_overshoot_sum_sharp
BanditAlgorithm.gaussian_ts_suboptimal_pull_count_eventual_upper,ThompsonSampling
BanditAlgorithm.gaussian_ts_suboptimal_pull_count_eventual_upper,GaussianBandit
ConvexOptimization.complementary_slackness,ConvexOptimization_lagrangeDuality
LeanEval.Geometry.SpaceGroupsProblem.space_groups_master_classification,LeanEval_SpaceGroups_Definitions
fixed_cardinality_event_success_from_bernoulli_success,fixed_cardinality_event_failure_le_twice_bernoulli_event_failure
fixed_cardinality_event_success_from_bernoulli_success,matrix_completion_fixed_cardinality
ns_lemma2_nonneg,ns_markov_grid_lemma
MSKleene_SubstGlobal,MSKleene_Term
MSKleene_SubstGlobal,MSKleene_Power
tangent_sampling_concentration_implies_restricted_sampling_injective,matrix_completion_tangent
ShiShallow.gateMatrix_unitary,ShiShallow_Circuit
ShiShallow.gateMatrix_unitary,ShiShallow.tMat_unitary
ShiShallow.gateMatrix_unitary,ShiShallow.apply1Matrix_unitary
ShiShallow.gateMatrix_unitary,ShiShallow.sMat_unitary
ShiShallow.gateMatrix_unitary,ShiShallow.cnotMatrix_unitary
ShiShallow.gateMatrix_unitary,ShiShallow_Operator
ShiShallow.gateMatrix_unitary,ShiShallow.hMat_unitary
LinearOptimization.fourier_motzkin_eliminate_is_polyhedron,FourierMotzkinStep
BertsekasDP.ssp_optimality_condition,BertsekasSSPModel
Freiman.continuant_denominator_pos,Freiman_continuants
Freiman.continuant_denominator_pos,Freiman.continuant_append
Erdos183.triangleRamseyNumber_forces,Erdos183.forcesMonochromaticTriangle_succ
Erdos183.triangleRamseyNumber_forces,erdos183_core
Erdos183.triangleRamseyNumber_forces,Erdos183.forcesMonochromaticTriangle_zero
Vino.ramanujan_neg,Vino_ramanujan
Vino.ramanujan_neg,CircleMethod.e_neg
KerrBL.hasDerivAt_Sig_r,KerrBL_Kerr_Metric
Devaney.sarkovskii_of_precedes,Devaney_sarkovskii
Devaney.sarkovskii_of_precedes,Devaney.sarkovskii_pow_two
Devaney.sarkovskii_of_precedes,Devaney.sarkovskii_odd_mul_pow_two
mme_CW_square_laser_2376_cofinal_extraction_of_coupled,mme_HasTauValueAtLeast_to_cofinal_finite_extractions
mme_CW_square_laser_2376_cofinal_extraction_of_coupled,mme_CW_auxiliary_RHS
mme_CW_square_laser_2376_cofinal_extraction_of_coupled,mme_CW_2376_integer_profile
mme_CW_square_laser_2376_cofinal_extraction_of_coupled,mme_CW_tensor
mme_CW_square_laser_2376_cofinal_extraction_of_coupled,mme_CW_square_laser_2376_profile_pruning
mme_CW_square_laser_2376_cofinal_extraction_of_coupled,mme_CW_coupled_value
BookSixth.hypergraph_two_color,BookSixth
LinearOptimization.lp_active_constraint_equiv,ActiveConstraints
OpenGA_WidthComparisonTrace,OpenGA_WidthComparisonData
OpenGA_WidthComparisonTrace,OpenGA_ScalarWidthTrace
Leopoldt.exists_finiteIndex_units_sup_closure,LeopoldtDefect
mme_graded_tensor_pow_block_decomp,mme_block_tensor
mme_graded_tensor_pow_block_decomp,mme_tensor_rank
LeanEval.NumberTheory.riemann_hypothesis_iff_lagarias_elementary_criterion,LeanEval_NumberTheory_LagariasElementaryCriterion
LeanEval.NumberTheory.riemann_hypothesis_iff_lagarias_elementary_criterion,LeanEval.NumberTheory.lagarias_robin_upper_bound
LeanEval.NumberTheory.riemann_hypothesis_iff_lagarias_elementary_criterion,LeanEval.NumberTheory.lagarias_robin_oscillation
LeanEval.NumberTheory.riemann_hypothesis_iff_lagarias_elementary_criterion,LeanEval.NumberTheory.lagarias_harmonic_lower_bound
LeanEval.NumberTheory.riemann_hypothesis_iff_lagarias_elementary_criterion,LeanEval.NumberTheory.lagarias_finite_range
LeanEval.NumberTheory.riemann_hypothesis_iff_lagarias_elementary_criterion,LeanEval.NumberTheory.lagarias_harmonic_upper_bound
Erdos146.pairGraphOverFin_free_of_manuscript_exclusion,Erdos146.manuscriptHammingRadius_le
Erdos146.pairGraphOverFin_free_of_manuscript_exclusion,erdos146_core2
Erdos146.pairGraphOverFin_free_of_manuscript_exclusion,Erdos146.pairGraphOverFin_free_of_layer_exclusion
QuantumParallelRepetition.trace_mul_posSemidef_nonneg,quantum_parallel_repetition_game
Erdos146.eventually_manuscriptExpectedRetainedEdge_entropy_lower,Erdos146.hammingBall_card
Erdos146.eventually_manuscriptExpectedRetainedEdge_entropy_lower,Erdos146.manuscriptHammingRadius_le
Erdos146.eventually_manuscriptExpectedRetainedEdge_entropy_lower,erdos146_core2
Erdos146.eventually_manuscriptExpectedRetainedEdge_entropy_lower,Erdos146.binomialProbabilityMass_nonneg
Erdos146.eventually_manuscriptExpectedRetainedEdge_entropy_lower,Erdos146.binomialProbabilityMass_succ_mul
Erdos146.eventually_manuscriptExpectedRetainedEdge_entropy_lower,Erdos146.hammingExpectedRetainedEdgeCount_eq
Erdos146.eventually_manuscriptExpectedRetainedEdge_entropy_lower,Erdos146.tau_lt_one_half
Erdos9796Counting_MEC_Basic,Erdos9796Counting_Adapter
Erdos183.exists_recursivePaletteStage,Erdos183.factorial_exp_lower
Erdos183.exists_recursivePaletteStage,Erdos183.labelGraph_pullback_embedding
Erdos183.exists_recursivePaletteStage,erdos183_core
Erdos183.exists_recursivePaletteStage,Erdos183.cliqueFree_pullback_embedding
BanditAlgorithm.bandit_kl_ucb_asymptotic_regret_bound,BanditAlgorithm.bandit_kl_ucb_finite_regret_bound
BanditAlgorithm.bandit_kl_ucb_asymptotic_regret_bound,banditRegret
BanditAlgorithm.bandit_kl_ucb_asymptotic_regret_bound,BanditAlgorithm.bandit_kl_ucb_finite_to_asymptotic
BanditAlgorithm.bandit_kl_ucb_asymptotic_regret_bound,bernoulliRelativeEntropy
PoincareFormalization.ExtinctionEndgame.exists_area_evolution_surgery_topology,OpenGA_ExtinctionWidthControl
PoincareFormalization.ExtinctionEndgame.exists_area_evolution_surgery_topology,OpenGA_SurgeryAreaEvolutionData
mme_omega_normalize,mme_mmobj_mul
mme_omega_normalize,mme_omega_pos
mme_omega_normalize,mme_omega
mme_omega_normalize,mme_spectrum
mme_omega_normalize,mme_rank_bridge
mme_omega_normalize,mme_tensor
mme_omega_normalize,mme_tensor_rank
mme_omega_normalize,mme_omega_strassen
SymplecticFreeModules.irreducible_off_exceptional,frame_2026_symplectic_free_modules_interfaces
Hirsch.common_face_diameter_of_dim_ge_six,Hirsch_common_face_geometry
momentAngle_fullNeighborlyTwoComplex_h1_loopHomology,momentAngle_fullSubcomplex_loopHomology_retract
momentAngle_fullNeighborlyTwoComplex_h1_loopHomology,frame_2026_moment_angle_interfaces
momentAngle_fullNeighborlyTwoComplex_h1_loopHomology,momentAngle_neighborlyTwoComplex_h1_selfLoopHomology
GameSetMatch.majorityAdv_even_eq,GameSetMatchInternal
usg_spectral_notions,usg_lattice_model
CircleMethod.singSeries_lower_bound_of_local,CircleMethod.sum_e_div_orthogonality
CircleMethod.singSeries_lower_bound_of_local,CircleMethod.locDens_bound
CircleMethod.singSeries_lower_bound_of_local,CircleMethod.e_zero
CircleMethod.singSeries_lower_bound_of_local,CircleMethod.locDens_zero_modulus
CircleMethod.singSeries_lower_bound_of_local,CircleMethod.sing_series_summable_norm
CircleMethod.singSeries_lower_bound_of_local,CircleMethod.locDens_one
CircleMethod.singSeries_lower_bound_of_local,CircleMethod.locDens_exponent_lt_neg_one
CircleMethod.singSeries_lower_bound_of_local,Vino.e_div_congr
CircleMethod.singSeries_lower_bound_of_local,CircleMethod_singpos
CircleMethod.singSeries_lower_bound_of_local,CircleMethod.locDens_mul
CircleMethod.singSeries_lower_bound_of_local,CircleMethod.e_add
Freiman.upper_padding_converges,Freiman_upperModel
OPG37271.root_problem,opg37271_star_edge_coloring
exp4Analysis,exp4Policy
QuantumParallelRepetition.matrixLogEntropy_weighted_jensen_posSemidef,qpr_core_10
QuantumParallelRepetition.matrixLogEntropy_weighted_jensen_posSemidef,quantum_parallel_repetition_game
flt5_descent_construction,flt5_descent_explicit
BanditAlgorithm.chernoff_stopping_time_le_integrable_plus_linear,TrackAndStop
BanditAlgorithm.chernoff_stopping_time_le_integrable_plus_linear,GaussianBandit
mme_omega_lt_2522_of_sum_le,mme_omega_strassen
mme_omega_strassen_lt,mme_schonhage_direct_sum
mme_omega_strassen_lt,mme_asymptotic_sum_inequality
mme_omega_strassen_lt,mme_omega_lt_of_sum_le
mme_omega_strassen_lt,mme_omega_strassen
BanditAlgorithm.partial_monitoring_neighbour_loss_interpolation,PartialMonitoringGame
klucbFailureCount,banditHistoryPrefix
klucbFailureCount,bernoulliRelativeEntropy
MomentAngle_arbitraryTorsionNormalForm,momentAngle_fourSphere_uniformTorsionBlocks
MomentAngle_arbitraryTorsionNormalForm,frame_2026_moment_angle_interfaces
Freiman.middle_step,Freiman_middleRoots
Vino.vmSum_add_one,Vino_primes
Vino.vmSum_add_one,CircleMethod.e_add_intCast
BookSixth.bregman_minc_claimA,BregmanMincWeights
BookSixth.bregman_minc_claimA,BookSixth.bregman_minc_path_expansion
HairerSPDE.cameronMartinNorm_ne_top_iff_forall_submodule,HairerSPDE_CameronMartin
HairerSPDE.cameronMartinNorm_ne_top_iff_forall_submodule,HairerSPDE.map_add_null_iff
HairerSPDE.cameronMartinNorm_ne_top_iff_forall_submodule,HairerSPDE.cameronMartinNorm_eq_top
HairerSPDE.cameronMartinNorm_ne_top_iff_forall_submodule,HairerSPDE.exists_fullMeasure_submodule_notMem
mme_kronPow_kronPow_isomorphic,mme_rank_bridge
GameSetMatch.majorityAdv_odd_eq_bestOfWinProb,GameSetMatchInternal
Hirsch.given_face_access_iff_polynomial_hirsch,Hirsch_model
Hirsch.given_face_access_iff_polynomial_hirsch,Hirsch.diameter_bound_of_target_face_access
Hirsch.given_face_access_iff_polynomial_hirsch,Hirsch.vertex_tight_rows_span
Hirsch.given_face_access_iff_polynomial_hirsch,LinearOptimization.lp_vertex_extreme_bfs_equiv
MarkovChainCLT.asymptoticVariance_eq_of_clt_of_bounded,MarkovChainCLT.poissonEquation_of_bounded_of_uniformlyErgodic
MarkovChainCLT.asymptoticVariance_eq_of_clt_of_bounded,MarkovChainCLT.integral_sq_sampleAvg_sub_le
MarkovChainCLT.asymptoticVariance_eq_of_clt_of_bounded,MarkovChainCLT.integral_mul_coord_eq
MarkovChainCLT.asymptoticVariance_eq_of_clt_of_bounded,MarkovChainCLT.integral_sq_sum_mds_le
MarkovChainCLT.asymptoticVariance_eq_of_clt_of_bounded,MarkovChainCLT.integral_pow_four_scaled_sampleAvg_le
MarkovChainCLT.asymptoticVariance_eq_of_clt_of_bounded,MarkovChainCLT.integrable_sq_scaled_sampleAvg
MarkovChainCLT.asymptoticVariance_eq_of_clt_of_bounded,MarkovChainCLT.clt_of_bounded_of_uniformlyErgodic
MarkovChainCLT.asymptoticVariance_eq_of_clt_of_bounded,MarkovChainCLT.integral_sq_iterKernel_pow_le
MarkovChainCLT.asymptoticVariance_eq_of_clt_of_bounded,Martingale.clt_of_bounded_mds_array
MarkovChainCLT.asymptoticVariance_eq_of_clt_of_bounded,MarkovChainCLT.exists_lag_tvDist_le_of_uniformlyErgodic
MarkovChainCLT.asymptoticVariance_eq_of_clt_of_bounded,MarkovChainCLT.abs_exp_variance_sub_le_of_tendstoInDistribution
MarkovChainCLT.asymptoticVariance_eq_of_clt_of_bounded,MarkovChainPathMeasure
MarkovChainCLT.asymptoticVariance_eq_of_clt_of_bounded,MarkovChainCLT.integral_sq_scaled_sampleAvg_le
MarkovChainCLT.asymptoticVariance_eq_of_clt_of_bounded,MarkovChainCLT.abs_sub_le_exp_mul_abs_exp_neg_half_sub
MarkovChainCLT.asymptoticVariance_eq_of_clt_of_bounded,MarkovErgodicity
MarkovChainCLT.asymptoticVariance_eq_of_clt_of_bounded,MarkovAsymptoticVariance
MarkovChainCLT.asymptoticVariance_eq_of_clt_of_bounded,MarkovChainCLT.gaussian_variance_le_of_tendstoInDistribution
MarkovChainCLT.asymptoticVariance_eq_of_clt_of_bounded,MarkovChainCLT.condExp_next_coord
Erdos9796Mission.problem96,Erdos9796Mission
Erdos9796Mission.problem96,Erdos9796Mission.problem97
Erdos9796Mission.problem96,Erdos9796Mission.linear_bound_of_problem97
MarkovChainCLT.summable_covariance_of_alpha_pow_summable,MixingCoefficients
MarkovChainCLT.summable_covariance_of_alpha_pow_summable,MarkovChainCLT.alpha_cov_bound_of_moment
MarkovChainCLT.processSigma_le_of_measurable,MixingCoefficients
Hirsch.graph_connected_general,BasicSolution
Hirsch.graph_connected_general,Vertex
Hirsch.graph_connected_general,ActiveConstraints
Hirsch.graph_connected_general,Hirsch_model
Hirsch.graph_connected_general,LinearOptimization.lp_basic_solutions_finite
Hirsch.graph_connected_general,LinearOptimization.lp_vertex_extreme_bfs_equiv
KerrBL_Kerr_Metric,KerrBL_CoordGeometry
Erdos180.proposedFamily_induction,erdos180_core4
Erdos180.proposedFamily_induction,Erdos180.proposedFamily_mem_iff
PrimalDual.buchbinder_naor_primal_feasible_through,pd_unrelated_machines
mme_dwz_square_data,mme_modern_entropy_data
mme_sum_inequality_pos,mme_bridge_omega
mme_sum_inequality_pos,mme_mm_spectral_sum_inequality
mme_sum_inequality_pos,mme_bridge_asymptoticRank
mme_sum_inequality_pos,mme_tensor_bridge
MarkovChainCLT.rhoMixingCoef_nonneg_le_one_of_finite,MixingCoefficients
mme_schonhage_pan_degenerates,mme_schonhage_pan_degenerates_of_order_twelve
mme_schonhage_pan_degenerates,mme_tensor_rank
mme_schonhage_pan_degenerates,mme_degeneration
LinearOptimization_DualLP,ActiveConstraints
LinearOptimization_DualLP,Polyhedron
LinearOptimization_IntegerProgram,Polyhedron
Thurston23.hvol_eisBox_eq_ofReal_integral,Thurston23_eisenstein
SmaleNinth.smale_ninth_problem,SmaleNinth.ram_to_bss_quadratic_nonneg
SmaleNinth.smale_ninth_problem,Polyhedron
SmaleNinth.smale_ninth_problem,SmaleNinth.smale_ninth_real_ram
SmaleNinth.smale_ninth_problem,SmaleNinth_BSSMachine
VectorSpaceOpt.lagrange_duality,VectorSpaceOpt_coneLE
VectorSpaceOpt.lagrange_duality,VectorSpaceOpt_coneConvexOn
VectorSpaceOpt.lagrange_duality,VectorSpaceOpt_dualPositive
VectorSpaceOpt.lagrange_duality,VectorSpaceOpt_lagrangian
VectorSpaceOpt.lagrange_duality,VectorSpaceOpt_lagrangeDualValue
BookSixth.hadamard_equality,BookSixth
modularity_semistable_elliptic,r_eq_t_theorem
sgl_provision,sgl_elim_solution
syracuse_descent_fifteen_mod_sixteen,syracuse_descent_residual_fifteen_mod16_mod4096
syracuse_descent_fifteen_mod_sixteen,syracuseStep
syracuse_descent_fifteen_mod_sixteen,syracuse_descent_progressions_fifteen_mod16
Freiman.continuant_denominator_escape,Freiman.continuant_fibonacci
Freiman.continuant_denominator_escape,Freiman_continuants
Freiman.continuant_denominator_escape,Freiman.fibonacci_escape
collatz_descent_seven_mod_thirtytwo,collatz_descent_of_syracuse_descent
collatz_descent_seven_mod_thirtytwo,syracuse_descent_seven_mod_thirtytwo
collatz_descent_seven_mod_thirtytwo,collatzStepMap
Zeta23.RvM.norm_riemannZeta_le_of_re_pos,Zeta23_FromPNTPlus_Rectangle
Zeta23.RvM.norm_riemannZeta_le_of_re_pos,Zeta23_FromPNTPlus_ZetaBounds
Zeta23.RvM.norm_riemannZeta_le_of_re_pos,Zeta23_ZetaBnd_aux1b
Zeta23.RvM.norm_riemannZeta_le_of_re_pos,Zeta23_FromPNTPlus_Fourier
Zeta23.RvM.norm_riemannZeta_le_of_re_pos,Zeta23_Zeta0EqZeta
Zeta23.RvM.norm_riemannZeta_le_of_re_pos,Zeta23_FromPNTPlus_EulerMaclaurin
Zeta23.RvM.norm_riemannZeta_le_of_re_pos,Zeta23_FromPNTPlus_ResidueCalcOnRectangles
collatz_descent_three_mod_four,collatz_descent_three_mod_sixteen
collatz_descent_three_mod_four,collatz_descent_eleven_mod_thirtytwo
collatz_descent_three_mod_four,collatz_descent_twentyseven_mod_thirtytwo
collatz_descent_three_mod_four,collatz_descent_fifteen_mod_sixteen
collatz_descent_three_mod_four,collatz_descent_twentythree_mod_thirtytwo
collatz_descent_three_mod_four,collatz_descent_seven_mod_thirtytwo
collatz_descent_three_mod_four,collatzStepMap
BanditAlgorithm.partial_monitoring_no_neighbours_has_universally_optimal_action,BanditAlgorithm.partial_monitoring_pareto_monotone_neighbour_paths
BanditAlgorithm.partial_monitoring_no_neighbours_has_universally_optimal_action,PartialMonitoringGame
Erdos9796Counting_Cap_Partition,Erdos9796Counting_Adapter
Erdos788.erdos788,Erdos788.quantitativeMainTheorem_implies_hasExponentOneHalf
Erdos788.erdos788,Erdos788.quantitative_upper_bound
Erdos788.erdos788,erdos788_problem
Erdos788.erdos788,Erdos788.explicit_universal_lower_bound
CollapsibleCubics.cubic_collapsible_of_normForm_repr,CollapsibleCubics_basic
Devaney.sarkovskii_odd_mul_pow_two,Devaney_sarkovskii
MarkovChainCLT.rhoMixingCoef_le_two_mul_sqrt_phiMixingCoef,MixingCoefficients
MarkovChainCLT.rhoMixingCoef_le_two_mul_sqrt_phiMixingCoef,MarkovChainCLT.abs_covariance_le_two_mul_sqrt_phiMixingCoef
CircleMethod.two_mul_le_sin_pi_mul,CircleMethod_char
mme_kron_self_kronPow_isomorphic,mme_rank_bridge
MarkovMixing.dirichlet_gap,MarkovMixing.spectral_representation
MarkovMixing.dirichlet_gap,mm_spectral
MarkovMixing.dirichlet_gap,MarkovMixing.eigenvalue_basic
Vino_vaughan,Vino_primes
MarkovEntanglement.meanFieldMap_piecewise_affine,markov_entanglement_meanfield
MetricGeometry.eVariationOn_eq_of_localChordLaw,metric_npc_cone
Erdos180.projectiveDirection_nonzero_left,erdos180_core4
RybinAI2026.P01.matrix_integral_inequality,RybinAI2026.P01.crossIntegral_add_logConvex
RybinAI2026.P01.matrix_integral_inequality,RybinAI2026.P01.crossIntegral_triangle_split
RybinAI2026.P01.matrix_integral_inequality,RybinAI2026.P01.crossIntegral_add_double_pair_coefficients
RybinAI2026.P01.matrix_integral_inequality,rybin2026_p01_matrix_integral
RybinAI2026.P01.matrix_integral_inequality,RybinAI2026.P01.crossIntegral_add_l2_coefficients
SpecActions.hits_closed_form,SpecActions_model
KServer.online_cost_compactness,KServer.exists_lazy_algorithm
KServer.online_cost_compactness,KServer_model
I4Bound,MediumPNT_defs
I4Bound,EulerMaclaurin_defs
I4Bound,MellinOfSmooth1b
I4Bound,Fourier_defs
BanditAlgorithm.gaussian_ts_suboptimal_pull_count_eventual_lower,BanditAlgorithm.bandit_divergence_decomposition
BanditAlgorithm.gaussian_ts_suboptimal_pull_count_eventual_lower,BanditAlgorithm.gaussian_relative_entropy_formula
BanditAlgorithm.gaussian_ts_suboptimal_pull_count_eventual_lower,ThompsonSampling
BanditAlgorithm.gaussian_ts_suboptimal_pull_count_eventual_lower,BanditAlgorithm.gaussian_ts_suboptimal_pull_count_bound
BanditAlgorithm.gaussian_ts_suboptimal_pull_count_eventual_lower,BanditAlgorithm.bretagnolle_huber_inequality
BanditAlgorithm.gaussian_ts_suboptimal_pull_count_eventual_lower,GaussianBandit
Freiman.form_unimodular_minimum,Freiman.form_transform_value
Freiman.form_unimodular_minimum,Freiman_reducedForms
Freiman.form_unimodular_minimum,Freiman.form_unimodular_lattice_bijection
mme_dwz_square_table2_numeric_23747,mme_dwz_square_retained_log_rate_gt_157133
mme_dwz_square_table2_numeric_23747,mme_dwz_square_data
mme_dwz_square_table2_numeric_23747,mme_dwz_square_component_log_rate_23747_gt_442868
Hatcher.loop_homotopic_prod_of_cover,Hatcher_VanKampen
MarkovEntanglement.rmab_multi_step_concentration,markov_entanglement_meanfield
HarmonicBuilding.constantOnCircleImpliesConstantOnBall,frame_2026_harmonic_building_interfaces
BunkbedAux.bbProb_biUnion_disjoint,BunkbedPercolation
mme_integer_regional_entropy_copy_bound,mme_entropy_retention_lower_bound
mme_integer_regional_entropy_copy_bound,mme_regional_entropy_copy_bound
mme_integer_regional_entropy_copy_bound,mme_integer_regional_common_scale_entropy_bound
mme_integer_regional_entropy_copy_bound,mme_regional_target_entropy_bounds
Vino.psi_le,Vino_primes
CappedBaseStock_Window,CappedBaseStock_Model
Freiman.maximal_hall_ray,Freiman_cF
Freiman.maximal_hall_ray,Freiman_lagrangeSpectrum
Freiman.maximal_hall_ray,Freiman.upper_ray
Freiman.maximal_hall_ray,Freiman.constant_order
Freiman.maximal_hall_ray,Freiman.lower_interval
Freiman.maximal_hall_ray,Freiman.exact_gap
Freiman.maximal_hall_ray,Freiman_markovSpectrum
Freiman.maximal_hall_ray,Freiman.middle_interval
Freiman.maximal_hall_ray,Freiman.lagrange_subset_markov
Erdos180.jQuotient_mem_proposedFamily,erdos180_core4
Erdos180.jQuotient_mem_proposedFamily,Erdos180.proposedFamily_mem_iff
LogDerivZetaHolcLargeT,Rectangle_defs
LogDerivZetaHolcLargeT,ZetaBounds_defs
LogDerivZetaHolcLargeT,EulerMaclaurin_defs
LogDerivZetaHolcLargeT,ZetaLowerBnd
LogDerivZetaHolcLargeT,ZetaNoZerosInBox
LogDerivZetaHolcLargeT,Fourier_defs
LogDerivZetaHolcLargeT,LogDerivZetaHoloOn
LogDerivZetaHolcLargeT,ResidueCalcOnRectangles_defs
BanditAlgorithm.exists_policy_optimal_allocation_with_integrable_settling_time_of_two_le,BanditAlgorithm.exists_isOptimalAllocation_gaussian
BanditAlgorithm.exists_policy_optimal_allocation_with_integrable_settling_time_of_two_le,BanditAlgorithm.banditTrajMeasure_joint_eq_compProd
BanditAlgorithm.exists_policy_optimal_allocation_with_integrable_settling_time_of_two_le,TrackAndStop
BanditAlgorithm.exists_policy_optimal_allocation_with_integrable_settling_time_of_two_le,GaussianBandit
BanditAlgorithm.exists_policy_optimal_allocation_with_integrable_settling_time_of_two_le,BanditAlgorithm.alloc_settling_of_tracking_and_target_accuracy
BanditAlgorithm.exists_policy_optimal_allocation_with_integrable_settling_time_of_two_le,BanditAlgorithm.settling_of_allocation_half_and_forced_exploration
MarkovMixing.cheeger_upper,MarkovMixing.dirichlet_gap
MarkovMixing.cheeger_upper,mm_lower
MarkovMixing.cheeger_upper,mm_spectral
Freiman.gap_forcing_checks_4,Freiman_gapCertificateData
LinearOptimization.ellipsoid_update_halfspace_volume,LinearOptimization.ellipsoid_update_matrix_posDef
LinearOptimization.ellipsoid_update_halfspace_volume,LinearOptimization.ellipsoid_update_volume_lt
LinearOptimization.ellipsoid_update_halfspace_volume,LinearOptimization.ellipsoid_update_halfspace_subset
LinearOptimization.ellipsoid_update_halfspace_volume,LinearOptimization_EllipsoidMethod
OPG37364.opg_negative_corollary,opg37364_matching_cuts
OPG37364.opg_negative_corollary,OPG37364.immune_high_girth_graphs
Hairer.reconstruction_uniqueness,Hairer.testFunction_decomposition_scaledTest
Hairer.reconstruction_uniqueness,Hairer_Model
ShiShallow.runLayered_eq_mulVec,ShiShallow_Circuit
ShiShallow.runLayered_eq_mulVec,ShiShallow_Operator
ShiShallow.runLayered_eq_mulVec,ShiShallow.runLayer_eq_mulVec
BunkbedFalse.explicit_counterexample,BunkbedHypergraph
BunkbedFalse.explicit_counterexample,BunkbedFalse.sub_probability_transfer
BunkbedFalse.explicit_counterexample,BunkbedAux.probOf_mem_unitInterval
BunkbedFalse.explicit_counterexample,BunkbedAux.sum_weight_eq_one
BunkbedFalse.explicit_counterexample,BunkbedAux.partition_sum_eq_total
BunkbedFalse.explicit_counterexample,BunkbedFalse.gadget_eq1_at_half
BunkbedFalse.explicit_counterexample,BunkbedFalse.robust_hyperedge
BunkbedFalse.explicit_counterexample,BunkbedFalse.sub_invariants
BunkbedFalse.explicit_counterexample,BunkbedFalse.simulation
momentAngle_exists_neighborly_twoComplex_subcomplex_blocks,frame_2026_moment_angle_interfaces
momentAngle_exists_neighborly_twoComplex_subcomplex_blocks,MomentAngleSurgery.exists_neighborly_twoComplex_cokernel
momentAngle_exists_neighborly_twoComplex_subcomplex_blocks,MomentAngleSurgery.cokernel_equiv_blocks
BanditAlgorithm.partial_monitoring_nonlocal_edge_direction,PartialMonitoringGame
PachDeZeeuw.Algebraic.normalized_factor_degree_le,PdzPrelim
GameSetMatch.strictWinProb_mono,GameSetMatchInternal
sgl_amplification_counting,sipser_gacs_lautemann
sgl_amplification_counting,sgl_verifier_constructions
least_squares_certificate_normal_bound_from_neumann_term_bounds,matrix_completion_neumann
BanditAlgorithm.exists_policy_tracking_chosen_allocation,BanditAlgorithm.exists_policy_tracking_optimal_allocation
BanditAlgorithm.exists_policy_tracking_chosen_allocation,BanditAlgorithm.gaussian_optimal_allocation_unique
BanditAlgorithm.exists_policy_tracking_chosen_allocation,TrackAndStop
BanditAlgorithm.exists_policy_tracking_chosen_allocation,GaussianBandit
HefferonLinAlg.jordanBlock_count_from_kernel_dims,HefferonLinAlg_jordan
CirclePackingConstants.r_n_eq_of_sharp_unit_square_separation,CirclePackingConstants
MarkovChainCLT.exists_lag_tvDist_le_of_uniformlyErgodic,MarkovChainPathMeasure
MarkovChainCLT.exists_lag_tvDist_le_of_uniformlyErgodic,MarkovErgodicity
Devaney.quadratic_dense_per,Devaney_sigma2
Devaney.quadratic_dense_per,Devaney_conjugacy
Devaney.quadratic_dense_per,Devaney_chaos
Devaney.quadratic_dense_per,Devaney_quadratic
klucbFeasibilityFailureCount,banditHistoryPrefix
klucbFeasibilityFailureCount,klucbTruncatedRelativeEntropy
CircleMethod.farey_cover_coprime,CircleMethod_genfun
WeakGoldbach.even_goldbach_above_4e18,WeakGoldbach.symmetric_prime_pair_above_2e18
BrinSquier.commutator_id_near_common_fixed,BrinSquier
Erdos183.paletteLogWidth_two_le,erdos183_core
realDiff_of_complexDiff,MediumPNT_defs
realDiff_of_complexDiff,EulerMaclaurin_defs
realDiff_of_complexDiff,Fourier_defs
DiazModulus.diaz_of_exp_ne_one,DiazModulus
DiazModulus.diaz_of_exp_ne_one,DiazModulus.diaz_of_exp_real_pure_imaginary
DiazModulus.diaz_of_exp_ne_one,DiazModulus.diaz_of_exp_real_generic
DiazModulus.diaz_of_exp_ne_one,DiazModulus.candidate_exp_angularTriple_transcendental
mm_transport,mm_mixing
mm_transport,mm_coupling
mm_transport,mm_mcmc
BanditAlgorithm.klucb_selected_overshoot_count_bound,BanditAlgorithm.klucb_index_threshold_feasible
BanditAlgorithm.klucb_selected_overshoot_count_bound,BanditAlgorithm.bernoulliBandit_isSubgaussian_half
BanditAlgorithm.klucb_selected_overshoot_count_bound,klucbFailureCount
BanditAlgorithm.klucb_selected_overshoot_count_bound,klucbFeasibilityFailureCount
BanditAlgorithm.klucb_selected_overshoot_count_bound,BanditAlgorithm.bernoulliRelativeEntropy_antitone_fst
BanditAlgorithm.klucb_selected_overshoot_count_bound,BanditAlgorithm.bandit_adaptive_stopped_centered_sum_tail_half
BanditAlgorithm.klucb_selected_overshoot_count_bound,BanditAlgorithm.bernoulli_relative_entropy_pinsker
bernoulli_tangent_sampling_concentration_formula_bound_dense,matrix_completion_tangent
TaoFivePrimes.minor_arc_L2_full_circle_8001,TaoFivePrimes.mesoscopic_L2_source
TaoFivePrimes.minor_arc_L2_full_circle_8001,TaoFivePrimes_ArcSplit
VectorSpaceOpt.needle_variation_cost_limit,VectorSpaceOpt_optimal_control
Leopoldt.leopoldt_totallyReal,Leopoldt.leopoldt_totallyReal_galois
Leopoldt.leopoldt_totallyReal,LeopoldtDefect
Leopoldt.leopoldt_totallyReal,Leopoldt.defect_pos_of_defect_pos
Leopoldt.leopoldt_totallyReal,NumberField.isTotallyReal_normalClosure
GameSetMatch.winLossAdv_eq_bernstein,GameSetMatch.winLossAdv_one_eq_majorityAdv
GameSetMatch.winLossAdv_eq_bernstein,GameSetMatchInternal
diophantine_quintuple_fujita_regular,diophantine_descent
Esquisse.galois_action_faithful_on_belyi_polynomials,esquisse_dessins_basic
Freiman_reducedForms,Freiman_symbolicMarkovSpectrum
Freiman_reducedForms,Freiman_continuants
Freiman_reducedForms,Freiman_markovSpectrum
SymplecticFreeModules.exceptionalFiniteLength,frame_2026_symplectic_free_modules_interfaces
SymplecticFreeModules.exceptionalFiniteLength,SymplecticFreeModules.compositionSeries_of_noetherian_artinian
SymplecticFreeModules.exceptionalFiniteLength,SymplecticFreeModules.exceptionalArtinian
SymplecticFreeModules.exceptionalFiniteLength,SymplecticFreeModules.noetherian_of_nilradical_free
SymplecticFreeModules.exceptionalFiniteLength,SymplecticFreeModules.jordanHolder_for_lieRepresentations
TaoFivePrimes.S1_major_arc_L2_mass_626,TaoFivePrimes.S1_major_arc_L2_mass_corollary49_raw
TaoFivePrimes.S1_major_arc_L2_mass_626,TaoFivePrimes.S1_major_arc_L2_mass_corollary49_limit
TaoFivePrimes.S1_major_arc_L2_mass_626,TaoFivePrimes_ArcSplit
Freiman.avoid_shift,Freiman_wordRealization
mme_schonhage_pan_degenerates_of_order_twelve,mme_schonhage_pan_certificate
mme_schonhage_pan_degenerates_of_order_twelve,mme_schonhage_pan_Phi_coeff_twelve_eq
mme_schonhage_pan_degenerates_of_order_twelve,mme_schonhage_pan_Phi_coeff_low_zero
mme_schonhage_pan_degenerates_of_order_twelve,mme_tensor_rank
mme_schonhage_pan_degenerates_of_order_twelve,mme_degeneration
BanditAlgorithm.bandit_adaptive_stopped_centered_sum_tail,ucbStoppedCenteredSum
Hirsch.relaxation_exit_vertex,Hirsch_model
mme_tau_value_le_of_asymptoticRank_le,mme_asymptotic_sum_inequality_sharp
mme_tau_value_le_of_asymptoticRank_le,mme_le_of_frequently_pow_half_le
mme_tau_value_le_of_asymptoticRank_le,mme_tau_value
mme_tau_value_le_of_asymptoticRank_le,mme_tensorAsymptoticRank_mono_restrict
mme_tau_value_le_of_asymptoticRank_le,mme_tensorAsymptoticRank_kronPow_eq_of_two_le_of_pos
mme_tau_value_le_of_asymptoticRank_le,mme_omega_strassen
Kawahira.riemann_hypothesis_iff_nu_zeta,Kawahira.fixed_point_off_strip_repelling
Kawahira.riemann_hypothesis_iff_nu_zeta,Kawahira.nontrivial_zero_mem_strip
Kawahira.riemann_hypothesis_iff_nu_zeta,Kawahira.norm_one_sub_inv
Kawahira.riemann_hypothesis_iff_nu_zeta,Kawahira.nu_at_zero_of_order
Kawahira.riemann_hypothesis_iff_nu_zeta,Kawahira.riemannZeta_analyticOrderAt_ne_top
Kawahira.riemann_hypothesis_iff_nu_zeta,Kawahira_zeta
Kawahira.riemann_hypothesis_iff_nu_zeta,Kawahira.indifferent_in_strip_implies_rh_and_simplicity
Freiman.lower_secondary_I6,Freiman_lowerCertificates
eulerMascheroni_formalESystem,eulerMascheroni_mixedCoefficients
BanditAlgorithm.bandit_high_probability_lower_bound_at_gap,BanditAlgorithm.bandit_divergence_decomposition
BanditAlgorithm.bandit_high_probability_lower_bound_at_gap,BanditAlgorithm.gaussian_relative_entropy_formula
BanditAlgorithm.bandit_high_probability_lower_bound_at_gap,banditRegret
BanditAlgorithm.bandit_high_probability_lower_bound_at_gap,BanditAlgorithm.bandit_regret_decomposition
BanditAlgorithm.bandit_high_probability_lower_bound_at_gap,BanditAlgorithm.bretagnolle_huber_inequality
BanditAlgorithm.bandit_high_probability_lower_bound_at_gap,GaussianBandit
ExcursionCoupling.Fsigma_tendsto_zero,excursion_coupling
HairerSPDE.cameron_martin,HairerSPDE.map_add_exists_pos_withDensity_of_finite_norm
HairerSPDE.cameron_martin,HairerSPDE_CameronMartin
HairerSPDE.cameron_martin,HairerSPDE.cameronMartinNorm_ne_top_iff_forall_submodule
WeakGoldbach.prime_in_4e18_window_to_8875e30,WeakGoldbach.prime_in_4e18_window_below_4e18
WeakGoldbach.prime_in_4e18_window_to_8875e30,WeakGoldbach.prime_in_4e18_window_from_4e18_to_8875e30
Hirsch.diamLE_of_nonzero_rows,Hirsch_model
Davenport.siegel_zero,Davenport.deriv_LFunction_bound
Davenport.siegel_zero,Davenport.siegel
Davenport.siegel_zero,Davenport_siegelWalfisz
mme_tensor_family_direct_sum_restrict_of_mixed_maps,mme_induced_word_zeroing
MarkovMixing.ising_complete_graph_fast,MarkovMixing.ising_high_temperature
MarkovMixing.ising_complete_graph_fast,mm_ising
SymplecticFreeModules.exceptionalArtinian,frame_2026_symplectic_free_modules_interfaces
SymplecticFreeModules.exceptionalArtinian,SymplecticFreeModules.exceptional_artinian_chain_stabilizes
KerrBL.chrKerr_all,KerrBL.pdgKerr_all
KerrBL.chrKerr_all,KerrBL_Kerr_ClosedForms
mme_CW_q6_primary_hash_outer_family_cyclic_value_below_quarter_root,mme_CW_q6_primary_capacity_of_outer_middle_fibers
mme_CW_q6_primary_hash_outer_family_cyclic_value_below_quarter_root,mme_CW_q6_primary_hash_Ctensor_outer_middle_certificates
mme_CW_q6_primary_hash_outer_family_cyclic_value_below_quarter_root,mme_CW_q6_primary_profile_capacity_quarter_root
mme_CW_q6_primary_hash_outer_family_cyclic_value_below_quarter_root,mme_CW_coupled_value
mme_CW_q6_primary_hash_outer_family_cyclic_value_below_quarter_root,mme_Ctensor_one_H_one_outer_family_cyclic_value_below
matrix_completion_svd,matrix_completion_basic
KerrBL.hasDerivAt_Sig_th,KerrBL_Kerr_Metric
OpenGA.WidthComparisonTrace.le_extinctionTime,OpenGA.le_width_deadline_across_downward_jumps
OpenGA.WidthComparisonTrace.le_extinctionTime,OpenGA.eventually_width_slope_lt_of_comparison
OpenGA.WidthComparisonTrace.le_extinctionTime,OpenGA.scalar_lower_bound_across_upward_jumps
OpenGA.WidthComparisonTrace.le_extinctionTime,OpenGA_WidthComparisonTrace
OpenGA.WidthComparisonTrace.le_extinctionTime,OpenGA_WidthExtinctionTime
Erdos180.proposedFamily_uniformMemberLower,erdos180_core4
Erdos180.proposedFamily_uniformMemberLower,Erdos180.symplecticQuadrangle_adjacent_to_line
Erdos180.proposedFamily_uniformMemberLower,Erdos180.kQuotient_mem_proposedFamily
Erdos180.proposedFamily_uniformMemberLower,Erdos180.symplecticLineNormalizer_map_left
Erdos180.proposedFamily_uniformMemberLower,Erdos180.symmetricGraphLine_coordinateCenter_common_point_iff
Erdos180.proposedFamily_uniformMemberLower,Erdos180.proposedFamily_even_characteristic_avoidance
Erdos180.proposedFamily_uniformMemberLower,Erdos180.subdivisionLine_centers_injective
Erdos180.proposedFamily_uniformMemberLower,Erdos180.cycleGraph_no_isolated
Erdos180.proposedFamily_uniformMemberLower,Erdos180.coordinateCenterLine_direction_det_ne_zero_of_ne
Erdos180.proposedFamily_uniformMemberLower,Erdos180.symplecticLine_eq_invertible_symmetricGraphLine
Erdos180.proposedFamily_uniformMemberLower,Erdos180.symplecticAutomorphism_incidence_iff
Erdos180.proposedFamily_uniformMemberLower,Erdos180.subdivisionLine_base_of_line_center
Erdos180.proposedFamily_uniformMemberLower,Erdos180.symplecticLine_eq_coordinateCenterLine_of_common_points
Erdos180.proposedFamily_uniformMemberLower,Erdos180.subdivisionLine_pair_incidence
Erdos180.proposedFamily_uniformMemberLower,Erdos180.symplecticQuadrangle_adjacent_to_point
Erdos180.proposedFamily_uniformMemberLower,Erdos180.symplecticLineNormalizer_map_right
Erdos180.proposedFamily_uniformMemberLower,Erdos180.symplecticQuadrangle_encodeFiniteGraph_free_iff
Erdos180.proposedFamily_uniformMemberLower,Erdos180.symplecticAutomorphismLineEquiv_apply
Erdos180.proposedFamily_uniformMemberLower,Erdos180.quotientGraph_no_isolated
Erdos180.proposedFamily_uniformMemberLower,Erdos180.proposedFamily_induction
Erdos180.proposedFamily_uniformMemberLower,Erdos180.projectiveDirection_nonzero_left
Erdos180.proposedFamily_uniformMemberLower,Erdos180.jQuotient_mem_proposedFamily
Erdos180.proposedFamily_uniformMemberLower,Erdos180.symplecticLine_eq_of_points
Erdos180.proposedFamily_uniformMemberLower,Erdos180.symplectic_triangle_lines_eq
Erdos180.proposedFamily_uniformMemberLower,Erdos180.subdivisionLine_bases_disjoint
Erdos180.proposedFamily_uniformMemberLower,Erdos180.subdivisionLine_center_of_line_base
Erdos180.proposedFamily_uniformMemberLower,Erdos180.encodeFiniteGraph_no_isolated
Erdos180.proposedFamily_uniformMemberLower,Erdos180.quadrangle_uniform_lower_of_prime_power_avoidance
Erdos180.proposedFamily_uniformMemberLower,Erdos180.symplecticAutomorphism_disjoint_iff
Erdos180.proposedFamily_uniformMemberLower,Erdos180.projectiveDirection_nonzero_right
SipserGacsLautemann.sipser_gacs_lautemann,SipserGacsLautemann.bpp_closed_under_complement
SipserGacsLautemann.sipser_gacs_lautemann,sipser_gacs_lautemann
SipserGacsLautemann.sipser_gacs_lautemann,SipserGacsLautemann.bpp_subset_sigma_two
SipserGacsLautemann.sipser_gacs_lautemann,SipserGacsLautemann.sigma_two_complement_to_pi_two
Erdos146.exponentGain_pos,erdos146_core2
Erdos146.exponentGain_pos,Erdos146.midpointBeta_lt_one
HolomorphicOn.vanishesOnRectangle,Rectangle_defs
HolomorphicOn.vanishesOnRectangle,ResidueCalcOnRectangles_defs
Rudin.ch10_pullback_integral,Rudin_ch10_forms
diophantine_degree_ge_two_case_five_quintuple,diophantine_descent
RybinAI2026.P16.six_hadamards_five_by_five_constraints,RybinAI2026.P16.six_unbiased_partial_hadamards
RybinAI2026.P16.six_hadamards_five_by_five_constraints,Matrix.exists_scaled_orthogonal_completion
mme_restrict_basisAllAllowedSubtensor_of_vanishes,mme_complete_split_profile_projection
CollapsibleCubics.collapsible_iff_prod,CollapsibleCubics_basic
ConvexOptimization_IsDampedNewtonSequence,ConvexOptimization_IsBacktrackingStep
mme_stothers_fixed_profile_rate_below_marginal_multinomial,mme_dwz_multinomial_entropy_polynomial_lower
mme_stothers_fixed_profile_rate_below_marginal_multinomial,mme_stothers_fixed_outer_profile
Freiman.form_reduced_pair,Freiman.form_unimodular_discriminant
Freiman.form_reduced_pair,Freiman.form_irrational_roots
Freiman.form_reduced_pair,Freiman.form_roots_reduction
Freiman.form_reduced_pair,Freiman.form_reduction_algebra
Freiman.form_reduced_pair,Freiman.form_unimodular_minimum
Freiman.form_reduced_pair,Freiman_reducedForms
Freiman.form_reduced_pair,Freiman.form_scaling_minimum
tal_block_sensitivity_bound,block_restrict_polyDegree_le
tal_block_sensitivity_bound,polyDegree_distinguishing_units_bound
Fejer.cesaroMean_eq_convolution,Fejer_fejerKernel
Fejer.cesaroMean_eq_convolution,Fejer_cesaroMean
SymplecticFreeModules.noetherian_of_nilradical_free,frame_2026_symplectic_free_modules_interfaces
flt_five,flt_odd_prime_coprime_reduction
flt_five,flt5_case1
flt_five,flt5_descent_case2
RybinAI2026.P01.matrix_integral_inequality_integer_gram_large_regularizer,rybin2026_p01_matrix_integral
SmoothedChebyshevPull2,MediumPNT_defs
SmoothedChebyshevPull2,EulerMaclaurin_defs
SmoothedChebyshevPull2,Smooth1MellinDifferentiable
SmoothedChebyshevPull2,realDiff_of_complexDiff
SmoothedChebyshevPull2,HolomorphicOn.vanishesOnRectangle
SmoothedChebyshevPull2,Fourier_defs
EuclideanBuildingDirections.exists_buildingWithDirections,euclidean_building_directions
Freiman.middle_controlled_witness,Freiman.middleRepair_initial_cover
Freiman.middle_controlled_witness,Freiman.middle_finite_exception_support
Freiman.middle_controlled_witness,Freiman_middleRoots
Freiman.middle_controlled_witness,Freiman.middleRepair_cover_realization
Freiman.middle_controlled_witness,Freiman.middle_local_dominance
MarkovMixing.path_coupling_mixing,MarkovMixing.path_coupling
MarkovMixing.path_coupling_mixing,MarkovMixing.tv_coupling
MarkovMixing.path_coupling_mixing,mm_transport
eulerMascheroni_mixedCoefficients,eulerMascheroni_mixedCover
mme_CW_square_six_symmetrization_iso,mme_six_symmetrized_tau_value
mme_CW_square_six_symmetrization_iso,mme_CW_tensor
Erdos146.hammingRetentionMeasure_isProbability,erdos146_core2
KServer.injective_or_covering,KServer_model
Erdos183.paletteColourCount_mono,erdos183_core
mme_HasTauValueAtLeast_kronPow_root,mme_HasTauValueAtLeast_to_cofinal_finite_extractions
mme_HasTauValueAtLeast_kronPow_root,mme_kronPow_kronPow_isomorphic
mme_HasTauValueAtLeast_kronPow_root,mme_HasTauValueAtLeast_of_cofinal_finite_extractions
MarkovChainCLT.geoDriftCondition_of_geometricallyErgodic,MarkovChainCLT.kendall_summable_geometric_of_renewal_tendsto_geometric
MarkovChainCLT.geoDriftCondition_of_geometricallyErgodic,MarkovChainCLT.measurable_tvDist_kernel
MarkovChainCLT.geoDriftCondition_of_geometricallyErgodic,MarkovChainCLT.exists_isSmallSet_measure_pos
MarkovChainCLT.geoDriftCondition_of_geometricallyErgodic,MarkovDriftMinorization
MarkovChainCLT.geoDriftCondition_of_geometricallyErgodic,MarkovErgodicity
MarkovMixing.ising_complete_graph_slow,MarkovMixing.glauber_stationary
MarkovMixing.ising_complete_graph_slow,mm_ising
MarkovMixing.ising_complete_graph_slow,MarkovMixing.convergence_theorem
QuantumParallelRepetition.entangledValue_le_one,QuantumParallelRepetition.Strategy.winProbability_le_one
QuantumParallelRepetition.entangledValue_le_one,quantum_parallel_repetition_game
Problem97.CGN.edgeAt_injective_on_CapIndexPairs,Erdos9796Counting_CGN_CGN
Problem97.CGN.edgeAt_injective_on_CapIndexPairs,Erdos9796Counting_Adapter
BanditAlgorithm.chernoff_pairwise_selfnormalised_deviation_bound,BanditAlgorithm.bandit_ville_maximal_inequality
BanditAlgorithm.chernoff_pairwise_selfnormalised_deviation_bound,BanditAlgorithm.chernoffInverse_ge_sharp_lower_bound
BanditAlgorithm.chernoff_pairwise_selfnormalised_deviation_bound,BanditAlgorithm.chernoff_threshold_mixture_budget_inequality
BanditAlgorithm.chernoff_pairwise_selfnormalised_deviation_bound,BanditAlgorithm.banditTrajMeasure_joint_eq_compProd
BanditAlgorithm.chernoff_pairwise_selfnormalised_deviation_bound,TrackAndStop
BanditAlgorithm.chernoff_pairwise_selfnormalised_deviation_bound,GaussianBandit
BanditAlgorithm.chernoff_pairwise_selfnormalised_deviation_bound,BanditAlgorithm.bandit_mixture_of_exponential_martingales
timeAverageQueueLength_tendsto_of_scaled_lower_and_upper,queueing_continuous_time
ReservoirSAS.sas_esp_of_contracting_polynomial,ReservoirESN
ReservoirSAS.sas_esp_of_contracting_polynomial,ReservoirESN.esp_of_contracting
ReservoirSAS.sas_esp_of_contracting_polynomial,ReservoirSAS
mme_omega_eq_strassen,mme_strassenRank_le_tensorRank
mme_omega_eq_strassen,mme_tensorRank_le_strassenRank
mme_omega_eq_strassen,mme_omega
mme_omega_eq_strassen,mme_omega_strassen
gotsman_linial_with_zero,polyDegree_alternating_sum_witness
gotsman_linial_with_zero,bool_func_alternating_sum_sensitivity
BertsekasDP.piecewise_adjoint_terminal_exists,BertsekasCTModel
QuantumParallelRepetition.entangledValue_eq_fin,quantum_parallel_repetition_game
QuantumParallelRepetition.entangledValue_eq_fin,QuantumParallelRepetition.entangledValue_relabel
QuantumParallelRepetition.entangledValue_eq_fin,qpr_alphabet_relabelling
Vino.intervalIntegrable_e,Vino.continuous_e
Vino.intervalIntegrable_e,CircleMethod_char
flt5_descent_case2,flt5_descent_step
MagicSquaresSemiMagic3,MagicSquares
OddPerfectNumber.no_dris_special_exponent_five_s_ge_two,OddPerfectNumber.no_dris_five_s_ge_two_even
OddPerfectNumber.no_dris_special_exponent_five_s_ge_two,OddPerfectNumber.no_dris_five_s_ge_two_not_even
KServer.workFnU_growth_sharp_large,KServer_workfunctionU
KServer.workFnU_growth_sharp_large,KServer.workFnU_growth_sharp_finite_subspaces
KServer.workFnU_growth_sharp_large,KServer.growth_bound_of_uniform_finite_subspaces
ZengPryadko2019.tensorProductDistance_upperBound,ZengPryadko2019
MarkovMixing.distinguishing_statistic_of_pos_variance,mm_lower
MarkovMixing.sep_le_stopping_tail,mm_stopping
MarkovMixing.sep_le_stopping_tail,MarkovMixing.exists_stationary_pos
MarkovMixing.sep_le_stopping_tail,MarkovMixing.stationary_unique
WhitneyEmbedding.finite_immersion_and_proper_function_of_noncompact,WhitneyEmbedding.finite_injective_immersion
WhitneyEmbedding.finite_immersion_and_proper_function_of_noncompact,WhitneyEmbedding.smooth_proper_function_of_noncompact
EulerMascheroni.Mixed.mixed_value_coefficient_sum,eulerMascheroni_mixedCoefficients
ErdosStraus242.family_mod23,ErdosStraus242
Freiman.cfValue_surjective_irrational_unit,Freiman.cf_convergence
Freiman.cfValue_surjective_irrational_unit,Freiman.prefixEval_cylinder_bound
Freiman.cfValue_surjective_irrational_unit,Freiman.cylinder_bound_tendsto
Freiman.cfValue_surjective_irrational_unit,Freiman_symbolicMarkovSpectrum
Freiman.cfValue_surjective_irrational_unit,Freiman.cfValue_prefix
MarkovChainCLT.abs_exp_variance_sub_le_of_tendstoInDistribution,ProbabilityTheory.integral_cos_gaussianReal
Freiman.lower_path_prefixes,Freiman.lower_physical_prefix_transfer
Freiman.lower_path_prefixes,Freiman.lower_selected_words
Freiman.lower_path_prefixes,Freiman_lowerCertificates
BunkbedAux.partition_sum_eq_total,BunkbedPercolation
KerrBL.vacKerr_rr,KerrBL_Kerr_ClosedForms
KerrBL.vacKerr_rth,KerrBL_Kerr_ClosedForms
HairerSPDE.map_add_null_iff,HairerSPDE.map_add_exists_pos_withDensity_of_finite_norm
HairerSPDE.map_add_null_iff,HairerSPDE_CameronMartin
BanditAlgorithm.pmStochPseudoRegret_le_worst_pmRegret,PartialMonitoringStochastic
SymplecticFreeModules.generatorActionRepresentationExists,frame_2026_symplectic_free_modules_interfaces
mme_CW_laser_witness,mme_CW_value_ge_at_q6
mme_CW_laser_witness,mme_CW_support_pattern_symmetric
mme_CW_laser_witness,mme_CW_canonical_aligned_witness
mme_CW_laser_witness,mme_CW_tensor
mme_CW_laser_witness,mme_tensor_type_grading
mme_CW_laser_witness,mme_laser_pattern
Erdos390.eventual_thirteen_layer_lower_bound,MediumPNT
Erdos390.eventual_thirteen_layer_lower_bound,erdos390_problem
Erdos390.eventual_thirteen_layer_lower_bound,Erdos390.complement_formulation
GameSetMatch.part_a,GameSetMatch.bestOfWinProb_eq_fairCoin_of_odd
GameSetMatch.part_a,GameSetMatch.part_b
GameSetMatch.part_a,GameSetMatchInternal
ErdosStraus242.family_mod11,ErdosStraus242
BanditAlgorithm.pmStochPseudoRegret_pair_tradeoff_of_uniform_kl_bound,PartialMonitoringStochastic
BanditAlgorithm.pmStochPseudoRegret_pair_tradeoff_of_uniform_kl_bound,BanditAlgorithm.bretagnolle_huber_inequality_finite_typeStar
KerrBL.vacKerr_phph,KerrBL_Kerr_ClosedForms
MarkovChainCLT.chainMeasure_past_inter_future,MarkovChainCLT.traj_map_shift_add_eq_comp_iter
MarkovChainCLT.chainMeasure_past_inter_future,MarkovChainCLT.chainMeasure_eq_comp_traj
MarkovChainCLT.chainMeasure_past_inter_future,MarkovChainPathMeasure
MarkovChainCLT.chainMeasure_past_inter_future,MarkovIterKernel
shellFin,shellIdx
GameSetMatch.game_set_match,GameSetMatch.part_d
GameSetMatch.game_set_match,GameSetMatch.part_c
GameSetMatch.game_set_match,GameSetMatch.part_b
GameSetMatch.game_set_match,GameSetMatchInternal
GameSetMatch.game_set_match,GameSetMatch.part_a
BrinSquier.supp_finite_components,BrinSquier
Gilbreath.second_column,Gilbreath.zero_two_blocks
Gilbreath.second_column,gilbreath_triangle
Gilbreath.second_column,Gilbreath.tail_propagation
OPG169.root_problem,opg169_planar_dichromatic
mme_tensor_quotient,mme_strassen_preorder
mme_tensor_quotient,mme_flattening
mme_tensor_quotient,mme_tensor_rank
mme_tensor_quotient,mme_omega_strassen
huang_sensitivity_theorem,cauchy_interlacing_sorted
huang_sensitivity_theorem,huangMatrix_entry_abs
huang_sensitivity_theorem,max_degree_ge_lambda_max
huang_sensitivity_theorem,huang_matrix_spectrum_sorted
BanditAlgorithm.best_arm_identification_sample_complexity_lower_bound,BanditTrajectory
BanditAlgorithm.best_arm_identification_sample_complexity_lower_bound,BanditAlgorithm.best_arm_identification_stopping_change_of_measure
BanditAlgorithm.best_arm_identification_sample_complexity_lower_bound,BanditAlgorithm.baiComplexity_mul_le_total_of_information_constraints_of_pos
Hirsch.cubic_circuit_walk_bound,Hirsch_circuit_model
BookSixth.sampling_averaging_bound,BookSixth.vertex_subset_sampling_identity
BookSixth.sampling_averaging_bound,BookSixth
Erdos146.binaryEntropy_continuous,erdos146_core2
Problem97.CGN8_circumscribed_iCount_upper_bound,Erdos9796Counting_Dumitrescu_L6
Problem97.CGN8_circumscribed_iCount_upper_bound,Problem97.signedArea2_eq_zero_iff_collinear
Problem97.CGN8_circumscribed_iCount_upper_bound,Erdos9796Counting_CGN_CGN6
Problem97.CGN8_circumscribed_iCount_upper_bound,Erdos9796Counting_Foundation
Problem97.CGN8_circumscribed_iCount_upper_bound,Problem97.CGN.CGN6c_oneSidedDistanceInjective
Problem97.CGN8_circumscribed_iCount_upper_bound,Problem97.CGN.witnessedPairsAt_sum_le_square_div_four
Problem97.CGN8_circumscribed_iCount_upper_bound,Problem97.CGN.CGN6e2_not_two_apices_on_complementary_side
Problem97.CGN8_circumscribed_iCount_upper_bound,Erdos9796Counting_Cap_PartitionFromMEC
Problem97.CGN8_circumscribed_iCount_upper_bound,Problem97.CGN.CGN6norm_minorCapChainModel_of_mecCapPacket
Problem97.CGN8_circumscribed_iCount_upper_bound,Problem97.Dumitrescu.three_cap_decomposition
Problem97.CGN8_circumscribed_iCount_upper_bound,Problem97.CGN.edgeAt_mem_powersetCard
Problem97.CGN8_circumscribed_iCount_upper_bound,Erdos9796Counting_CGN_CGN4g
Problem97.CGN8_circumscribed_iCount_upper_bound,Erdos9796Counting_CGN_CGN
Problem97.CGN8_circumscribed_iCount_upper_bound,Problem97.CGN.CGN4g_strictCapBlockData_of_supportCap_oriented
Problem97.CGN8_circumscribed_iCount_upper_bound,Erdos9796Counting_Adapter
Problem97.CGN8_circumscribed_iCount_upper_bound,Erdos9796Counting_MEC_Basic
Problem97.CGN8_circumscribed_iCount_upper_bound,Problem97.CGN.edgeAt_injective_on_CapIndexPairs
Problem97.CGN8_circumscribed_iCount_upper_bound,Erdos9796Counting_IsoscelesCount
Problem97.CGN8_circumscribed_iCount_upper_bound,Problem97.CGN.capPairApexes_mem_edgeAt_packet
Problem97.CGN8_circumscribed_iCount_upper_bound,Problem97.ConvexIndep.not_wbtw
Problem97.CGN8_circumscribed_iCount_upper_bound,Erdos9796Counting_CircumscribedMECPacket
Problem97.CGN8_circumscribed_iCount_upper_bound,Problem97.Dumitrescu.capPairApexes_card_le_two
Problem97.CGN8_circumscribed_iCount_upper_bound,Problem97.MEC.exists_nonobtuse_circumscribed_triple
BanditTrajectory,BanditPolicy
CircleMethod.hua_inequality,CircleMethod.divisor_bound_pow
CircleMethod.hua_inequality,CircleMethod.integral_e_orthogonality
CircleMethod.hua_inequality,CircleMethod.divisor_bound
CircleMethod.hua_inequality,CircleMethod.e_zero
CircleMethod.hua_inequality,CircleMethod_waring
CircleMethod.hua_inequality,CircleMethod_char
CircleMethod.hua_inequality,CircleMethod.norm_e
CircleMethod.hua_inequality,CircleMethod.e_neg
CircleMethod.hua_inequality,CircleMethod.e_add
Freiman.upper_small_model,Freiman.upper_KOne_bounds
Freiman.upper_small_model,Freiman.upper_small_data
Freiman.upper_small_model,Freiman.upper_small_noncentral
Freiman.upper_small_model,Freiman.upper_small_margin
Freiman.upper_small_model,Freiman_upperModel
subcritical_stationary_workload_candidates_bddAbove,single_server_queueing_stability
HJMEilenberg.eilenberg_formation_theorem,HJMEilenberg.recover_congruence
HJMEilenberg.eilenberg_formation_theorem,HJMEilenberg_Formations
HJMEilenberg.eilenberg_formation_theorem,HJMEilenberg.recover_languages
HJMEilenberg.eilenberg_formation_theorem,HJMEilenberg.congruence_to_languages
HJMEilenberg.eilenberg_formation_theorem,HJMEilenberg.languages_to_congruences
DiazModulus.diaz_of_exp_not_real_on_axes,DiazModulus.diaz_on_axes_of_hermite_lindemann
DiazModulus.diaz_of_exp_not_real_on_axes,DiazModulus
DiazModulus.diaz_of_exp_not_real_on_axes,DiazModulus.hermite_lindemann_holds
BunkbedSubstituted,BunkbedWZSurgery
LinearOptimization.network_basis_inverse_integer,BasicSolution
LinearOptimization.network_basis_inverse_integer,LinearOptimization_NetworkFlowProblem
Freiman.upper_model_exists,Freiman.upper_large_model
Freiman.upper_model_exists,Freiman.upper_sum_one
Freiman.upper_model_exists,Freiman.upper_sum_A
Freiman.upper_model_exists,Freiman.upper_interval_cover
Freiman.upper_model_exists,Freiman.upper_small_model
Freiman.upper_model_exists,Freiman_upperModel
Freiman.upper_model_symbolic,Freiman.upper_padding_alphabet
Freiman.upper_model_symbolic,Freiman.padded_models_symbolic
Freiman.upper_model_symbolic,Freiman.upper_small_constants
Freiman.upper_model_symbolic,Freiman.upper_padding_converges
Freiman.upper_model_symbolic,Freiman.upper_padding_upper_bound
Freiman.upper_model_symbolic,Freiman_upperModel
BanditAlgorithm.partial_monitoring_outside_neighbourhood_strict_gap,PartialMonitoringGame
RybinAI2026.P01.crossIntegral_sum_le_max,RybinAI2026.P01.crossIntegral_normalized_sum_le_one
RybinAI2026.P01.crossIntegral_sum_le_max,rybin2026_p01_cross_integral
RybinAI2026.P01.crossIntegral_sum_le_max,rybin2026_p01_matrix_integral
BanditAlgorithm.gaussian_optimal_allocation_unique,BanditAlgorithm.pair_weight_add_eq_iff_proportional
BanditAlgorithm.gaussian_optimal_allocation_unique,TrackAndStop
BanditAlgorithm.gaussian_optimal_allocation_unique,BanditAlgorithm.pair_weight_superadditive
BanditAlgorithm.gaussian_optimal_allocation_unique,GaussianBandit
MTT.interpolation_positive_conductor_of_moments,MTT.character_integral_of_disk_moments
MTT.interpolation_positive_conductor_of_moments,MTT.birch_mellin_formula
MTT.interpolation_positive_conductor_of_moments,MTT_Measures
BookSixth.tait_fox_five,BookSixth
KServer_finite_game,KServer_model
Kawahira.nu_at_zero_of_order,Kawahira.logQuotient_hasDerivAt_of_factor
Kawahira.nu_at_zero_of_order,Kawahira_zeta
WeakGoldbach.prime_in_window_4e18_add_two,WeakGoldbach.prime_ladder_to_8875e30
SymplecticFreeModules.parameterUniqueness,frame_2026_symplectic_free_modules_interfaces
WeakGoldbach.verified_three_primes_to_8875e30,WeakGoldbach.verified_two_primes_to_4e18
WeakGoldbach.verified_three_primes_to_8875e30,WeakGoldbach.two_primes_4e18_add_two
WeakGoldbach.verified_three_primes_to_8875e30,WeakGoldbach.prime_in_window_4e18_add_two
WeakGoldbach.verified_three_primes_to_8875e30,WeakGoldbach.even_goldbach_to_4e18
WeakGoldbach.verified_three_primes_to_8875e30,WeakGoldbach.prime_ladder_to_8875e30
Thurston23.index_gammaTwoIEff,Thurston23_picard
Hadamard_Conjecture,Hadamard.odd_multiplier_exists
Hadamard_Conjecture,Hadamard.tensor_product_exists
mme_profiled_CW_mode_permutation_iso,mme_basis_projected_mode_permutation_iso
mme_profiled_CW_mode_permutation_iso,mme_six_symmetrized_tau_value
mme_profiled_CW_mode_permutation_iso,mme_recursive_profiled_CW_data
mme_profiled_CW_mode_permutation_iso,mme_CW_three_canonical_support
Erdos146.hammingWordEdge_sum_const,Erdos146.hammingWordNeighbor_sum_const
Erdos146.hammingWordEdge_sum_const,erdos146_core2
Davenport_siegelWalfisz,Vino_dirichlet
Freiman.gap_forcing_coverage_3,Freiman_gapCertificateData
collatz_reaches_syracuse_iterate,syracuseStep_odd
collatz_reaches_syracuse_iterate,syracuseStep
collatz_reaches_syracuse_iterate,collatz_reaches_syracuse
collatz_reaches_syracuse_iterate,collatzStepMap
ConvexOptimization.lowner_john_affine_invariant,ConvexOptimization_IsLownerJohn
ConvexOptimization.lowner_john_affine_invariant,ConvexOptimization_ellipsoidBody
Erdos183.forcesMonochromaticTriangle_zero,erdos183_core
BanditAlgorithm.partial_monitoring_uniform_outside_gap,BanditAlgorithm.partial_monitoring_outside_neighbourhood_strict_gap
BanditAlgorithm.partial_monitoring_uniform_outside_gap,PartialMonitoringGame
BookSixth.hadamard_order,BookSixth
Erdos183.stageWidths_succ_le,Erdos183.log_le_paletteLogWidth
Erdos183.stageWidths_succ_le,erdos183_core
BanditAlgorithm.chernoff_stopping_time_sample_complexity_of_settling,TrackAndStop
BanditAlgorithm.chernoff_stopping_time_sample_complexity_of_settling,BanditAlgorithm.chernoff_stopping_time_le_integrable_plus_linear_of_settling_time
BanditAlgorithm.chernoff_stopping_time_sample_complexity_of_settling,GaussianBandit
Chou.isVirtuallyNilpotent_or_hasExponentialGrowth_of_elementaryAmenable,Chou.isFinitelyPresented_of_isNilpotent_of_fg
Chou.isVirtuallyNilpotent_or_hasExponentialGrowth_of_elementaryAmenable,Chou_Growth
Chou.isVirtuallyNilpotent_or_hasExponentialGrowth_of_elementaryAmenable,Chou_ElementaryAmenable
Chou.isVirtuallyNilpotent_or_hasExponentialGrowth_of_elementaryAmenable,Chou.isFinitelyPresented_of_isFinitelyPresented_of_finite_quotient
Chou.isVirtuallyNilpotent_or_hasExponentialGrowth_of_elementaryAmenable,Chou.elementaryAmenable_iff_constructible
Chou.isVirtuallyNilpotent_or_hasExponentialGrowth_of_elementaryAmenable,Chou_Classes
Chou.isVirtuallyNilpotent_or_hasExponentialGrowth_of_elementaryAmenable,Chou.isVirtuallyNilpotent_or_hasExponentialGrowth_of_extension
Chou.isVirtuallyNilpotent_or_hasExponentialGrowth_of_elementaryAmenable,Chou.fg_of_isFinitelyPresented_quotient
logt_gt_one,Rectangle_defs
logt_gt_one,ZetaBounds_defs
logt_gt_one,EulerMaclaurin_defs
logt_gt_one,Fourier_defs
logt_gt_one,ResidueCalcOnRectangles_defs
EulerMascheroni.Arithmetic.pade_exact_cancellation,eulerMascheroni_padeTransform
EulerMascheroni.Arithmetic.pade_exact_cancellation,EulerMascheroni.Arithmetic.pade_determinant_and_nonvanishing
EulerMascheroni.Arithmetic.pade_exact_cancellation,EulerMascheroni.Arithmetic.pade_denominator_modular_structure
Monotonicity_Theorem.lemma_three2,Monotonicity_Theorem_Framework2
Monotonicity_Theorem.lemma_three2,Monotonicity_Theorem.infinite_definable_set_contains_interval2
CirclePackingConstants.c_all,CirclePackingConstants.c_n_thirty_six
CirclePackingConstants.c_all,CirclePackingConstants.c_n_six
CirclePackingConstants.c_all,CirclePackingConstants.c_n_two
CirclePackingConstants.c_all,CirclePackingConstants.c_n_sixteen
CirclePackingConstants.c_all,CirclePackingConstants
CirclePackingConstants.c_all,CirclePackingConstants.c_n_four
CirclePackingConstants.c_all,CirclePackingConstants.c_n_eight
CirclePackingConstants.c_all,CirclePackingConstants.c_n_nine
CirclePackingConstants.c_all,CirclePackingConstants.c_n_seven
CirclePackingConstants.c_all,CirclePackingConstants.c_n_twenty_five
CirclePackingConstants.c_all,CirclePackingConstants.c_n_three
CirclePackingConstants.c_all,CirclePackingConstants.c_n_five
KServer.competitive_of_covering_config,KServer_model
BanditAlgorithm.chernoff_stopping_time_sample_complexity,BanditAlgorithm.chernoff_stopping_time_le_integrable_plus_linear
BanditAlgorithm.chernoff_stopping_time_sample_complexity,TrackAndStop
BanditAlgorithm.chernoff_stopping_time_sample_complexity,GaussianBandit
Bochner.fejerDamp_isPositiveDefinite,PositiveDefinite
BanditAlgorithm.bandit_kl_ucb_finite_to_asymptotic,banditRegret
BanditAlgorithm.bandit_kl_ucb_finite_to_asymptotic,bernoulliRelativeEntropy
BanditAlgorithm.bandit_kl_ucb_finite_to_asymptotic,BanditAlgorithm.bernoulli_relative_entropy_pinsker
LinearOptimization.polyhedron_projection,LinearOptimization.fourier_motzkin_projection
LinearOptimization.polyhedron_projection,Polyhedron
LinearOptimization.polyhedron_projection,LinearOptimization.fourier_motzkin_eliminate_is_polyhedron
Freiman.lower_physical_cover_distance,Freiman.lower_center_reflection
Freiman.lower_physical_cover_distance,Freiman.lower_cylinder_reflection
Freiman.lower_physical_cover_distance,Freiman.lower_cover_distance
Freiman.lower_physical_cover_distance,Freiman_lowerCertificates
Freiman.lower_physical_cover_distance,Freiman.lower_model_reflection
sgl_casc_final,sgl_casc_loop
Erdos183.triangleFree_lt_triangleRamseyNumber,erdos183_core
Erdos183.triangleFree_lt_triangleRamseyNumber,Erdos183.cliqueFree_pullback_embedding
Erdos183.triangleFree_lt_triangleRamseyNumber,Erdos183.triangleRamseyNumber_forces
mme_flattening,mme_tensor
mme_flattening,mme_tensor_rank
Rudin.ch04_uniform_continuity,Rudin_ch04_continuity
MarkovChainCLT.rhoMixingCoef_chain_bounds_submultiplicative,MixingCoefficients
MarkovChainCLT.rhoMixingCoef_chain_bounds_submultiplicative,MarkovChainCLT.rhoMixingCoef_nonneg_le_one_of_finite
MarkovChainCLT.rhoMixingCoef_chain_bounds_submultiplicative,MarkovChainPathMeasure
MarkovChainCLT.rhoMixingCoef_chain_bounds_submultiplicative,MarkovErgodicity
MarkovChainCLT.rhoMixingCoef_chain_bounds_submultiplicative,MarkovChainCLT.rhoMixingCoef_chain_submultiplicative
Hatcher.ker_vanKampenHom_le,Hatcher_VanKampen
Gilbreath.propagation,gilbreath_triangle
Erdos146.hammingRetentionProbability_mul_wordCount_tendsto_atTop,Erdos146.hammingRetentionProbability_mul_wordCount_eq_exp
Erdos146.hammingRetentionProbability_mul_wordCount_tendsto_atTop,erdos146_core2
Erdos146.hammingRetentionProbability_mul_wordCount_tendsto_atTop,Erdos146.midpointBeta_lt_one
Finset.graph_balogSzemerediGowers_restricted_sumset,Finset.dense_bipartite_has_path3_rectangle
Finset.graph_balogSzemerediGowers_restricted_sumset,Finset.restricted_sumset_via_multiplicity
Finset.graph_balogSzemerediGowers_restricted_sumset,Finset.path3_count_le_triple_rep_count
mm_network,mm_mixing
mm_network,mm_path
Erdos146.eventually_exists_pairGraph_free_dense_retainedHost,Erdos146.hammingExpectedRetainedVertexCount_eq
Erdos146.eventually_exists_pairGraph_free_dense_retainedHost,erdos146_core2
Erdos146.eventually_exists_pairGraph_free_dense_retainedHost,Erdos146.entropySlack_pos
Erdos146.eventually_exists_pairGraph_free_dense_retainedHost,Erdos146.pairGraphOverFin_free_of_manuscript_exclusion
Erdos146.eventually_exists_pairGraph_free_dense_retainedHost,Erdos146.eventually_manuscriptExpectedRetainedEdge_entropy_lower
Erdos146.eventually_exists_pairGraph_free_dense_retainedHost,Erdos146.hammingRetentionMeasure_isProbability
Erdos146.eventually_exists_pairGraph_free_dense_retainedHost,Erdos146.binaryEntropy_continuous
Erdos146.eventually_exists_pairGraph_free_dense_retainedHost,Erdos146.hammingRetentionProbability_mul_wordCount_tendsto_atTop
Erdos146.eventually_exists_pairGraph_free_dense_retainedHost,Erdos146.midpointBeta_lt_upper_unconditional
Erdos146.eventually_exists_pairGraph_free_dense_retainedHost,Erdos146.binaryEntropy_zero
Erdos146.eventually_exists_pairGraph_free_dense_retainedHost,Erdos146.midpointBeta_lt_one
Erdos146.eventually_exists_pairGraph_free_dense_retainedHost,Erdos146.exp_mul_div_nat_succ_tendsto_atTop
Erdos146.eventually_exists_pairGraph_free_dense_retainedHost,Erdos146.manuscriptSamplingFailureEvent_real_le
MarkovMixing.bottleneckStar_pos,mm_lower
Vino.threePrimeFactor_pos,Vino_ramanujan
Hairer.reconstruction_existence_pointwise_nonpos,Hairer_Model
OPG37364.lps13Graph_regular14,opg37364_lps13
markov_entanglement_local_tv_bounds,markov_entanglement
Weil.perron_contour_shift,Weil_perron
Weil.perron_contour_shift,Davenport_siegelWalfisz
RybinAI2026.P16.base_five_partial_hadamards,RybinAI2026.P16.extend_four_to_five_partial_hadamards
RybinAI2026.P16.base_five_partial_hadamards,RybinAI2026.P16.base_four_partial_hadamards
Freiman.symbolic_lagrange_subset_markov,Freiman_symbolicMarkovSpectrum
Freiman.symbolic_lagrange_subset_markov,Freiman.attain_limsup_by_shift
EulerMascheroni.Mixed.e_system_arithmetic,EulerMascheroni.Mixed.formal_expEin_harmonic_coefficients
EulerMascheroni.Mixed.e_system_arithmetic,rationalEArithmetic
EulerMascheroni.Mixed.e_system_arithmetic,eulerMascheroni_formalESystem
EulerMascheroni.Mixed.e_system_arithmetic,ArithmeticE.harmonic_arithmetic
MarkovChainPathMeasure,MarkovChainKernel
mme_schonhage_pan_direct_sum,mme_degenerates_asymptoticRank_le
mme_schonhage_pan_direct_sum,mme_schonhage_pan_degenerates
mme_schonhage_pan_direct_sum,mme_tensor_rank
BanditAlgorithm.exists_policy_optimal_allocation_with_integrable_settling_time,BanditAlgorithm.exists_policy_optimal_allocation_with_integrable_settling_time_of_two_le
BanditAlgorithm.exists_policy_optimal_allocation_with_integrable_settling_time,TrackAndStop
BanditAlgorithm.exists_policy_optimal_allocation_with_integrable_settling_time,GaussianBandit
BanditAlgorithm.exists_policy_optimal_allocation_with_integrable_settling_time,BanditAlgorithm.exists_policy_optimal_allocation_with_integrable_settling_time_of_subsingleton
Erdos81.dense_chordal_clique_partition,erdos81_clique_partitions
Erdos81.dense_chordal_clique_partition,Erdos81_edgePairPartition
Erdos9796Counting_IsoscelesCount,Erdos9796Counting_Adapter
Smooth1ContinuousAt,MellinCalculus_defs
Smooth1ContinuousAt,DeltaSpikeSupport_prime
Smooth1ContinuousAt,MellinConvolutionSymmetric
Smooth1ContinuousAt,DeltaSpikeContinuous
Smooth1ContinuousAt,DeltaSpikeNonNeg_of_NonNeg
mme_subrank_capacity,mme_tensor_rank
GYGraphTheory.prop_3_7_3,GYGraphTheory
BanditAlgorithm.least_squares_confidence_ellipsoid,SelfNormalizedProcess
BanditAlgorithm.least_squares_confidence_ellipsoid,BanditAlgorithm.self_normalized_martingale_bound
mme_CW_copied_finite_surplus_omega_bound,mme_degenerates_asymptoticRank_le
mme_CW_copied_finite_surplus_omega_bound,mme_asymptotic_sum_inequality
mme_CW_copied_finite_surplus_omega_bound,mme_borderRank_kronPow_le
mme_CW_copied_finite_surplus_omega_bound,mme_CW_border_rank_le
mme_CW_copied_finite_surplus_omega_bound,mme_omega_eq_strassen
mme_CW_copied_finite_surplus_omega_bound,mme_CW_tensor
mme_CW_copied_finite_surplus_omega_bound,mme_tensor_rank
mme_CW_copied_finite_surplus_omega_bound,mme_tensorAsymptoticRank_mono_restrict
BanditAlgorithm.ftrl_regret_bound,OnlineLinearOptimization
GameSetMatch.bestOfFairCoinWinProb_eq,GameSetMatchInternal
PachDeZeeuw.Algebraic.PlaneCurveZeroSet_subset_of_dvd,PdzPrelim
PachDeZeeuw.Algebraic.PlaneCurveZeroSet_subset_of_dvd,PachDeZeeuw.Algebraic.mem_PlaneCurveZeroSet
bernoulli_tangent_sampling_deviation_formula_bound,matrix_completion_tangent
KerrBL.ricci_bridge_Kerr,KerrBL.pdchrKerr_all
KerrBL.ricci_bridge_Kerr,KerrBL_Kerr_ClosedForms
KerrBL.ricci_bridge_Kerr,KerrBL.chrKerr_all
ClockRoPE.fourierTransform_bochner_inversion,PositiveDefinite
ClockRoPE.fourierTransform_bochner_inversion,PositiveDefiniteKernel
ClockRoPE.fourierTransform_bochner_inversion,Bochner.bochner_L1_case
Freiman.middleRepair_good38,Freiman.middleRepair_cert_actual_family
Freiman.middleRepair_good38,Freiman.middle_endpoint_order
Freiman.middleRepair_good38,Freiman.middleRepair_goodness_criterion
Freiman.middleRepair_good38,Freiman_middleRepair
Freiman.middleRepair_good38,Freiman.middleRepair_cert_interpret_uniform
Freiman.middleRepair_good38,Freiman.middleRepair_child_regular
Freiman.middleRepair_good38,Freiman.middleRepair_cert_uniform_family
CircleMethod.nrm_neg,CircleMethod_char
CircleMethod.singSeries_pos,CircleMethod.sum_e_div_orthogonality
CircleMethod.singSeries_pos,CircleMethod.locDens_bound
CircleMethod.singSeries_pos,CircleMethod.e_zero
CircleMethod.singSeries_pos,CircleMethod.locDens_zero_modulus
CircleMethod.singSeries_pos,CircleMethod.sing_series_summable_norm
CircleMethod.singSeries_pos,CircleMethod.locDens_one
CircleMethod.singSeries_pos,CircleMethod.locDens_exponent_lt_neg_one
CircleMethod.singSeries_pos,Vino.e_div_congr
CircleMethod.singSeries_pos,CircleMethod_singpos
CircleMethod.singSeries_pos,CircleMethod.locDens_mul
CircleMethod.singSeries_pos,CircleMethod.e_add
twin_prime_conjecture,polignac_conjecture
HJMEilenberg.syntactic_universal,HJMEilenberg_Formations
RybinAI2026.P01.continuousOn_distance,rybin2026_p01_matrix_integral
MarkovMixing.random_transpositions_mixing,mm_stopping
MarkovMixing.random_transpositions_mixing,MarkovMixing.strong_stationary_bound
MarkovMixing.random_transpositions_mixing,mm_shuffle
MarkovMixing.random_transpositions_mixing,MarkovMixing.group_walk_uniform_stationary
MarkovMixing.random_transpositions_mixing,MarkovMixing.group_walk_irreducible_iff
MarkovChainCLT.poissonEquation_of_uniformlyErgodic,MarkovChainPathMeasure
MarkovChainCLT.poissonEquation_of_uniformlyErgodic,MarkovErgodicity
Freiman.lower_explicit_values,Freiman.lower_cF_model
Freiman.lower_explicit_values,Freiman_lowerCertificates
Freiman.lower_explicit_values,Freiman.lower_run_limit_model
LinearOptimization_EllipsoidMethod,Polyhedron
LinearOptimization_EllipsoidMethod,LinearOptimization_Ellipsoid
bp_S2_Gamma0_2_zero,levelOne_cuspForm_weight_lt_twelve_eq_zero
bp_S2_Gamma0_2_zero,gamma0_two_index_eq_three
BanditAlgorithm.gaussian_exact_rank_reciprocal_tail_exponential_bound,BanditAlgorithm.gaussianBandit_isSubgaussian_one
BanditAlgorithm.gaussian_exact_rank_reciprocal_tail_exponential_bound,BanditAlgorithm.bandit_adaptive_stopped_exp_score_lintegral_le_one
BanditAlgorithm.gaussian_exact_rank_reciprocal_tail_exponential_bound,BanditAlgorithm.armStoppedCenteredSum_eq_firstRewardsMean
BanditAlgorithm.gaussian_exact_rank_reciprocal_tail_exponential_bound,ThompsonSampling
BanditAlgorithm.gaussian_exact_rank_reciprocal_tail_exponential_bound,GaussianBandit
BanditAlgorithm.gaussian_exact_rank_reciprocal_tail_exponential_bound,BanditAlgorithm.gaussian_reciprocal_tail_split_envelope
MarkovChainCLT.rhoMixingCoef_one_lt_one_of_integrable_rate_reversible,MixingCoefficients
MarkovChainCLT.rhoMixingCoef_one_lt_one_of_integrable_rate_reversible,MarkovChainCLT.indicator_even_covariance_decay_of_integrable_rate
MarkovChainCLT.rhoMixingCoef_one_lt_one_of_integrable_rate_reversible,MarkovChainCLT.rhoMixingCoef_one_le_of_reversible_indicator_even_decay
MarkovChainCLT.rhoMixingCoef_one_lt_one_of_integrable_rate_reversible,MarkovChainPathMeasure
MarkovChainCLT.rhoMixingCoef_one_lt_one_of_integrable_rate_reversible,MarkovErgodicity
Chou.noFreeSubgroupOfRankTwo_and_not_elementaryAmenable_of_isMulTorsion_of_not_isLocallyFinite,CannonFloydParry.not_elementaryAmenable_F
Chou.noFreeSubgroupOfRankTwo_and_not_elementaryAmenable_of_isMulTorsion_of_not_isLocallyFinite,CannonFloydParry.no_free_subgroup_of_rank_two
Chou.noFreeSubgroupOfRankTwo_and_not_elementaryAmenable_of_isMulTorsion_of_not_isLocallyFinite,Chou_ElementaryAmenable
Chou.noFreeSubgroupOfRankTwo_and_not_elementaryAmenable_of_isMulTorsion_of_not_isLocallyFinite,Chou_Classes
Freiman.perron_local_difference_tendsto,Freiman.cylinder_bound_tendsto
Freiman.perron_local_difference_tendsto,Freiman_symbolicMarkovSpectrum
Freiman.perron_local_difference_tendsto,Freiman.perron_local_difference_bound
Erdos146.binomialProbabilityMass_succ_mul,erdos146_core2
mme_tau_value,mme_tensor_rank
mm_shuffle,mm_mixing
CollatzMission.no_eventual_cycle_counterexamples,CollatzMission
CollatzMission.no_eventual_cycle_counterexamples,CollatzMission.periodic_point_reaches_one
BanditAlgorithm.klDiv_stopped_le_iSup_truncations,BanditTrajectory
huang_matrix_spectrum_sorted,eigenvalue_sq_of_matrix_sq
OddPerfectNumber.k_one_diophantine_m_ge_two,OddPerfectNumber.k_one_diophantine_deficiency_witness
OddPerfectNumber.k_one_diophantine_m_ge_two,OddPerfectNumber.k_one_deficiency_impossible
Kawahira.riemannZeta_analyticOrderAt_ne_top,Kawahira_zeta
Monotonicity_Theorem.increasing_of_uniform_below_above2,Monotonicity_Theorem_Framework2
MSKleene_Iteration,MSKleene_Subst
MTT.hasSum_heckePrime,MTT_Arithmetic
MatrixCompletion.NoSpuriousMin.regularizer_hessian,MCNoSpuriousMinModel
OPG37364.regular_bipartite_hasPerfectMatching,opg37364_matching_cuts
HarmonicBuilding.orderExistsAndAtLeastOne,frame_2026_harmonic_building_interfaces
HarmonicBuilding.orderExistsAndAtLeastOne,HarmonicBuilding.orderDefinedAt_of_isKSHarmonic
HarmonicBuilding.orderExistsAndAtLeastOne,HarmonicBuilding.nonconstantOnSmallCircles
HarmonicBuilding.orderExistsAndAtLeastOne,HarmonicBuilding.frequencyLimitExistsAndAtLeastOne
mme_recursive_profiled_CW_exact_step,mme_recursive_yz_profiled_repaired_CW_extraction
mme_recursive_profiled_CW_exact_step,mme_recursive_profiled_CW_data
Hirsch.adj_tight_rows_rank,Hirsch_model
BanditAlgorithm.pmSignalMeasure_kl_le_symmetric_perturbation,PartialMonitoringStochastic
BanditAlgorithm.pmSignalMeasure_kl_le_symmetric_perturbation,InformationTheory.klDiv_map_eq_klDiv_trim_comap
BanditAlgorithm.pmSignalMeasure_kl_le_symmetric_perturbation,InformationTheory.klDiv_trim_le_of_isFiniteMeasure
BanditAlgorithm.pmSignalMeasure_kl_le_symmetric_perturbation,InformationTheory.categorical_toReal_klDiv_eq_sum
CappedBaseStock.finite_cap_lost_sales_bound,CappedBaseStock_Model
DeBruijnNewman.debruijn_newman_constant_nonneg,DeBruijnNewman_core
mme_CW_square_canonical_grading,mme_CW_square_five_grade_certificate
LinearOptimization.max_flow_min_cut,LinearOptimization_AugmentingPath
LinearOptimization.max_flow_min_cut,LinearOptimization_Cut
LinearOptimization.max_flow_min_cut,LinearOptimization.lp_attains_or_unbounded
LinearOptimization.max_flow_min_cut,Polyhedron
mm_cutoff,mm_lower
mm_cutoff,mm_stopping
mm_cutoff,mm_spectral
mm_cutoff,mm_network
BrinSquier.abelian_subgroup_of_free_isCyclic,BrinSquier
BrinSquier.compact_closure_supp_commutator,BrinSquier
BanditAlgorithm.gaussian_ts_suboptimal_pull_count_bound,BanditAlgorithm.thompson_sampling_pull_count_bound_exact_ranks
BanditAlgorithm.gaussian_ts_suboptimal_pull_count_bound,ThompsonSampling
BanditAlgorithm.gaussian_ts_suboptimal_pull_count_bound,GaussianBandit
BanditAlgorithm.gaussian_ts_suboptimal_pull_count_bound,BanditAlgorithm.gaussian_ts_exact_rank_tail_sums_bound
BanditAlgorithm.adversarial_linear_bandit_ftrl_unit_ball_regret_untuned,OnlineLinearOptimization
BanditAlgorithm.adversarial_linear_bandit_ftrl_unit_ball_regret_untuned,BanditAlgorithm.ftrl_regret_bound
CollatzMission.periodic_point_reaches_one,syracuse_six_cycle_eq_one
CollatzMission.periodic_point_reaches_one,CollatzMission
CollatzMission.periodic_point_reaches_one,syracuseStep
CollatzMission.periodic_point_reaches_one,syracuse_four_cycle_eq_one
CollatzMission.periodic_point_reaches_one,collatz_descent
CollatzMission.periodic_point_reaches_one,syracuse_five_cycle_eq_one
CollatzMission.periodic_point_reaches_one,collatzStepMap
CollatzMission.periodic_point_reaches_one,syracuse_three_cycle_eq_one
CollatzMission.periodic_point_reaches_one,syracuse_two_cycle_eq_one
CollatzMission.periodic_point_reaches_one,syracuse_fixed_point_eq_one
CollatzMission.periodic_point_reaches_one,syracuse_periodic_ge_seven_eq_one
CollatzMission.periodic_point_reaches_one,collatz_cycle_gives_syracuse_cycle
BanditAlgorithm.gaussian_exact_rank_large_posterior_tail_probability_bound,BanditAlgorithm.gaussianBandit_isSubgaussian_one
BanditAlgorithm.gaussian_exact_rank_large_posterior_tail_probability_bound,BanditAlgorithm.armStoppedCenteredSum_eq_firstRewardsMean
BanditAlgorithm.gaussian_exact_rank_large_posterior_tail_probability_bound,ThompsonSampling
BanditAlgorithm.gaussian_exact_rank_large_posterior_tail_probability_bound,BanditAlgorithm.bandit_adaptive_stopped_centered_sum_tail
BanditAlgorithm.gaussian_exact_rank_large_posterior_tail_probability_bound,GaussianBandit
mm_ising,mm_mixing
mm_ising,mm_spectral
mm_ising,mm_mcmc
Vino.singSeries_euler_product,Vino_ramanujan
Vino.singSeries_euler_product,Vino.singTerm_prod_primes
Vino.singSeries_euler_product,Vino.singTerm_prime
Erdos9796Mission.combined,Erdos9796Mission
Erdos9796Mission.combined,Erdos9796Mission.problem97
Erdos9796Mission.combined,Erdos9796Mission.problem96
BunkbedFalse.sub_probability_grouping,BunkbedAux.reach_image_map
BunkbedFalse.sub_probability_grouping,BunkbedFalse.bb_boundary_reduce
BunkbedFalse.sub_probability_grouping,BunkbedAux.probOf_image_map
BunkbedFalse.sub_probability_grouping,BunkbedAux.bbProb_biUnion_disjoint
BunkbedFalse.sub_probability_grouping,BunkbedSubstituted
BanditAlgorithm.bretagnolle_huber_inequality_finite_typeStar,InformationTheory.klDiv_map_measurableEmbedding
BanditAlgorithm.bretagnolle_huber_inequality_finite_typeStar,BanditAlgorithm.bretagnolle_huber_inequality
BertsekasDP.minimized_hamiltonian_extension,BertsekasCTModel
candes_recht_theorem41_bernoulli_tangent_sampling_concentration,matrix_completion_tangent
candes_recht_theorem41_bernoulli_tangent_sampling_concentration,neumann_remainder_tangent_scale_le_half_from_sample_bound
candes_recht_theorem41_bernoulli_tangent_sampling_concentration,bernoulli_tangent_sampling_concentration_from_deviation_bound
candes_recht_theorem41_bernoulli_tangent_sampling_concentration,bernoulli_tangent_sampling_concentration_probability_mono
candes_recht_theorem41_bernoulli_tangent_sampling_concentration,sample_ratio_between_zero_and_one
candes_recht_theorem41_bernoulli_tangent_sampling_concentration,candes_recht_theorem42_tangent_sampling_deviation_bound_with_sample_constant
GameSetMatch.tieIntegral_antitone_left,GameSetMatchInternal
Gelbart.hecke_correspondence,Gelbart_hecke_conditions
BanditAlgorithm.partial_monitoring_easy_sqrt_upper_bound_discrete_signals,BanditAlgorithm.partial_monitoring_locally_observable_upper_bound_discrete_signals
BanditAlgorithm.partial_monitoring_easy_sqrt_upper_bound_discrete_signals,PartialMonitoringGame
BanditAlgorithm.partial_monitoring_easy_sqrt_upper_bound_discrete_signals,BanditAlgorithm.pm_minimax_regret_of_affine_loss
BanditAlgorithm.partial_monitoring_easy_sqrt_upper_bound_discrete_signals,BanditAlgorithm.partial_monitoring_exists_unit_affine_normalization
Freiman.lower_central_dominance,Freiman.background_restricted
Freiman.lower_central_dominance,Freiman.lower_secondary_I3
Freiman.lower_central_dominance,Freiman.lower_model_structure
Freiman.lower_central_dominance,Freiman.lower_secondary_I7
Freiman.lower_central_dominance,Freiman.lower_secondary_I5
Freiman.lower_central_dominance,Freiman.lower_secondary_I6
Freiman.lower_central_dominance,Freiman.background_constant_order
Freiman.lower_central_dominance,Freiman_lowerCertificates
MarkovChainCLT.processSigma_Iic_eq_comap_restrict,MixingCoefficients
BanditAlgorithm.mdp_ucrl2_regret_bound_of_optimistic_phase_run,FiniteMDPLearning
LinearOptimization.lp_strong_duality,LinearOptimization.lp_weak_duality
LinearOptimization.lp_strong_duality,LinearOptimization_DualLP
LinearOptimization.lp_strong_duality,LinearOptimization.farkas_inequality_form_fintype
LinearOptimization.lp_strong_duality,LinearOptimization.lp_optimal_certificate
WeakGoldbach.symmetric_prime_pair_above_2e18,WeakGoldbach.symmetric_pair_count_pos_above_2e18
MTT.Cohomology.eichler_shimura_nebentype_compatible,MTT.Cohomology.cuspPrimitive_slash_relation
MTT.Cohomology.eichler_shimura_nebentype_compatible,MTT.exists_cuspForm_slash_gamma0
MTT.Cohomology.eichler_shimura_nebentype_compatible,MTT.Cohomology.eichler_shimura_direct
MTT.Cohomology.eichler_shimura_nebentype_compatible,MTT_Cohomology_Boundary
mme_restrict_basisZAllowedSubtensor_of_vanishes,mme_basisZAllowed_blockSubtensor_inclusion_tensor
mme_restrict_basisZAllowedSubtensor_of_vanishes,mme_basis_z_allowed_projection
MatrixCompletion.NoSpuriousMin.sampling_deviation_bound,MCNoSpuriousMinModel
CirclePackingConstants.c_n_nine,CirclePackingConstants
CirclePackingConstants.c_n_nine,CirclePackingConstants.r_n_eq_of_sharp_unit_square_separation
MarkovChainCLT.alpha_mixing_le_tv_rate,MarkovChainCLT.processSigma_Ici_eq_comap_shift
MarkovChainCLT.alpha_mixing_le_tv_rate,MixingCoefficients
MarkovChainCLT.alpha_mixing_le_tv_rate,MarkovChainCLT.map_coord_chainMeasure
MarkovChainCLT.alpha_mixing_le_tv_rate,MarkovChainCLT.abs_integral_sub_le_tvDist
MarkovChainCLT.alpha_mixing_le_tv_rate,MarkovChainCLT.chainMeasure_past_inter_future
MarkovChainCLT.alpha_mixing_le_tv_rate,MarkovChainPathMeasure
MarkovChainCLT.alpha_mixing_le_tv_rate,MarkovChainCLT.processSigma_Iic_eq_comap_restrict
MarkovChainCLT.alpha_mixing_le_tv_rate,MarkovChainCLT.isStrictlyStationary_chainMeasure
MarkovChainCLT.alpha_mixing_le_tv_rate,MarkovErgodicity
AGT.ic_iff_monotone,agt_social
FiniteReflectionPositivityMethodsI.torus4Eigenmode,FiniteReflectionPositivityMethodsI
Erdos9796FiniteNine.shell,Problem97.MEC.no_diameter_under_k4
Erdos9796FiniteNine.shell,Problem97.ConvexIndep.not_collinear_of_card_ge_three
Erdos9796FiniteNine.shell,Problem97.Dumitrescu.three_cap_decomposition
Erdos9796FiniteNine.shell,Erdos9796FiniteNine_N8Interface
Erdos9796FiniteNine.shell,Erdos9796FiniteNine_Shell
Erdos9796FiniteNine.shell,Problem97.card_ge_five_of_K4
Erdos9796FiniteNine.shell,Problem97.MEC.exists_nonobtuse_circumscribed_triple
WhitneyEmbedding.finite_injective_immersion_from_separating_family,WhitneyEmbedding.smooth_proper_function_of_noncompact
WhitneyEmbedding.finite_injective_immersion_from_separating_family,WhitneyEmbedding.injective_immersion_of_blockwise_immersions
WhitneyEmbedding.finite_injective_immersion_from_separating_family,WhitneyEmbedding.exists_uniform_dim_immersion_on_compacts
Davenport.perron_mellin_smooth_near_pole,MellinCalculus_defs
Davenport.perron_mellin_smooth_near_pole,MellinOfSmooth1a
Davenport.perron_mellin_smooth_near_pole,ResidueCalcOnRectangles_defs
Hirsch.common_face_diameter_of_dim_le_three,Hirsch.dimension_three_bound
Hirsch.common_face_diameter_of_dim_le_three,Hirsch_common_face_geometry
CircleMethod.e_eq_cos_add_sin,CircleMethod_char
MatrixCompletion.NoSpuriousMin.regularizer_perturbation_bound,MCNoSpuriousMinModel
DiazModulus.diaz_of_exp_not_real,DiazModulus
DiazModulus.diaz_of_exp_not_real,DiazModulus.diaz_of_exp_not_real_off_axes
DiazModulus.diaz_of_exp_not_real,DiazModulus.diaz_of_exp_not_real_on_axes
DiazModulus.diaz_of_exp_not_real,DiazModulus.sixExponentials_cannot_refute_candidate
DiazModulus.diaz_of_exp_not_real,DiazModulus.hermite_lindemann_holds
CannonFloydParry.exists_conj_supp_subset_Icc,CannonFloydParry
HefferonLinAlg.jordanBlocks_unique,HefferonLinAlg.jordanBlock_count_from_kernel_dims
HefferonLinAlg.jordanBlocks_unique,HefferonLinAlg_jordan
MagicSquares.semi_magic_polynomial,MagicSquares
RybinAI2026.P01.matrix_integral_inequality_integer_gram_noncollinear,RybinAI2026.P01.crossIntegral_triangle_split
RybinAI2026.P01.matrix_integral_inequality_integer_gram_noncollinear,rybin2026_p01_cross_integral
RybinAI2026.P01.matrix_integral_inequality_integer_gram_noncollinear,rybin2026_p01_matrix_integral
RybinAI2026.P01.matrix_integral_inequality_integer_gram_noncollinear,RybinAI2026.P01.crossIntegral_sum_le_max
diophantine_quadruple_extension_criterion,diophantine_descent
HarmonicBuilding.nonconstantOnSmallCircles,HarmonicBuilding.isPlanarKSHarmonicAt_minimizes_on_small_balls
HarmonicBuilding.nonconstantOnSmallCircles,frame_2026_harmonic_building_interfaces
HarmonicBuilding.nonconstantOnSmallCircles,HarmonicBuilding.constantOnBallImpliesConstant
HarmonicBuilding.nonconstantOnSmallCircles,HarmonicBuilding.constantOnCircleImpliesConstantOnBallOfMinimizing
Freiman.perron_local_difference_bound,Freiman.cfValue_finite_prefix
Freiman.perron_local_difference_bound,Freiman.perron_backward_prefix
Freiman.perron_local_difference_bound,Freiman_symbolicMarkovSpectrum
Richstein2001.even_goldbach_up_to_4e14,Richstein2001.segmented_sieve_coverage
VectorSpaceOpt.integrable_volterra_surjective,VectorSpaceOpt_optimal_control
Freiman.gap_endpoint_A_membership,Freiman.gap_extremizer_A_global
Freiman.gap_endpoint_A_membership,Freiman.gap_centered_membership
Freiman.gap_endpoint_A_membership,Freiman_gapModel
Rudin.ch05_taylor,Rudin.ch05_taylor_helper
BanditAlgorithm.linear_bandit_hypercube_minimax_lower_bound,BanditAlgorithm.bretagnolle_huber_inequality
BanditAlgorithm.linear_bandit_hypercube_minimax_lower_bound,LinearBanditProtocol
QuantumParallelRepetition.winProbabilities_bddAbove,QuantumParallelRepetition.Strategy.winProbability_le_one
QuantumParallelRepetition.winProbabilities_bddAbove,quantum_parallel_repetition_game
Hirsch.larman_high_dimension,Hirsch_model
Hirsch.larman_high_dimension,Hirsch.klee_three_dimensional_bound
Hirsch.larman_high_dimension,Hirsch.larman_dimension_step
BanditAlgorithm.bernoulliRelativeEntropy_antitone_fst,bernoulliRelativeEntropy
mme_dwz_table2_entropy_potential,mme_dwz_square_data
RybinAI2026.P16.six_unbiased_partial_hadamards,RybinAI2026.P16.extend_five_to_six_partial_hadamards
RybinAI2026.P16.six_unbiased_partial_hadamards,RybinAI2026.P16.base_five_partial_hadamards
Erdos180.degree_eq_natCard_neighborSet,erdos180_core4
riemannZetaLogDerivResidueBigO,Rectangle_defs
riemannZetaLogDerivResidueBigO,ZetaBounds_defs
riemannZetaLogDerivResidueBigO,EulerMaclaurin_defs
riemannZetaLogDerivResidueBigO,Fourier_defs
riemannZetaLogDerivResidueBigO,riemannZetaLogDerivResidue
riemannZetaLogDerivResidueBigO,ResidueCalcOnRectangles_defs
BanditAlgorithm.exp3_estimate_unbiased,exp3Policy
BanditAlgorithm.exp3_estimate_unbiased,AdversarialBandit
BertsekasDP.needle_interval_cost_average_limit,BertsekasCTModel
Devaney.quadratic_sensitiveDependence,Devaney_sigma2
Devaney.quadratic_sensitiveDependence,Devaney_conjugacy
Devaney.quadratic_sensitiveDependence,Devaney_chaos
Devaney.quadratic_sensitiveDependence,Devaney_quadratic
Freiman.background_constant_order,Freiman_cF
Freiman.background_constant_order,Freiman_wordRealization
Bochner.fourierTransform_integrable,PositiveDefinite
Bochner.fourierTransform_integrable,Bochner.fourierTransform_nonneg
LeanEval.Geometry.SpaceGroupsProblem.space_groups_sohncke_classification,LeanEval_SpaceGroups_Definitions
LeanEval.Geometry.SpaceGroupsProblem.space_groups_sohncke_classification,LeanEval.Geometry.SpaceGroupsProblem.space_groups_master_classification
diophantine_quintuple_not_b_lt_2a,diophantine_descent
Chou.exists_noFreeSubgroupOfRankTwo_not_elementaryAmenable,CannonFloydParry.not_elementaryAmenable_F
Chou.exists_noFreeSubgroupOfRankTwo_not_elementaryAmenable,CannonFloydParry.no_free_subgroup_of_rank_two
Chou.exists_noFreeSubgroupOfRankTwo_not_elementaryAmenable,Chou_ElementaryAmenable
Chou.exists_noFreeSubgroupOfRankTwo_not_elementaryAmenable,Chou_Classes
LinearOptimization_SimplexPivot,LinearOptimization_FeasibleDirection
LinearOptimization_SimplexPivot,LinearOptimization_ReducedCost
LinearOptimization_SimplexPivot,Polyhedron
Freiman.gap_forcing_application,Freiman_gapCertificateData
Freiman.gap_forcing_application,Freiman.cf_convergence
Freiman.gap_forcing_application,Freiman.gap_capped_digits
FiniteMagmaE677.fixer_unique,FiniteMagmaE677
Freiman.middle_adjacent_four_identity,Freiman_middleRoots
mme_CW_2376_choose_coupled_base_below,mme_CW_auxiliary_RHS_coupled
Erdos180.symplecticLine_eq_of_points,erdos180_core4
Erdos180.symplecticLine_eq_of_points,Erdos180.symplecticPoint_sup_finrank
Freiman.perron_arbitrary_error_control,Freiman.perron_rational_comparison_assembly
Freiman.perron_arbitrary_error_control,Freiman.cf_convergence
Freiman.perron_arbitrary_error_control,Freiman.perron_inverse_error
Freiman.perron_arbitrary_error_control,Freiman.legendre_criterion
Freiman.perron_arbitrary_error_control,Freiman.reduced_denominator_escape
Freiman.perron_arbitrary_error_control,Freiman.continuant_convergent_eq
Freiman.perron_arbitrary_error_control,Freiman.continuant_coprime
Freiman.perron_arbitrary_error_control,Freiman.integerDistance_nearest
Freiman.perron_arbitrary_error_control,Freiman_perronArithmetic
Freiman.middle_small_digit_centers,Freiman.cf_convergence
Freiman.middle_small_digit_centers,Freiman.background_period13_value
Freiman.middle_small_digit_centers,Freiman.cfValue_le_of_first_difference
Freiman.middle_small_digit_centers,Freiman_middleRoots
Davenport.siegel_of_exceptional,Davenport.norm_LFunction_le_of_re_pos
Davenport.siegel_of_exceptional,Davenport.estermann_lemma
Davenport.siegel_of_exceptional,Davenport.LFunction_ofReal_im_eq_zero
Davenport.siegel_of_exceptional,Davenport.LFunction_one_pos
Davenport.siegel_of_exceptional,Davenport.norm_LFunction_one_le
Davenport.siegel_of_exceptional,Davenport.zeta_LFunction_prod_LSeries_nonneg
subcritical_single_server_queue_eventually_couples,subcritical_stationary_workload_candidates_bddAbove
subcritical_single_server_queue_eventually_couples,single_server_queueing_stability
BanditAlgorithm.partial_monitoring_easy_sqrt_lower_bound,BanditAlgorithm.partial_monitoring_easy_geometric_alternatives_of_outside
BanditAlgorithm.partial_monitoring_easy_sqrt_lower_bound,BanditAlgorithm.partial_monitoring_sqrt_lower_of_geometric_alternatives
BanditAlgorithm.partial_monitoring_easy_sqrt_lower_bound,PartialMonitoringGame
CircleMethod.local_solubility,CircleMethod.sum_e_div_orthogonality
CircleMethod.local_solubility,CircleMethod.locDens_bound
CircleMethod.local_solubility,CircleMethod.e_zero
CircleMethod.local_solubility,CircleMethod.locDens_zero_modulus
CircleMethod.local_solubility,CircleMethod.sing_series_summable_norm
CircleMethod.local_solubility,CircleMethod.locDens_one
CircleMethod.local_solubility,CircleMethod.locDens_exponent_lt_neg_one
CircleMethod.local_solubility,Vino.e_div_congr
CircleMethod.local_solubility,CircleMethod_singpos
CircleMethod.local_solubility,CircleMethod.locDens_mul
CircleMethod.local_solubility,CircleMethod.e_add
CirclePackingConstants.c_n_seven,CirclePackingConstants
Erdos180.proposedFamily_nonempty,erdos180_core4
Erdos180.proposedFamily_nonempty,Erdos180.four_cycle_mem_proposedFamily
TaoFivePrimes.minor_arc_Linfty_dirichlet,TaoFivePrimes.S0_coe_eq_smoothedExpSum
TaoFivePrimes.minor_arc_Linfty_dirichlet,TaoFivePrimes_SmoothedExpSum
TaoFivePrimes.minor_arc_Linfty_dirichlet,TaoFivePrimes.smoothedExpSum_dirichlet_bound_005
TaoFivePrimes.minor_arc_Linfty_dirichlet,TaoFivePrimes.norm_DK_le
TaoFivePrimes.minor_arc_Linfty_dirichlet,TaoFivePrimes_ArcSplit
Erdos180.symplectic_triangle_lines_eq,erdos180_core4
Erdos180.symplectic_triangle_lines_eq,Erdos180.symplecticPoint_sup_finrank
Erdos180.symplectic_triangle_lines_eq,Erdos180.symplecticLine_eq_of_points
BanditAlgorithm.klucb_optimal_underestimation_count_bound,klucbFailureCount
WeakGoldbach.even_goldbach_to_4e18,WeakGoldbach.verified_two_primes_to_4e18
BunkbedAux.A_block_value,BunkbedAux.alt_block_sum
BunkbedAux.A_block_value,BunkbedWZSurgery
MTT.Cohomology.cuspPrimitive_analytic_relations,MTT.Cohomology.cuspPrimitive_slash_relation
MTT.Cohomology.cuspPrimitive_analytic_relations,MTT_Cohomology_Integration
Hatcher.fundamentalGroup_circle,Hatcher_Circle
Hatcher.fundamentalGroup_circle,Hatcher.loop_homotopic_omegaLoopN
Hatcher.fundamentalGroup_circle,Hatcher.omegaClass_zpow
Hirsch.common_face_larman_diameter,Hirsch.larman_bound
Hirsch.common_face_larman_diameter,Hirsch_common_face_geometry
BanditAlgorithm.pmMinimaxRegret_eq_zero_of_universally_optimal,PartialMonitoringGame
Problem97.CGN.CGN4g1_capBlock_of_supportCap,Erdos9796Counting_CGN_CGN4g
Problem97.CGN.CGN4g1_capBlock_of_supportCap,Erdos9796Counting_CGN_CGN
Problem97.CGN.CGN4g1_capBlock_of_supportCap,Erdos9796Counting_Adapter
MTT.Cohomology.integral_classes_span,MTT.Cohomology.manin_generation_span
MTT.Cohomology.integral_classes_span,MTT_Cohomology
DiazModulus.diaz_of_exp_not_real_irrational_angle_period_aligned,DiazModulus.diaz_of_exp_not_real_irrational_angle_period_aligned_norm_free
DiazModulus.diaz_of_exp_not_real_irrational_angle_period_aligned,DiazModulus
DiazModulus.diaz_of_exp_not_real_irrational_angle_period_aligned,DiazModulus.recip_pi_log_of_period_aligned
DiazModulus.diaz_of_exp_not_real_irrational_angle_period_aligned,DiazModulus.diaz_of_exp_not_real_irrational_angle_period_aligned_norm_rat_mult
DiazModulus.diaz_of_exp_not_real_irrational_angle_period_aligned,DiazModulus.recip_pi_not_log
SP4Mission.smooth_poincare_4,SP4Sphere
mme_CW_subrank_capacity_lower,mme_HasTauValueAtLeast_mono_tau
mme_CW_subrank_capacity_lower,mme_tau_value_le_of_asymptoticRank_le
mme_CW_subrank_capacity_lower,mme_CW_laser_witness
mme_CW_subrank_capacity_lower,mme_subrank_capacity
mme_CW_subrank_capacity_lower,mme_CW_tensor
mme_CW_subrank_capacity_lower,mme_tensor_bridge
mme_CW_subrank_capacity_lower,mme_laser_value_lower_bound
Problem97.CGN.capPairApexes_mem_edgeAt_packet,Erdos9796Counting_Dumitrescu_L6
Problem97.CGN.capPairApexes_mem_edgeAt_packet,Erdos9796Counting_CGN_CGN
Problem97.CGN.capPairApexes_mem_edgeAt_packet,Erdos9796Counting_Adapter
ErdosStraus242.hard_core_840_after_mod11_mod19_mod23_mod31,ErdosStraus242.family_mod43
ErdosStraus242.hard_core_840_after_mod11_mod19_mod23_mod31,ErdosStraus242.hard_core_840_after_mod11_mod19_mod23_mod31_mod43
ErdosStraus242.hard_core_840_after_mod11_mod19_mod23_mod31,ErdosStraus242
TreatmentLocalityEstimator,MarkovChainPathMeasure
TreatmentLocalityEstimator,MarkovAsymptoticVariance
TreatmentLocalityEstimator,TreatmentLocality
Erdos9796Counting_Moser_TriangleNonObtuse,Erdos9796Counting_Moser_Triangle
Erdos9796Counting_Moser_TriangleNonObtuse,Erdos9796Counting_Adapter
mme_dwz_hole_lemma_cover_core,mme_dwz_hole_cover_data
sgl_clog_loop,sgl_casc_loop
sgl_clog_loop,sgl_half_walk
sgl_clog_loop,sgl_left_loop
Rudin.ch03_riemann_rearrangement,Rudin_ch03_series
Chou.elementaryAmenable_iff_constructible,Chou_ElementaryAmenable
Chou.elementaryAmenable_iff_constructible,Chou_Classes
mme_dwz_source_aligned_broken_address_projection_certificate,mme_dwz_source_aligned_broken_obj
Problem97.signedArea_prod_eq_inner_mul_dist_sq,Erdos9796Counting_Foundation
Problem97.signedArea_prod_eq_inner_mul_dist_sq,Erdos9796Counting_Adapter
mme_dwz_square_rate_power_eq_retained_mul_component_product,mme_dwz_table2_component_endpoint_product_eq_rate
mme_dwz_square_rate_power_eq_retained_mul_component_product,mme_dwz_square_data
mme_dwz_square_rate_power_eq_retained_mul_component_product,mme_dwz_table2_integer_counts
MatrixCompletion.NoSpuriousMin.no_spurious_local_minimum_corrected,MatrixCompletion.NoSpuriousMin.optimality_conditions
MatrixCompletion.NoSpuriousMin.no_spurious_local_minimum_corrected,MatrixCompletion.NoSpuriousMin.alignment_exists
MatrixCompletion.NoSpuriousMin.no_spurious_local_minimum_corrected,MatrixCompletion.NoSpuriousMin.row_norms_of_factorization
MatrixCompletion.NoSpuriousMin.no_spurious_local_minimum_corrected,MatrixCompletion.NoSpuriousMin.K_superlevel_bound_corrected
MatrixCompletion.NoSpuriousMin.no_spurious_local_minimum_corrected,MCNoSpuriousMinModel
markov_entanglement_policy,markov_entanglement_multi
BunkbedFalse.gadget_eq1_at_half,BunkbedFalse.hyperedge_simulation
BunkbedFalse.gadget_eq1_at_half,BunkbedPercolation
BunkbedFalse.gadget_eq1_at_half,BunkbedFalse.gadget_partition_bound
OddPerfectNumber.no_dris_nine_s_eq_one,OddPerfectNumber.prime_and_exp_mod_sixteen_of_sigma_eq_two_mul_sq
BanditAlgorithm.best_arm_identification_stopping_change_of_measure,BanditTrajectory
BanditAlgorithm.best_arm_identification_stopping_change_of_measure,BanditAlgorithm.bandit_stopped_binary_testing_information_lower_bound
monopoly_revenue_le_integral_pos_part,monopoly_pricing
RybinAI2026.P16.projectiveToricMUBDesign36_exists,mub6_projective_toric_design
TarchaBraids.thm_3_11_half_twists_generate,BraidsLinksMCG_ConfigSpace
TarchaBraids.thm_3_11_half_twists_generate,TarchaBraids_HalfTwist
TarchaBraids.thm_3_11_half_twists_generate,BraidsLinksMCG_ArtinBraidGroup
Erdos146.hammingExpectedRetainedEdgeCount_eq,erdos146_core2
Erdos146.hammingExpectedRetainedEdgeCount_eq,Erdos146.hammingWordEdge_sum_const
Erdos146.hammingExpectedRetainedEdgeCount_eq,Erdos146.hammingRetentionMeasure_real_contains_pair
mme_CW_tensor,mme_tensor
mme_CW_three_canonical_support,mme_dwz_cw_square_fine_split_grading
Rudin.ch10_pullback_extDeriv,Rudin_ch10_forms
SipserGacsLautemann.polynomial_time_verifier_aggregation,sgl_mul_loop
SipserGacsLautemann.polynomial_time_verifier_aggregation,sgl_block_counting
SipserGacsLautemann.polynomial_time_verifier_aggregation,sgl_dpt_congr
SipserGacsLautemann.polynomial_time_verifier_aggregation,sgl_first_halt
SipserGacsLautemann.polynomial_time_verifier_aggregation,sgl_split_walk
SipserGacsLautemann.polynomial_time_verifier_aggregation,SipserGacsLautemann.ternary_amplified_verifier_decides_in_polynomial_time
SipserGacsLautemann.polynomial_time_verifier_aggregation,sipser_gacs_lautemann
SipserGacsLautemann.polynomial_time_verifier_aggregation,sgl_provision
SipserGacsLautemann.polynomial_time_verifier_aggregation,sgl_casc_final
SipserGacsLautemann.polynomial_time_verifier_aggregation,sgl_clog_loop
SipserGacsLautemann.polynomial_time_verifier_aggregation,sgl_clean_agree
SipserGacsLautemann.polynomial_time_verifier_aggregation,sgl_verdict_write
SipserGacsLautemann.polynomial_time_verifier_aggregation,sgl_poly_bounds
SipserGacsLautemann.polynomial_time_verifier_aggregation,SipserGacsLautemann.cover_verifier_decides_in_polynomial_time
SipserGacsLautemann.polynomial_time_verifier_aggregation,sgl_clock_poly
SipserGacsLautemann.polynomial_time_verifier_aggregation,sgl_verifier_constructions
BookSixth.polynomial_zero_bound,BookSixth
flt5_descent_from_pow4,flt5_coprime_wv
flt5_descent_from_pow4,flt5_descent_construction
Freiman.upper_padding_upper_bound,Freiman_upperModel
Erdos287.max_gap_ge_three,Erdos287.mixed_gap_core
Erdos287.max_gap_ge_three,Erdos287.two_unit_gaps
MarkovMixing.hypercube_lower_bound,mm_lower
MarkovMixing.hypercube_lower_bound,MarkovMixing.distinguishing_statistic_nondegenerate
FCP.BatemanHorn.bateman_horn_conjecture,FCP_BatemanHorn
Freiman.upper_symbolic_realization,Freiman.upper_model_exists
Freiman.upper_symbolic_realization,Freiman.upper_model_symbolic
Freiman.upper_symbolic_realization,Freiman_upperModel
Hirsch.target_face_access_of_parallel_neutral_normals,Hirsch_model
Hirsch.target_face_access_of_parallel_neutral_normals,Hirsch.larman_bound
Hirsch.target_face_access_of_parallel_neutral_normals,Hirsch.vertex_tight_rows_span
exp4Policy,exp3Policy
PoincareFormalization.persistent_profiles_of_not_homeomorph_sphere,OpenGA.eventually_width_slope_lt_of_comparison
PoincareFormalization.persistent_profiles_of_not_homeomorph_sphere,OpenGA_ScalarWidthTrace
PoincareFormalization.persistent_profiles_of_not_homeomorph_sphere,PoincareFormalization.persistent_comparison_data_of_not_homeomorph_sphere
mme_dwz_square_component_log_rate_23747_gt_442868,mme_dwz_square_data
CirclePackingConstants.c_n_twenty_five,CirclePackingConstants
Freiman.separated_copies_exist,Freiman_wordRealization
mme_dwz_q6_112_exact_address_allowed_histogram,mme_dwz_q6_112_exact_profile_data
mme_dwz_q6_112_exact_address_allowed_histogram,mme_CW_q6_primary_hash_family
mme_dwz_q6_112_exact_address_allowed_histogram,mme_dwz_table2_integer_counts
HairerSPDE.exists_memLp_two_representer_of_finite_norm,HairerSPDE.exists_memLp_representer_of_bounded_eval
HairerSPDE.exists_memLp_two_representer_of_finite_norm,HairerSPDE_CameronMartin
HairerSPDE.exists_memLp_two_representer_of_finite_norm,HairerSPDE.evalAt_bounded_of_finite_cameronMartinNorm
mme_spectrum,mme_strassen_preorder
sgl_clean_agree,sgl_traj_margin
CollatzMission.bounded_orbit_of_avoids_one,CollatzMission
CollatzMission.bounded_orbit_of_avoids_one,collatz_iterate_pos
CollatzMission.bounded_orbit_of_avoids_one,collatz_descent
CollatzMission.bounded_orbit_of_avoids_one,collatzStepMap
ExcursionCoupling.coupling_eq_on_atom_pairs,ExcursionCoupling.pairedRoutes_isMonotoneArchSet
ExcursionCoupling.coupling_eq_on_atom_pairs,ExcursionCoupling.coupling_eq_on_non_atom_pairs
ExcursionCoupling.coupling_eq_on_atom_pairs,ExcursionCoupling.coupling_eq_on_open_column
ExcursionCoupling.coupling_eq_on_atom_pairs,ExcursionCoupling.coupling_eq_on_halfopen_column
ExcursionCoupling.coupling_eq_on_atom_pairs,excursion_coupling
HarmonicBuildingKL.constantDistanceOrderDenominatorWD,frame_2026_harmonic_building_conical
HarmonicBuildingKL.constantDistanceOrderDenominatorWD,spherical_great_circle
HarmonicBuildingKL.constantDistanceOrderDenominatorWD,euclidean_building_directions
Freiman.gap_maximum_reflected,Freiman.gap_reflect_match
Freiman.gap_maximum_reflected,Freiman.gap_reflect_capped
Freiman.gap_maximum_reflected,Freiman_gapModel
Freiman.gap_maximum_reflected,Freiman.gap_maximum_bound
Freiman.gap_maximum_reflected,Freiman.gap_reflection
mme_integer_regional_recipe_compilation,mme_integer_regional_CW_recipe
mme_integer_regional_recipe_compilation,mme_integer_regional_step_realization
RybinAI2026.P01.crossIntegral_add_harmonic,rybin2026_p01_cross_integral
Rudin.ch10_stokes,Rudin.ch10_stokes_simplex
Rudin.ch10_stokes,Rudin.ch10_stokes_surface
Rudin.ch10_stokes,Rudin.ch10_pullback_integral
Rudin.ch10_stokes,Rudin.ch10_pullback_extDeriv
Rudin.ch10_stokes,Rudin_ch10_forms
ExcursionCoupling.lintegral_crossingMultiplicity_eq_two,ExcursionCoupling.Fsigma_eVariationOn_eq_of_mutuallySingular
ExcursionCoupling.lintegral_crossingMultiplicity_eq_two,ExcursionCoupling.total_variation_eq_integral_indicatrix
ExcursionCoupling.lintegral_crossingMultiplicity_eq_two,JuilletExcursionCoupling
ExcursionCoupling.lintegral_crossingMultiplicity_eq_two,ExcursionCoupling.crossing_count_measurable
ExcursionCoupling.eVariationOn_le_lintegral_levelSet_count,ExcursionCoupling.generalized_intermediate_value_theorem
ExcursionCoupling.eVariationOn_le_lintegral_levelSet_count,excursion_coupling
BanditAlgorithm.adversarial_bandit_exp3_regret_bound,exp3Policy
BanditAlgorithm.adversarial_bandit_exp3_regret_bound,BanditAlgorithm.exp3_expected_regret_generic_bound
BanditAlgorithm.adversarial_bandit_exp3_regret_bound,AdversarialBandit
Smooth1Nonneg,MellinCalculus_defs
Smooth1Nonneg,DeltaSpikeNonNeg_of_NonNeg
AGT.arrow_theorem,agt_social
mme_recursive_profiled_CW_boundary_end,mme_kronFin_family_mode_map_basis_data
mme_recursive_profiled_CW_boundary_end,mme_recursive_profiled_CW_data
mme_recursive_profiled_CW_boundary_end,mme_recursive_yz_boundary_actual_matrix_extraction
mme_recursive_profiled_CW_boundary_end,mme_recursive_yz_actual_cell_product_restriction
mme_recursive_profiled_CW_boundary_end,mme_basis_projected_family_restrict
mme_recursive_profiled_CW_boundary_end,mme_kronFin_MMObj_iso
Devaney.quadratic_chaotic_lambda,Devaney_sigma2
Devaney.quadratic_chaotic_lambda,Devaney.quadratic_exists_dense_orbit
Devaney.quadratic_chaotic_lambda,Devaney_conjugacy
Devaney.quadratic_chaotic_lambda,Devaney.lambda_isCantorSet
Devaney.quadratic_chaotic_lambda,Devaney_chaos
Devaney.quadratic_chaotic_lambda,Devaney.quadratic_dense_per
Devaney.quadratic_chaotic_lambda,Devaney.quadratic_sensitiveDependence
Devaney.quadratic_chaotic_lambda,Devaney_quadratic
BookSixth.crossing_free_subset_edge_bound,BookSixth
Erdos180.flipBooleanColor_self,erdos180_core4
Freiman.lower_refinement_alternative,Freiman.lower_dependent_path
Freiman.lower_refinement_alternative,Freiman_lowerCertificates
Freiman.lower_refinement_alternative,Freiman.lower_one_step
binomial_lower_tail_at_integer_mean_ge_half,binomial_full_sum_eq_one
binomial_lower_tail_at_integer_mean_ge_half,matrix_completion_fixed_cardinality
binomial_lower_tail_at_integer_mean_ge_half,binomial_upper_strict_tail_le_half
opg37364_cut_pairs,opg37364_matching_cuts
ClockRoPE.rfr_estimator_unbiased_v2,PositiveDefiniteKernel
ClockRoPE.rfr_estimator_unbiased_v2,RandomFourierRotation
ClockRoPE.rfr_estimator_unbiased_v2,ClockRoPE.fourierTransform_bochner_inversion
VectorSpaceOpt.euler_lagrange_equation,VectorSpaceOpt_isC1OnSegment
Diaz.algebraic_of_axis,Diaz_Closure
Diaz.algebraic_of_axis,Diaz.normal_form
Diaz.algebraic_of_axis,Diaz_Instantiation
BookSixth.bregman_minc_geometric_mean,BregmanMincWeights
SymplecticFreeModules.not_simple_on_exceptional,frame_2026_symplectic_free_modules_interfaces
EulerMascheroni.Mixed.scalar_operator_minimal,EulerMascheroni.Mixed.formal_e_functional_independence
EulerMascheroni.Mixed.scalar_operator_minimal,eulerScalarEquation
EulerMascheroni.Mixed.scalar_operator_minimal,EulerMascheroni.Mixed.formal_e_system_equations
Hirsch.naddef_zero_one_bound,BasicSolution
Hirsch.naddef_zero_one_bound,Vertex
Hirsch.naddef_zero_one_bound,ActiveConstraints
Hirsch.naddef_zero_one_bound,Hirsch_model
Hirsch.naddef_zero_one_bound,LinearOptimization.lp_basic_solutions_finite
Hirsch.naddef_zero_one_bound,LinearOptimization.lp_vertex_extreme_bfs_equiv
MarkovChainCLT.tendsto_inv_mul_integral_sq_partialSum,MixingCoefficients
BanditAlgorithm.partial_monitoring_sqrt_lower_of_geometric_alternatives,BanditAlgorithm.pmStochMeasure_kl_toReal_le_expected_outside_count
BanditAlgorithm.partial_monitoring_sqrt_lower_of_geometric_alternatives,BanditAlgorithm.pmSignalMeasure_eq_symmetric_perturbation_of_fiber_sum
BanditAlgorithm.partial_monitoring_sqrt_lower_of_geometric_alternatives,BanditAlgorithm.pmStochPseudoRegret_le_worst_pmRegret
BanditAlgorithm.partial_monitoring_sqrt_lower_of_geometric_alternatives,BanditAlgorithm.pmStochPseudoRegret_pair_tradeoff_of_uniform_kl_bound
BanditAlgorithm.partial_monitoring_sqrt_lower_of_geometric_alternatives,BanditAlgorithm.pmSignalMeasure_kl_le_symmetric_perturbation
BanditAlgorithm.partial_monitoring_sqrt_lower_of_geometric_alternatives,PartialMonitoringGame
mme_dwz_table2_broken_copy_transport_to_standard,mme_dwz_grouped_allowed_component_words
mme_dwz_table2_broken_copy_transport_to_standard,mme_dwz_standard_labelled_z_blocks
mme_dwz_table2_broken_copy_transport_to_standard,mme_dwz_table2_useful_block
mme_dwz_table2_broken_copy_transport_to_standard,mme_dwz_hole_cover_data
mme_recursive_yz_boundary_actual_matrix_extraction,mme_recursive_yz_boundary_exact_code_card
mme_recursive_yz_boundary_actual_matrix_extraction,mme_restrict_basisAllAllowedSubtensor_of_vanishes
mme_recursive_yz_boundary_actual_matrix_extraction,mme_recursive_yz_boundary_data
Erdos146.pairGraphOverFin_forall_exists_adj,Erdos146.pairGraphOverFin_connected
Erdos146.pairGraphOverFin_forall_exists_adj,erdos146_core2
mme_stothers_fourth_data,mme_CW_square_canonical_grading
OddPerfectNumber.no_odd_perfect_k_one_odd_m,OddPerfectNumber.k_one_sigma_bridge
OddPerfectNumber.no_odd_perfect_k_one_odd_m,OddPerfectNumber.k_one_sigma_diophantine
EulerMascheroni.Mixed.decaying_algebraic_mixed_quotient_conjecture,eulerMascheroni_mixedCoefficients
KerrBL.ginv_mul_g_Kerr,KerrBL_Kerr_Metric
HairerSPDE.charFunDual_map_add,HairerSPDE_CameronMartin
bernoulli_least_squares_certificate_normal_bound_under_general_sample_bound,least_squares_certificate_normal_bound_from_neumann_term_bounds_pos
bernoulli_least_squares_certificate_normal_bound_under_general_sample_bound,matrix_completion_tangent
bernoulli_least_squares_certificate_normal_bound_under_general_sample_bound,matrix_completion_neumann
bernoulli_least_squares_certificate_normal_bound_under_general_sample_bound,quadratic_neumann_correction_small_under_general_sample_bound
bernoulli_least_squares_certificate_normal_bound_under_general_sample_bound,bernoulli_tangent_sampling_concentration_under_general_sample_bound
bernoulli_least_squares_certificate_normal_bound_under_general_sample_bound,neumann_certificate_remainder_small_under_general_sample_bound
bernoulli_least_squares_certificate_normal_bound_under_general_sample_bound,sample_ratio_between_zero_and_one
bernoulli_least_squares_certificate_normal_bound_under_general_sample_bound,sampled_sign_matrix_neumann_term_small_under_general_sample_bound
bernoulli_least_squares_certificate_normal_bound_under_general_sample_bound,linear_neumann_correction_small_under_general_sample_bound
FiniteGreenVariationalEnergyV1.zeroCouplingControl,FiniteGreenVariationalEnergyV1
BanditAlgorithm.partial_monitoring_globally_observable_unit_hard_upper,BanditAlgorithm.partial_monitoring_algorithm26_master_bound
BanditAlgorithm.partial_monitoring_globally_observable_unit_hard_upper,BanditAlgorithm.pmMinimaxRegret_le_policy_of_unit_losses
BanditAlgorithm.partial_monitoring_globally_observable_unit_hard_upper,BanditAlgorithm.pmPsi_le_quadratic
BanditAlgorithm.partial_monitoring_globally_observable_unit_hard_upper,BanditAlgorithm.partial_monitoring_globally_observable_bounded_vector_estimator
GameSetMatch.majorityAdv_eq_centralBinom_sum,GameSetMatch.majorityAdv_odd_succ_sub
GameSetMatch.majorityAdv_eq_centralBinom_sum,GameSetMatchInternal
GameSetMatch.majorityAdv_eq_centralBinom_sum,GameSetMatch.majorityAdv_even_eq
VectorSpaceOpt.pseudoinverse_identities,VectorSpaceOpt_pseudoinverse_predicate
ConvexOptimization.kkt_iff_optimal_slater,ConvexOptimization.slater_strong_duality
ConvexOptimization.kkt_iff_optimal_slater,ConvexOptimization.kkt_sufficient_for_convex
ConvexOptimization.kkt_iff_optimal_slater,ConvexOptimization_IsKKTPoint
ConvexOptimization.kkt_iff_optimal_slater,ConvexOptimization.complementary_slackness
ConvexOptimization.kkt_iff_optimal_slater,ConvexOptimization_lagrangeDuality
ConvexOptimization.kkt_iff_optimal_slater,ConvexOptimization.lagrangian_saddle_iff_strong_duality
markov_entanglement_bellman_q_error_of_local_tv,markov_entanglement
PachDeZeeuw.Algebraic.primitive_nonvertical_pair_intersection_bound,PachDeZeeuw.Algebraic.eval_eq_specialized_eval
PachDeZeeuw.Algebraic.primitive_nonvertical_pair_intersection_bound,PachDeZeeuw.Algebraic.finite_coeff_roots_of_ne_zero
PachDeZeeuw.Algebraic.primitive_nonvertical_pair_intersection_bound,PachDeZeeuw.Algebraic.degreeOf_resultant_le
PachDeZeeuw.Algebraic.primitive_nonvertical_pair_intersection_bound,PachDeZeeuw.Algebraic.fiber_ncard_le_max_totalDegree
PachDeZeeuw.Algebraic.primitive_nonvertical_pair_intersection_bound,PachDeZeeuw.Algebraic.resultant_ne_zero_of_isRelPrime_primitive_curry
PachDeZeeuw.Algebraic.primitive_nonvertical_pair_intersection_bound,PachDeZeeuw.Algebraic.mem_PlaneCurveZeroSet
PachDeZeeuw.Algebraic.primitive_nonvertical_pair_intersection_bound,PachDeZeeuw.Algebraic.coeffEval_eq_eval_XCoeffEquiv
PachDeZeeuw.Algebraic.primitive_nonvertical_pair_intersection_bound,PdzBezout
PachDeZeeuw.Algebraic.primitive_nonvertical_pair_intersection_bound,PachDeZeeuw.Algebraic.not_both_specializations_zero_of_isRelPrime
diffusion,uniformSuperposition
mme_CW_square_laser_value_2376_of_coupled,mme_CW_auxiliary_RHS_one_le
mme_CW_square_laser_value_2376_of_coupled,mme_CW_auxiliary_RHS
mme_CW_square_laser_value_2376_of_coupled,mme_CW_square_laser_2376_cofinal_extraction_of_coupled
mme_CW_square_laser_value_2376_of_coupled,mme_kron_self_kronPow_isomorphic
mme_CW_square_laser_value_2376_of_coupled,mme_CW_tensor
mme_CW_square_laser_value_2376_of_coupled,mme_CW_coupled_value
mme_CW_square_laser_value_2376_of_coupled,mme_HasTauValueAtLeast_of_cofinal_finite_extractions
Freiman.attain_limsup_by_shift,Freiman_symbolicMarkovSpectrum
Freiman.attain_limsup_by_shift,Freiman.shifted_words_subsequence
Freiman.attain_limsup_by_shift,Freiman.localValue_coordinate_limit
Freiman.attain_limsup_by_shift,Freiman.localValue_shift
Freiman.attain_limsup_by_shift,Freiman.localValue_shift_limit_le
Freiman.attain_limsup_by_shift,Freiman.eventual_digits_bounded
Freiman.attain_limsup_by_shift,Freiman.limsup_subsequence
Erdos9796FiniteNine.single_apex_exhaustion,Erdos9796Counting_Dumitrescu_L6
Erdos9796FiniteNine.single_apex_exhaustion,Problem97.signedArea2_eq_zero_iff_collinear
Erdos9796FiniteNine.single_apex_exhaustion,Erdos9796Counting_CGN_CGN6
Erdos9796FiniteNine.single_apex_exhaustion,Problem97.MEC.not_collinear_of_three_dist_eq
Erdos9796FiniteNine.single_apex_exhaustion,Problem97.MEC.no_diameter_under_k4
Erdos9796FiniteNine.single_apex_exhaustion,Problem97.ConvexIndep.not_collinear_of_card_ge_three
Erdos9796FiniteNine.single_apex_exhaustion,Erdos9796Counting_Cap_PartitionFromMEC
Erdos9796FiniteNine.single_apex_exhaustion,Problem97.exists_cut_sorted_enumeration_of_convexIndep
Erdos9796FiniteNine.single_apex_exhaustion,Problem97.CGN.CGN6norm_minorCapChainModel_of_mecCapPacket
Erdos9796FiniteNine.single_apex_exhaustion,Problem97.collinear_of_signedArea2_eq_zero
Erdos9796FiniteNine.single_apex_exhaustion,Erdos9796Counting_MEC_ArcAngle
Erdos9796FiniteNine.single_apex_exhaustion,Problem97.Dumitrescu.three_cap_decomposition
Erdos9796FiniteNine.single_apex_exhaustion,Problem97.inner_chord_eq_two_mul_inner_midpoint
Erdos9796FiniteNine.single_apex_exhaustion,Erdos9796Counting_CGN_CGN4g
Erdos9796FiniteNine.single_apex_exhaustion,Problem97.signedArea2_sign_eq_oangle_sign
Erdos9796FiniteNine.single_apex_exhaustion,Problem97.center_same_side_as_apex_of_nonobtuse
Erdos9796FiniteNine.single_apex_exhaustion,Erdos9796Counting_CGN_CGN
Erdos9796FiniteNine.single_apex_exhaustion,Problem97.CGN.CGN4g_strictCapBlockData_of_supportCap_oriented
Erdos9796FiniteNine.single_apex_exhaustion,Problem97.CGN.CGN6b_nonacute_of_minorCapChainCoords
Erdos9796FiniteNine.single_apex_exhaustion,Erdos9796Counting_ConvexCyclicOrder_Construct
Erdos9796FiniteNine.single_apex_exhaustion,Erdos9796Counting_Adapter
Erdos9796FiniteNine.single_apex_exhaustion,Erdos9796FiniteNine_N8Interface
Erdos9796FiniteNine.single_apex_exhaustion,Erdos9796Counting_Cap_Partition
Erdos9796FiniteNine.single_apex_exhaustion,Erdos9796Counting_IsoscelesCount
Erdos9796FiniteNine.single_apex_exhaustion,Problem97.affineSpan_eq_top_of_not_collinear
Erdos9796FiniteNine.single_apex_exhaustion,Problem97.ConvexIndep.not_wbtw
Erdos9796FiniteNine.single_apex_exhaustion,Erdos9796Counting_CircumscribedMECPacket
Erdos9796FiniteNine.single_apex_exhaustion,Problem97.isCcwConvexPolygon_of_cut_sorted_arcAngle
Erdos9796FiniteNine.single_apex_exhaustion,Problem97.card_ge_five_of_K4
Erdos9796FiniteNine.single_apex_exhaustion,Problem97.MEC.exists_nonobtuse_circumscribed_triple
MTT_Cohomology_Boundary,MTT_Cohomology
Freiman.middle_interval_upper,Freiman_gapThreshold
Freiman.middle_interval_upper,Freiman_lagrangeSpectrum
Freiman.middle_interval_upper,Freiman.upper_ray
Freiman.middle_interval_upper,Freiman.constant_order
CircleMethod.norm_e_sub_one_ge,CircleMethod.abs_sin_pi_mul
CircleMethod.norm_e_sub_one_ge,CircleMethod.two_mul_le_sin_pi_mul
CircleMethod.norm_e_sub_one_ge,CircleMethod.nrm_le_half
CircleMethod.norm_e_sub_one_ge,CircleMethod.norm_e_sub_one
CircleMethod.norm_e_sub_one_ge,CircleMethod_char
CircleMethod.norm_e_sub_one_ge,CircleMethod.nrm_nonneg
mme_omega_le_of_subrank_capacity_poly,mme_subrank_capacity_poly
mme_omega_le_of_subrank_capacity_poly,mme_degenerates_asymptoticRank_le
mme_omega_le_of_subrank_capacity_poly,mme_subrankCapacityPoly_witness
mme_omega_le_of_subrank_capacity_poly,mme_omega_pos
mme_omega_le_of_subrank_capacity_poly,mme_asymptotic_sum_inequality
mme_omega_le_of_subrank_capacity_poly,mme_borderRank_kronPow_le
mme_omega_le_of_subrank_capacity_poly,mme_holder_subexp_capacity_omega_bound
mme_omega_le_of_subrank_capacity_poly,mme_degeneration
mme_omega_le_of_subrank_capacity_poly,mme_omega_strassen
Hirsch.hpoly_diameter_le_excess_of_projectively_hidden_small_row_blocks,Hirsch.hpoly_diameter_le_excess_of_independent_small_row_blocks
Hirsch.hpoly_diameter_le_excess_of_projectively_hidden_small_row_blocks,Hirsch_model
OPG1808.root_problem,opg1808_colored_tournaments
CircleMethod.minor_arc_bound,CircleMethod.weyl_inequality
CircleMethod.minor_arc_bound,CircleMethod_waring
Erdos180.subdivisionGraph_base_pair_adj,erdos180_core4
SmoothExistence,Function.support_id_prime
PachDeZeeuw.Algebraic.nonsingular_point_has_infinite_zeroSet_of_partial1,PachDeZeeuw.Algebraic.eval_eq_specialized_eval
PachDeZeeuw.Algebraic.nonsingular_point_has_infinite_zeroSet_of_partial1,PdzBezout
Erdos9796FiniteNine.form_b_v1,Erdos9796FiniteNine_N4dPackets
Erdos9796FiniteNine.form_b_v1,Erdos9796FiniteNine_N4dFormBBranchSupport
Erdos9796FiniteNine.form_b_v1,Erdos9796FiniteNine.n4d_formb_branch
Erdos9796FiniteNine.form_b_v1,Erdos9796FiniteNine.n4e_core
Erdos9796FiniteNine.form_b_v1,Erdos9796FiniteNine_N8Interface
PrimalDualOnline.SkiRental.lp_optimum_box,PrimalDualOnline_SkiRentalAlg
PrimalDualOnline.SkiRental.lp_optimum_box,PrimalDualOnline_SkiRentalLP
MatrixCompletion.NoSpuriousMin.regularizer_gradient,MCNoSpuriousMinModel
MatrixCompletion.NoSpuriousMin.row_norms_of_factorization,MCNoSpuriousMinModel
Erdos180.four_cycle_mem_proposedFamily,erdos180_core4
Erdos180.four_cycle_mem_proposedFamily,Erdos180.proposedFamily_mem_iff
LeanEval.Geometry.SpaceGroupsProblem.space_groups_OP_classification,LeanEval_SpaceGroups_Definitions
LeanEval.Geometry.SpaceGroupsProblem.space_groups_OP_classification,LeanEval.Geometry.SpaceGroupsProblem.space_groups_master_classification
Erdos180.subdivisionLine_bases_disjoint,erdos180_core4
Erdos180.subdivisionLine_bases_disjoint,Erdos180.subdivisionLine_pair_incidence
Erdos180.subdivisionLine_bases_disjoint,Erdos180.symplecticLine_eq_of_points
Erdos180.subdivisionLine_bases_disjoint,Erdos180.symplectic_triangle_lines_eq
PachDeZeeuw.Algebraic.curry_isRelPrime_of_nonassociated_irreducibles,PdzPrelim
mme_induced_graded_address_blocks_restrict,mme_induced_word_zeroing
CircleMethod.sing_series_tail_bound,CircleMethod_waring
CircleMethod.sing_series_tail_bound,CircleMethod_weylsum
Hirsch.kalai_kleitman_recursion,BasicSolution
Hirsch.kalai_kleitman_recursion,Vertex
Hirsch.kalai_kleitman_recursion,ActiveConstraints
Hirsch.kalai_kleitman_recursion,Hirsch_model
Hirsch.kalai_kleitman_recursion,LinearOptimization.lp_basic_solutions_finite
Hirsch.kalai_kleitman_recursion,LinearOptimization.lp_vertex_extreme_bfs_equiv
ShiShallow.IsLocal.diag_congr,ShiShallow_Circuit
ShiShallow.IsLocal.diag_congr,ShiShallow_Operator
HairerSPDE.cameronMartinNorm_eq_top,HairerSPDE_CameronMartin
FiniteGreenVariationalEnergyV1.claimBoundary,FiniteGreenVariationalEnergyV1.closedResidualOrthogonality
FiniteGreenVariationalEnergyV1.claimBoundary,FiniteGreenVariationalEnergyV1
FiniteGreenVariationalEnergyV1.claimBoundary,FiniteGreenVariationalEnergyV1.pythagoras
FiniteGreenVariationalEnergyV1.claimBoundary,FiniteGreenVariationalEnergyV1.zeroCouplingControl
FiniteGreenVariationalEnergyV1.claimBoundary,FiniteGreenVariationalEnergyV1.canonicalPoisson
FiniteGreenVariationalEnergyV1.claimBoundary,FiniteGreenVariationalEnergyV1.canonicalGreenNorm
FiniteGreenVariationalEnergyV1.claimBoundary,FiniteGreenVariationalEnergyV1.vortexEnergyDecomposition
FiniteGreenVariationalEnergyV1.claimBoundary,FiniteGreenVariationalEnergyV1.zeroVorticityControl
FiniteGreenVariationalEnergyV1.claimBoundary,FiniteGreenVariationalEnergyV1.vortexMinimumEnergy
AGT.single_parameter_characterization,agt_mechanism
Freiman_middleRoots,Freiman_middleCover
PachDeZeeuw.Algebraic.irreducible_has_nonzero_partial,PdzBezout
ConvexOptimization.newton_two_phase_iteration_bound,ConvexOptimization.strong_convexity_quadratic_lower_bound
ConvexOptimization.newton_two_phase_iteration_bound,ConvexOptimization.hessian_lower_bound_implies_strong_convexity
ConvexOptimization.newton_two_phase_iteration_bound,ConvexOptimization.backtracking_selects_unit_of_armijo
ConvexOptimization.newton_two_phase_iteration_bound,ConvexOptimization.newton_damped_phase_decrease
ConvexOptimization.newton_two_phase_iteration_bound,ConvexOptimization_IsDampedNewtonSequence
ConvexOptimization.newton_two_phase_iteration_bound,ConvexOptimization.newton_quadratic_phase_contraction
ConvexOptimization.newton_two_phase_iteration_bound,ConvexOptimization_IsBacktrackingStep
ConvexOptimization.newton_two_phase_iteration_bound,ConvexOptimization.two_phase_iteration_count_of_suboptimality
PachDeZeeuw.Algebraic.coeffEval_eq_eval_XCoeffEquiv,PdzPrelim
BanditAlgorithm.bandit_asymptotic_ucb_pull_count_failure_split,asymptoticUcbFailureCount
ZengPryadkoConjecture18Counterexample.strictGapDataExists,ZengPryadkoConjecture18Counterexample
MarkovChainCLT.integral_sq_scaled_sampleAvg_le,ProbabilityTheory.integrable_of_integrable_sq
MarkovChainCLT.integral_sq_scaled_sampleAvg_le,MarkovChainPathMeasure
MarkovChainCLT.integral_sq_scaled_sampleAvg_le,MarkovChainCLT.integral_sq_sum_coord_le_of_sq_integrable
MarkovChainCLT.integral_sq_scaled_sampleAvg_le,MarkovErgodicity
diophantine_quintuple_abde_irregular,diophantine_descent
diophantine_quintuple_abde_irregular,diophantine_quintuple_fujita_regular
collatz_cycle_has_odd,collatz_iterate_pos
collatz_cycle_has_odd,collatzStepMap
QuantumParallelRepetition.Strategy.winProbability_relabel,quantum_parallel_repetition_game
QuantumParallelRepetition.Strategy.winProbability_relabel,qpr_alphabet_relabelling
QuantumParallelRepetition.Strategy.winProbability_relabel,QuantumParallelRepetition.Strategy.outcomeProbability_relabel
LinearOptimization.farkas_inequality_form_fintype,LinearOptimization.farkas_inequality_form
Vino.singTerm_prod_primes,Vino.singTerm_mul_coprime
Vino.singTerm_prod_primes,Vino.singTerm_one
Vino.singTerm_prod_primes,Vino_ramanujan
LinearOptimization.lp_optimal_extreme_point,LinearOptimization.lp_extreme_point_optimality
LinearOptimization.lp_optimal_extreme_point,Polyhedron
QuantumParallelRepetition.pdf_distributionUniformExponential_of_uniform_source_rounding,QuantumParallelRepetition.answerLogCost_nonneg_of_postselection
QuantumParallelRepetition.pdf_distributionUniformExponential_of_uniform_source_rounding,quantum_parallel_repetition_game
QuantumParallelRepetition.pdf_distributionUniformExponential_of_uniform_source_rounding,QuantumParallelRepetition.fullCoordinateAliceEntropyIncrement_nonneg
QuantumParallelRepetition.pdf_distributionUniformExponential_of_uniform_source_rounding,QuantumParallelRepetition.winProbabilities_bddAbove
QuantumParallelRepetition.pdf_distributionUniformExponential_of_uniform_source_rounding,QuantumParallelRepetition.aliceMartingaleEntropyBudget
QuantumParallelRepetition.pdf_distributionUniformExponential_of_uniform_source_rounding,qpr_core_26
QuantumParallelRepetition.pdf_distributionUniformExponential_of_uniform_source_rounding,QuantumParallelRepetition.entangledValue_nonneg
Freiman.localValue_coordinate_limit,Freiman.cylinder_bound_tendsto
Freiman.localValue_coordinate_limit,Freiman_symbolicMarkovSpectrum
Freiman.localValue_coordinate_limit,Freiman.coordinate_eventual_window
Freiman.localValue_coordinate_limit,Freiman.localValue_window_bound
PrimalDual.buchbinder_naor_restrict_dual_through,pd_unrelated_machines
sgl_finite_override,sgl_machine_infrastructure
BookSixth.borromean_fox_odd,BookSixth
matrix_completion_fixed_cardinality,matrix_completion_bernoulli
mme_CW_square_asymptoticRank_le,mme_degenerates_asymptoticRank_le
mme_CW_square_asymptoticRank_le,mme_duality
mme_CW_square_asymptoticRank_le,mme_CW_border_rank_le
mme_CW_square_asymptoticRank_le,mme_CW_tensor
mme_CW_square_asymptoticRank_le,mme_rank_bridge
mme_CW_square_asymptoticRank_le,mme_tensor_rank
MarkovChainCLT.abs_integral_sub_le_tvDist_of_bounded,MarkovChainCLT.abs_integral_sub_le_tvDist
MarkovChainCLT.abs_integral_sub_le_tvDist_of_bounded,TotalVariationDist
QuantumParallelRepetition.Strategy.winProbability_nonneg,quantum_parallel_repetition_game
QuantumParallelRepetition.Strategy.winProbability_nonneg,QuantumParallelRepetition.Strategy.outcomeProbability_nonneg
MarkovChainCLT.isStrictlyStationary_chainMeasure,MixingCoefficients
MarkovChainCLT.isStrictlyStationary_chainMeasure,MarkovChainCLT.chainMeasure_map_shift
MarkovChainCLT.isStrictlyStationary_chainMeasure,MarkovChainPathMeasure
ReservoirSAS.fmp_polynomial_approximation,ReservoirESN
ReservoirSAS.fmp_polynomial_approximation,ReservoirSAS
mme_recursive_yz_actual_cell_product_restriction,mme_recursive_yz_cell_partition
mme_recursive_yz_actual_cell_product_restriction,mme_kronFin_family_mode_map_basis_data
mme_recursive_yz_actual_cell_product_restriction,mme_kronPow_fiber_grouping_preserves_tensor_and_basis
mme_recursive_yz_actual_cell_product_restriction,mme_restrict_basisAllAllowedSubtensor_of_vanishes
mme_recursive_yz_actual_cell_product_restriction,mme_CW_2376_address_block
EulerMascheroni.Mixed.hardy_identity,eulerMascheroni_mixedCover
MarkovChainCLT.integral_sq_sum_coord_le_of_sq_integrable,MarkovChainCLT.integral_sq_sum_coord_le
MarkovChainCLT.integral_sq_sum_coord_le_of_sq_integrable,MarkovChainPathMeasure
MarkovChainCLT.integral_sq_sum_coord_le_of_sq_integrable,MarkovErgodicity
MSKleene.main_claim,MSKleene.collapse_lemma
MSKleene.main_claim,MSKleene.subst_comp
MSKleene.main_claim,MSKleene.subterm_wf
MSKleene.main_claim,MSKleene_AuxLang
MSKleene.main_claim,MSKleene.subst_family
MSKleene.main_claim,MSKleene.iter_absorb
MSKleene.main_claim,MSKleene.singleton_term_regular
Mandelbrot.mandelbrot_locally_connected,mandelbrot_sets
ArithmeticE.algebraic_e_combination_zero_singularity,beukersLiftingData
FormalizedScopeReach_REACH,FormalizedScopeReach_SCOPE
MTT.ordinary_root_exists_unique,MTT_Measures
Freiman.middle_initial_contacts_upper,Freiman_middleRoots
FiniteGreenVariationalEnergyV1.canonicalPoisson,FiniteGreenVariationalEnergyV1
FiniteReflectionPositivityMethodsI.halfObservableBinding,FiniteReflectionPositivityMethodsI
BurauFaithful.burau_faithful_four,BurauFaithful_UnreducedBurau
KerrBL.hasDerivAt_Del_r,KerrBL_Kerr_Metric
DiazModulus.diaz_modulus_conjecture,DiazModulus
DiazModulus.diaz_modulus_conjecture,DiazModulus.diaz_of_exp_not_real
DiazModulus.diaz_modulus_conjecture,DiazModulus.diaz_of_exp_real
syracuse_three_cycle_eq_one,syracuseStep
Problem97.boundaryBlock_openSide_iff_between_indices_of_signedAreaOrder,Erdos9796Counting_CGN_CGN4g
Problem97.boundaryBlock_openSide_iff_between_indices_of_signedAreaOrder,Erdos9796Counting_CGN_CGN
Problem97.boundaryBlock_openSide_iff_between_indices_of_signedAreaOrder,Erdos9796Counting_Adapter
CircleMethod.local_data,CircleMethod.sum_e_div_orthogonality
CircleMethod.local_data,CircleMethod.locDens_bound
CircleMethod.local_data,CircleMethod.e_zero
CircleMethod.local_data,CircleMethod.locDens_zero_modulus
CircleMethod.local_data,CircleMethod.sing_series_summable_norm
CircleMethod.local_data,CircleMethod.locDens_one
CircleMethod.local_data,CircleMethod.locDens_exponent_lt_neg_one
CircleMethod.local_data,Vino.e_div_congr
CircleMethod.local_data,CircleMethod_singpos
CircleMethod.local_data,CircleMethod.locDens_mul
CircleMethod.local_data,CircleMethod.e_add
Hirsch_circuit_model,Hirsch_model
BookSixth.kakeya_bound,BookSixth
mme_CW_fourth_six_symmetrization_iso,mme_six_symmetrized_tau_value
mme_CW_fourth_six_symmetrization_iso,mme_CW_square_six_symmetrization_iso
mme_CW_fourth_six_symmetrization_iso,mme_stothers_fourth_data
mme_CW_fourth_six_symmetrization_iso,mme_sixSymmetrization_restrict
mme_CW_fourth_six_symmetrization_iso,mme_sixSymmetrization_kronPow_isomorphic
goldbach,goldbach_large
goldbach,WeakGoldbach.even_goldbach_above_4e18
goldbach,WeakGoldbach.even_goldbach_to_4e18
CircleMethod.weylSum_add_one,CircleMethod.e_intCast
CircleMethod.weylSum_add_one,CircleMethod.e_add
CircleMethod.weylSum_add_one,CircleMethod_weylsum
Freiman.form_scaling_minimum,Freiman_reducedForms
mme_sixSymmetrization_restrict,mme_cyclicSymmetrization_public_perm
mme_sixSymmetrization_restrict,mme_six_symmetrized_tau_value
mme_sixSymmetrization_restrict,mme_rank_bridge
MatrixCompletion.NoSpuriousMin.perturbation_terms_bound_corrected,MatrixCompletion.NoSpuriousMin.sampling_deviation_bound
MatrixCompletion.NoSpuriousMin.perturbation_terms_bound_corrected,MatrixCompletion.NoSpuriousMin.regularizer_perturbation_bound
MatrixCompletion.NoSpuriousMin.perturbation_terms_bound_corrected,MatrixCompletion.NoSpuriousMin.row_norms_of_factorization
MatrixCompletion.NoSpuriousMin.perturbation_terms_bound_corrected,MCNoSpuriousMinModel
Freiman.bounded_words_subsequence,Freiman_symbolicMarkovSpectrum
BanditAlgorithm.subgaussian_sample_mean_confidence_bound,BanditAlgorithm.subgaussian_sample_mean_tail_bound
BookSixth.determinant_mean_square,BookSixth
Leopoldt.defect_maximalRealSubfield_pos_of_defect_pos,Leopoldt.zpRankBelow_unitClosure_mono
Leopoldt.defect_maximalRealSubfield_pos_of_defect_pos,LeopoldtDefect
BanditAlgorithm.bandit_adaptive_stopped_centered_sum_tail_half,ucbStoppedCenteredSum
BanditAlgorithm.exp4_estimate_unbiased,ContextualAdversarialBandit
BanditAlgorithm.exp4_estimate_unbiased,exp4Policy
Erdos81_edgePairPartition,erdos81_clique_partitions
PachDeZeeuw.Algebraic.bezout,PachDeZeeuw.Algebraic.factorized_bezout_bound
PachDeZeeuw.Algebraic.bezout,PachDeZeeuw.Algebraic.PlaneCurveZeroSet_subset_of_dvd
PachDeZeeuw.Algebraic.bezout,PdzBezout
Freiman.digits_bounded_of_local_bound,Freiman_symbolicMarkovSpectrum
OddPerfectNumber.no_euler_equation_special_exponent_five,OddPerfectNumber.dris_parametrisation
OddPerfectNumber.no_euler_equation_special_exponent_five,OddPerfectNumber.no_dris_special_exponent_five_s_ge_two
OddPerfectNumber.no_euler_equation_special_exponent_five,OddPerfectNumber.sigma_prime_pow_ne_two_mul_sq_of_six_dvd
MTT.interpolation_conductor_one_of_moments,MTT.character_integral_of_disk_moments
MTT.interpolation_conductor_one_of_moments,MTT.birch_mellin_formula
MTT.interpolation_conductor_one_of_moments,MTT_Measures
ShiShallow_Operator,ShiShallow_Circuit
MarkovChainCLT.alphaMixingCoef_exp_of_geometricallyErgodic_of_countablyGenerated,MixingCoefficients
MarkovChainCLT.alphaMixingCoef_exp_of_geometricallyErgodic_of_countablyGenerated,MarkovChainCLT.integrable_of_geoDriftCondition
MarkovChainCLT.alphaMixingCoef_exp_of_geometricallyErgodic_of_countablyGenerated,MarkovChainCLT.ergodicWithRate_of_geoDriftCondition
MarkovChainCLT.alphaMixingCoef_exp_of_geometricallyErgodic_of_countablyGenerated,MarkovChainCLT.alphaMixingCoef_le_quarter
MarkovChainCLT.alphaMixingCoef_exp_of_geometricallyErgodic_of_countablyGenerated,MarkovChainCLT.geoDriftCondition_of_geometricallyErgodic
MarkovChainCLT.alphaMixingCoef_exp_of_geometricallyErgodic_of_countablyGenerated,MarkovChainPathMeasure
MarkovChainCLT.alphaMixingCoef_exp_of_geometricallyErgodic_of_countablyGenerated,MarkovChainCLT.alpha_mixing_le_tv_rate
MarkovChainCLT.alphaMixingCoef_exp_of_geometricallyErgodic_of_countablyGenerated,MarkovErgodicity
WeakGoldbach.three_primes,goldbach_odd_variant
Monotonicity_Theorem.uniform_pattern_window3,Monotonicity_Theorem_Framework2
Monotonicity_Theorem.uniform_pattern_window3,Monotonicity_Theorem.infinite_contains_interval_core2
Smooth1LeOne,MellinCalculus_defs
Smooth1LeOne,MeasureTheory.integral_comp_div_I0i_haar
mme_recursive_regional_CW_plan_sound,mme_batched_restrictions_compose
mme_recursive_regional_CW_plan_sound,mme_recursive_regional_CW_data
mme_recursive_regional_CW_plan_sound,mme_MMObj_permObj_swapFirstTwo
mme_recursive_regional_CW_plan_sound,mme_bigAdd_prefix_restrict
mme_recursive_regional_CW_plan_sound,mme_profiled_CW_region_product_restrict
mme_recursive_regional_CW_plan_sound,mme_recursive_profiled_CW_plan_sound
mme_recursive_regional_CW_plan_sound,mme_regional_copied_restrictions_product
mme_recursive_regional_CW_plan_sound,mme_profiled_CW_mode_permutation_iso
mme_recursive_regional_CW_plan_sound,mme_recursive_profiled_CW_exact_step
mme_recursive_regional_CW_plan_sound,mme_CW_three_canonical_support
mme_recursive_regional_CW_plan_sound,mme_recursive_profiled_CW_boundary_end
mme_recursive_regional_CW_plan_sound,mme_type_cover_uniform_copy_extraction
mme_recursive_regional_CW_plan_sound,mme_basis_projected_type_cover_restrict
Erdos146.tau_lt_one_half,erdos146_core2
Erdos390.eventual_complement_upper_bound,Erdos390.eventual_central_anchor_and_residual_exists
Erdos390.eventual_complement_upper_bound,Erdos390.eventual_guarded_central_residual_split
Erdos390.eventual_complement_upper_bound,erdos390_problem
BanditAlgorithm.partial_monitoring_hopeless_globally_invisible_alternatives_of_outside,BanditAlgorithm.partial_monitoring_neighbour_positive_common_point
BanditAlgorithm.partial_monitoring_hopeless_globally_invisible_alternatives_of_outside,BanditAlgorithm.partial_monitoring_nonglobal_edge_direction
BanditAlgorithm.partial_monitoring_hopeless_globally_invisible_alternatives_of_outside,finite_linear_gaps_stable
BanditAlgorithm.partial_monitoring_hopeless_globally_invisible_alternatives_of_outside,BanditAlgorithm.partial_monitoring_neighbour_loss_interpolation
BanditAlgorithm.partial_monitoring_hopeless_globally_invisible_alternatives_of_outside,stdSimplex_small_perturbation
BanditAlgorithm.partial_monitoring_hopeless_globally_invisible_alternatives_of_outside,BanditAlgorithm.partial_monitoring_uniform_outside_gap
BanditAlgorithm.partial_monitoring_hopeless_globally_invisible_alternatives_of_outside,PartialMonitoringGame
Kawahira_zeta,Kawahira_dynamics
Erdos146.not_erdos_146,Erdos146.twoDegenerateExtremalCounterexample
Erdos146.not_erdos_146,erdos146_core2
Vino.vmSum_coprime_char_expansion,Vino_dirichlet
Vino.vmSum_coprime_char_expansion,Vino.vmSumChar_eq_sum_coprime
Vino.vmSum_coprime_char_expansion,Vino_primes
Vino.vmSum_coprime_char_expansion,Vino.sum_charInv_mul_gaussE
CircleMethod.major_arc_approx,CircleMethod.e_intCast
CircleMethod.major_arc_approx,CircleMethod_waring
CircleMethod.major_arc_approx,CircleMethod.norm_e_sub_one_le_two_pi_mul
CircleMethod.major_arc_approx,CircleMethod.norm_e
CircleMethod.major_arc_approx,CircleMethod.e_add_intCast
CircleMethod.major_arc_approx,CircleMethod.e_add
OPG37364.immune_high_girth_graphs,OPG37364.regular_bipartite_hasPerfectMatching
OPG37364.immune_high_girth_graphs,opg37364_matching_cuts
OPG37364.immune_high_girth_graphs,OPG37364.not_hasMatchingCut_of_smallCut_expansion
OPG37364.immune_high_girth_graphs,OPG37364.exists_high_girth_strict_cut_expander
RobustOptimization.grc_conic_decomposition,RobustOptimization_GRCConic
mme_toQ_kronFin,mme_CW_2376_address_block
mme_toQ_kronFin,mme_rank_bridge
BunkbedFalse.robust_hyperedge,BunkbedAux.cancel_on_X
BunkbedFalse.robust_hyperedge,BunkbedHypergraph
BunkbedFalse.robust_hyperedge,BunkbedFalse.wz_diff_poly
BunkbedFalse.robust_hyperedge,BunkbedAux.xc_block_pos
BunkbedFalse.robust_hyperedge,BunkbedAux.wzProb_pair_sum
BunkbedFalse.robust_hyperedge,BunkbedFalse.wzDiffPoly_pos
ShiShallow.inputState_eq_indicator,ShiShallow_Circuit
ShiShallow.inputState_eq_indicator,ShiShallow.padIn_castAdd
ShiShallow.inputState_eq_indicator,ShiShallow_Operator
ShiShallow.inputState_eq_indicator,ShiShallow.padIn_natAdd
CircleMethod.integral_e_intCast_mul_eq_zero,CircleMethod_char
MarkovChainCLT.stationary_reversible_centered_L2_operator,MarkovChainCLT.processSigma_Ici_eq_comap_shift
MarkovChainCLT.stationary_reversible_centered_L2_operator,MixingCoefficients
MarkovChainCLT.stationary_reversible_centered_L2_operator,MarkovChainCLT.condExp_next_coord_of_integrable
MarkovChainCLT.stationary_reversible_centered_L2_operator,MarkovChainCLT.chainMeasure_eq_trajMeasure
MarkovChainCLT.stationary_reversible_centered_L2_operator,MarkovChainCLT_centeredIndicatorLp
MarkovChainCLT.stationary_reversible_centered_L2_operator,MarkovChainCLT.map_coord_chainMeasure
MarkovChainCLT.stationary_reversible_centered_L2_operator,MarkovChainCLT.continuation_integral_future_factor_current_state
MarkovChainCLT.stationary_reversible_centered_L2_operator,MarkovChainCLT.rhoMixingCoef_nonneg_le_one_of_finite
MarkovChainCLT.stationary_reversible_centered_L2_operator,MarkovChainPathMeasure
MarkovChainCLT.stationary_reversible_centered_L2_operator,MarkovChainCLT.processSigma_Iic_eq_comap_restrict
MarkovChainCLT.stationary_reversible_centered_L2_operator,MarkovErgodicity
MarkovChainCLT.stationary_reversible_centered_L2_operator,MarkovIterKernel
MarkovChainCLT.stationary_reversible_centered_L2_operator,MarkovChainCLT.condExp_trajMeasure
least_squares_certificate_with_normal_bound_is_strict_dual_certificate,matrix_completion_tangent
MSKleene.subst_family,MSKleene_Subst
MSKleene.subst_family,MSKleene_SubstFam
SipserGacsLautemann.error_amplification,SipserGacsLautemann.bounded_error_verifier_amplification
SipserGacsLautemann.error_amplification,sipser_gacs_lautemann
flt_n_odd_prime,flt_odd_prime_ge_5
flt_n_odd_prime,flt_three
LinearOptimization.lp_complementary_slackness,LinearOptimization.lp_weak_duality
LinearOptimization.lp_complementary_slackness,LinearOptimization_DualLP
LinearOptimization.lp_complementary_slackness,LinearOptimization.lp_strong_duality
LinearOptimization.lp_complementary_slackness,LinearOptimization.lp_optimal_certificate
LinearOptimization.network_flow_integrality,BasicSolution
LinearOptimization.network_flow_integrality,LinearOptimization_NetworkFlowProblem
LinearOptimization.network_flow_integrality,LinearOptimization.network_incidence_rank
LinearOptimization.network_flow_integrality,LinearOptimization.network_basis_inverse_integer
LinearOptimization.network_flow_integrality,LinearOptimization.lp_standard_form_basic_iff
mme_cyclicSymmetrization_mono_restrict,mme_CW_coupled_value
HarmonicBuilding.circleDistanceSquaredForm,frame_2026_harmonic_building_conical
BertsekasDP.needle_perturbed_trajectory_exists,BertsekasCTModel
BertsekasDP.needle_perturbed_trajectory_exists,BertsekasDP.short_autonomous_arc_exists
BertsekasDP.needle_perturbed_trajectory_exists,BertsekasDP.piecewise_trajectory_continuation
Erdos9796Counting_Cap_Structure,Erdos9796Counting_Foundation
Erdos9796Counting_Cap_Structure,Erdos9796Counting_Adapter
Erdos9796Counting_Cap_Structure,Erdos9796Counting_Cap_Partition
BunkbedFalse.sub_gadget_copies_disjoint,BunkbedAux.gadgetE_card
BunkbedFalse.sub_gadget_copies_disjoint,BunkbedSubstituted
BunkbedFalse.sub_gadget_copies_disjoint,BunkbedFalse.sub_invariants
VectorSpaceOpt.conjugate_gradient_converges,VectorSpaceOpt_conjugate_gradient
qpr_core_25,QuantumParallelRepetition.unconditionalSourcePhysicalCleanedStoppingFixedSource_norm
qpr_core_25,QuantumParallelRepetition.unconditionalSourcePhysicalCleanedSelectedHistoryEquiv_hit
qpr_core_25,quantum_parallel_repetition_game
qpr_core_25,QuantumParallelRepetition.exactSourceTupleGamma_norm
qpr_core_25,QuantumParallelRepetition.exactSourceSharedFlagWeight_nonneg
qpr_core_25,QuantumParallelRepetition.exactSourceSharedFlagWeight_sum
qpr_core_25,qpr_core_24
qpr_core_25,QuantumParallelRepetition.exactGlobalHistoryLocalIndex_card_pos
qpr_core_25,QuantumParallelRepetition.exactSourceAnswerTypes_nonempty_of_remaining
GYGraphTheory.pruferEncode_list_eq_terminal_acc,GYGraphTheory
MarkovMixing.tv_eq_half_l1,mm_mixing
Hatcher.vanKampenNormal_le_ker,Hatcher_VanKampen
HJMEilenberg.finiteIndex_filter,HJMEilenberg_Formations
sample_ratio_between_zero_and_one,matrix_completion_basic
MSKleene.rec_subset_reg,MSKleene_Recognizable
MSKleene.rec_subset_reg,MSKleene_Regular
MSKleene.rec_subset_reg,MSKleene_AuxLang
MSKleene.rec_subset_reg,MSKleene.main_claim
MSKleene.rec_subset_reg,MSKleene.free_universal
BanditAlgorithm.mdp_ucrl2_confidence_event_complement_prob_le,BanditAlgorithm.mdp_confidence_union_bound_arithmetic
BanditAlgorithm.mdp_ucrl2_confidence_event_complement_prob_le,UCRL2ConfidenceSets
BanditAlgorithm.mdp_ucrl2_confidence_event_complement_prob_le,BanditAlgorithm.mdp_empirical_row_deviation_at_sample_size_prob_le
BanditAlgorithm.mdp_ucrl2_confidence_event_complement_prob_le,BanditAlgorithm.weissman_l1_deviation
BanditAlgorithm.mdp_ucrl2_confidence_event_complement_prob_le,BanditAlgorithm.mdp_visit_successors_iid_empirical_representation
BanditAlgorithm.bandit_regret_decomposition,banditRegret
BanditAlgorithm.bandit_regret_decomposition,BanditAlgorithm.bandit_canonical_occupation_identities
CircleMethod.localRep_one,CircleMethod.sum_e_div_orthogonality
CircleMethod.localRep_one,CircleMethod.locDens_bound
CircleMethod.localRep_one,CircleMethod.e_zero
CircleMethod.localRep_one,CircleMethod.locDens_zero_modulus
CircleMethod.localRep_one,CircleMethod.sing_series_summable_norm
CircleMethod.localRep_one,CircleMethod.locDens_one
CircleMethod.localRep_one,CircleMethod.locDens_exponent_lt_neg_one
CircleMethod.localRep_one,Vino.e_div_congr
CircleMethod.localRep_one,CircleMethod_singpos
CircleMethod.localRep_one,CircleMethod.locDens_mul
CircleMethod.localRep_one,CircleMethod.e_add
Z2nFiveEighths.cubeFree_card_le_five_eighths,Z2nCubeFreeLayers
ShiShallow.runLayer_eq_mulVec,ShiShallow_Circuit
ShiShallow.runLayer_eq_mulVec,ShiShallow_Operator
ShiShallow.runLayer_eq_mulVec,ShiShallow.Instr.apply_eq_mulVec
mme_CW_square_laser_2376_profile_pruning,mme_CW_auxiliary_RHS
mme_CW_square_laser_2376_profile_pruning,mme_CW_tensor
mme_CW_square_laser_2376_profile_pruning,mme_CW_coupled_value
EulerMascheroni.Mixed.value_relation_lifting_conjecture,EulerMascheroni.Arithmetic.gompertz_transcendental
EulerMascheroni.Mixed.value_relation_lifting_conjecture,eulerMascheroni_mixedCover
EulerMascheroni.Mixed.value_relation_lifting_conjecture,EulerMascheroni.Mixed.local_intersection_algebraicity_conjecture
EulerMascheroni.Mixed.value_relation_lifting_conjecture,EulerMascheroni.Mixed.e_values_linear_independent
BanditAlgorithm.exists_optimal_tracking_policy,BanditAlgorithm.exists_policy_tracking_chosen_allocation
BanditAlgorithm.exists_optimal_tracking_policy,TrackAndStop
BanditAlgorithm.exists_optimal_tracking_policy,GaussianBandit
mme_CW_coupled_value,mme_tau_value
BanditAlgorithm.bandit_expected_reward_eq_arm_occupation,banditRegret
WeilTypeAbelianVarieties,HodgeConjecture
Riemannian.RiemannianMetric.isOpen_geodesicBall,OpenGA_GeodesicBall
CircleMethod.locDens_exponent_lt_neg_one,CircleMethod.weyl_inequality
CircleMethod.locDens_exponent_lt_neg_one,CircleMethod_waring
CircleMethod.locDens_exponent_lt_neg_one,CircleMethod.norm_S_le
CircleMethod.locDens_exponent_lt_neg_one,CircleMethod.norm_e
CircleMethod.locDens_exponent_lt_neg_one,CircleMethod_weylsum
Rudin.ch08_parseval_norm,Rudin_ch08_fourier
BSD.modularity_of_elliptic_curve,BSD
BSD.modularity_of_elliptic_curve,FLTPrelim_Modularity
MarkovChainCLT.rhoMixingCoef_one_lt_one_of_geometric_reversible,MixingCoefficients
MarkovChainCLT.rhoMixingCoef_one_lt_one_of_geometric_reversible,MarkovChainCLT.geometricallyErgodic_integrable_rate
MarkovChainCLT.rhoMixingCoef_one_lt_one_of_geometric_reversible,MarkovChainCLT_centeredIndicatorLp
MarkovChainCLT.rhoMixingCoef_one_lt_one_of_geometric_reversible,MarkovChainCLT.opNorm_le_of_symmetric_power_decay_on_dense
MarkovChainCLT.rhoMixingCoef_one_lt_one_of_geometric_reversible,MarkovChainPathMeasure
MarkovChainCLT.rhoMixingCoef_one_lt_one_of_geometric_reversible,MarkovChainCLT.rhoMixingCoef_one_lt_one_of_integrable_rate_reversible
MarkovChainCLT.rhoMixingCoef_one_lt_one_of_geometric_reversible,MarkovChainCLT.stationary_reversible_centered_L2_operator
MarkovChainCLT.rhoMixingCoef_one_lt_one_of_geometric_reversible,MarkovErgodicity
DiazModulus.candidate_one_self_conj_linearIndependent,DiazModulus
DiazModulus.candidate_one_self_conj_linearIndependent,DiazModulus.diaz_locus_dictionary
DiazModulus.candidate_one_self_conj_linearIndependent,Diaz_Instantiation
DiazModulus.candidate_one_self_conj_linearIndependent,Diaz.indep_three
DiazModulus.candidate_one_self_conj_linearIndependent,DiazModulus.hermite_lindemann_holds
CappedBaseStock.lower_certificate_bound,CappedBaseStock.window_jensen_certificate
CappedBaseStock.lower_certificate_bound,CappedBaseStock_Model
CappedBaseStock.lower_certificate_bound,CappedBaseStock.policy_window_relaxation
Vino_dirichlet,CircleMethod_char
ShiOptrates_Spider,ShiOptrates_Stochastic_VariancePurchase
ShiOptrates_Spider,ShiOptrates_Stochastic_Bridge
ShiOptrates_Spider,ShiOptrates_Cost
ShiOptrates_Spider,ShiOptrates_FunctionClass
Hirsch.facet_walk,Hirsch_model
PartialMonitoringAlgorithm26,PartialMonitoringGame
DiazModulus.diaz_of_exp_not_real_irrational_angle,DiazModulus
DiazModulus.diaz_of_exp_not_real_irrational_angle,DiazModulus.diaz_of_exp_not_real_irrational_angle_period_free
DiazModulus.diaz_of_exp_not_real_irrational_angle,DiazModulus.diaz_of_exp_not_real_irrational_angle_period_aligned
Vino.vmSumChar_eq_sum_coprime,Vino_dirichlet
Vino.vmSumChar_eq_sum_coprime,Vino_primes
ZengPryadkoConjecture18Counterexample,ZengPryadko2019
BertsekasDP.riccati_psd_fixed_point_exists_unique_convergent,BertsekasRiccatiMap
MTT.Cohomology.integral_class_exists,MTT.Cohomology.cuspPrimitive_analytic_relations
MTT.Cohomology.integral_class_exists,MTT_Cohomology
Erdos9796Mission.counterexample_card_ge_nine,Erdos9796Counting_Foundation
Erdos9796Mission.counterexample_card_ge_nine,Erdos9796Mission
Erdos9796Mission.counterexample_card_ge_nine,Problem97.MEC.no_diameter_under_k4
Erdos9796Mission.counterexample_card_ge_nine,Problem97.ConvexIndep.not_collinear_of_card_ge_three
Erdos9796Mission.counterexample_card_ge_nine,Problem97.iCountAt_ge_six_of_K4
Erdos9796Mission.counterexample_card_ge_nine,Erdos9796Counting_Adapter
Erdos9796Mission.counterexample_card_ge_nine,Erdos9796Counting_MEC_Basic
Erdos9796Mission.counterexample_card_ge_nine,Problem97.CGN8_circumscribed_iCount_upper_bound
Erdos9796Mission.counterexample_card_ge_nine,Erdos9796Counting_IsoscelesCount
Erdos9796Mission.counterexample_card_ge_nine,Problem97.counting_arithmetic
Erdos9796Mission.counterexample_card_ge_nine,Problem97.card_ge_five_of_K4
FiniteMagmaE677.left_bijective,FiniteMagmaE677
bernoulliRelativeEntropy,BanditPolicy
Vino.threePrimeFactor_pos_of_odd,Vino.threePrimeFactor_two_of_odd
Vino.threePrimeFactor_pos_of_odd,Vino_ramanujan
Vino.threePrimeFactor_pos_of_odd,Vino.threePrimeFactor_pos
BanditAlgorithm.bandit_kl_ucb_pull_count_failure_split,BanditAlgorithm.measurable_klucbIndex
BanditAlgorithm.bandit_kl_ucb_pull_count_failure_split,klucbFailureCount
KAMMainCorrected.poincareTreshchevPersistence,KAMMainCorrected.finiteStagePersistenceData
KAMMainCorrected.poincareTreshchevPersistence,frame_2026_kam_interfaces
Hirsch.zero_one_polytope_diameter_le_dimension,Hirsch_model
Hirsch.zero_one_polytope_diameter_le_dimension,Hirsch.larman_bound
MTT.interpolation_of_moments,MTT.interpolation_positive_conductor_of_moments
MTT.interpolation_of_moments,MTT.interpolation_conductor_one_of_moments
MTT.interpolation_of_moments,MTT_Measures
Hirsch.ridge_visible_access,Hirsch_model
Hirsch.ridge_visible_access,Hirsch_walk
ExcursionCoupling.eVariationOn_le_lintegral_crossing_count,ExcursionCoupling.total_variation_eq_integral_indicatrix
ExcursionCoupling.eVariationOn_le_lintegral_crossing_count,excursion_coupling
LinearOptimization_RecessionCone,Polyhedron
PrimalDual.buchbinder_naor_primal_objective_identity,pd_unrelated_machines
LinearOptimization.simplex_pivot_basis_change,LinearOptimization_SimplexPivot
MagicSquares.sm3_bij,MagicSquares.sm3_canonical
MagicSquares.sm3_bij,MagicSquaresSemiMagic3
MagicSquares.sm3_bij,MagicSquares
BSD.lSeriesSummable,BSD
ExcursionCoupling.ae_levelSet_finite,ExcursionCoupling.ae_levelSet_subset_crossings
ExcursionCoupling.ae_levelSet_finite,ExcursionCoupling.total_variation_eq_integral_indicatrix
ExcursionCoupling.ae_levelSet_finite,excursion_coupling
ExcursionCoupling.ae_levelSet_finite,JuilletExcursionCoupling
ExcursionCoupling.ae_levelSet_finite,ExcursionCoupling.crossing_count_measurable
Rudin.ch08_parseval_inner,Rudin_ch08_fourier
syracuse_two_cycle_eq_one,syracuseStep
MarkovMixing.evolving_sets_identity,mm_martingale
EulerMascheroni.Arithmetic.exponential_denominators_imply_pade_decay,EulerMascheroni.Arithmetic.normalized_pade_tendsto_zero
EulerMascheroni.Arithmetic.exponential_denominators_imply_pade_decay,eulerMascheroni_padeDecay
LinearOptimization_MaxFlowProblem,LinearOptimization_NetworkFlowProblem
Erdos183.paletteLogWidth_le_two_log,Erdos183.one_le_log_nat_of_three_le
Erdos183.paletteLogWidth_le_two_log,erdos183_core
ReservoirSAS.sas_finite_sum_realization,ReservoirSAS
mme_MMObj_cyclicSymmetrization_iso,mme_cyclicSymmetrization_public_perm
mme_MMObj_cyclicSymmetrization_iso,mme_mmobj_mul
mme_MMObj_cyclicSymmetrization_iso,mme_CW_coupled_value
mme_MMObj_cyclicSymmetrization_iso,mme_MMObj_permObj_cyclic_sq
SymplecticFreeModules.weightCriterion,frame_2026_symplectic_free_modules_interfaces
SymplecticFreeModules.weightCriterion,SymplecticFreeModules.constantParameterLowestWeight
SymplecticFreeModules.weightCriterion,SymplecticFreeModules.weightRepresentationIffConstant
MTT.Cohomology.signed_evaluation,MTT.Cohomology.reflection_involutive
MTT.Cohomology.signed_evaluation,MTT_Cohomology_Integration
MTT.Cohomology.signed_evaluation,MTT.Cohomology.integral_class_character_law
MTT.Cohomology.signed_evaluation,MTT.Cohomology.reflection_class
MTT.Cohomology.signed_evaluation,MTT_Cohomology
PoincareFormalization.ExtinctionEndgame.nonempty_homeomorph_sphere_of_standard_decomposition,PoincareFormalization.covering_is_homeomorph
PoincareFormalization.ExtinctionEndgame.nonempty_homeomorph_sphere_of_standard_decomposition,OpenGA_SurgeryTopologyEvolution
PoincareFormalization.ExtinctionEndgame.nonempty_homeomorph_sphere_of_standard_decomposition,PoincareFormalization.ExtinctionEndgame.nonempty_homeomorph_sphere_of_connected_sum_spheres
PoincareFormalization.ExtinctionEndgame.nonempty_homeomorph_sphere_of_standard_decomposition,PoincareFormalization.ExtinctionEndgame.simply_connected_factors_of_connected_sum
PoincareFormalization.ExtinctionEndgame.nonempty_homeomorph_sphere_of_standard_decomposition,PoincareFormalization.ExtinctionEndgame.not_simply_connected_sphere_handle
CircleMethod.nrm_le_half,CircleMethod_char
QuantumParallelRepetition.unconditionalActualFairSourceRoundingContext_stoppedVerifier,QuantumParallelRepetition.unconditionalFairPhysicalFlaggedStoppingTransfer
QuantumParallelRepetition.unconditionalActualFairSourceRoundingContext_stoppedVerifier,quantum_parallel_repetition_game
QuantumParallelRepetition.unconditionalActualFairSourceRoundingContext_stoppedVerifier,qpr_core_28
QuantumParallelRepetition.unconditionalActualFairSourceRoundingContext_stoppedVerifier,QuantumParallelRepetition.unconditionalActualFairSourceRoundingContext_physicalBranch
QuantumParallelRepetition.unconditionalActualFairSourceRoundingContext_stoppedVerifier,QuantumParallelRepetition.unconditionalActualFairSourceRoundingContext_analyticLedger
QuantumParallelRepetition.unconditionalActualFairSourceRoundingContext_stoppedVerifier,QuantumParallelRepetition.unconditionalActualFairSourceRoundingContext_verifierLedger
QuantumParallelRepetition.aliceMartingaleEntropyBudget,QuantumParallelRepetition.martingale_log_cost_eq
QuantumParallelRepetition.aliceMartingaleEntropyBudget,quantum_parallel_repetition_game
QuantumParallelRepetition.aliceMartingaleEntropyBudget,QuantumParallelRepetition.trace_mul_posSemidef_nonneg
QuantumParallelRepetition.aliceMartingaleEntropyBudget,qpr_core_17
QuantumParallelRepetition.aliceMartingaleEntropyBudget,QuantumParallelRepetition.fullHistoryAliceEntropyPotential_lower_bound
SubnormalCover.multiplicity_ge_minFac,BFFPyramidal_arithmetic
SubnormalCover.multiplicity_ge_minFac,SubnormalCover_uniformCover
Monotonicity_Theorem.infinite_definable_set_contains_interval2,Monotonicity_Theorem_Framework2
Monotonicity_Theorem.infinite_definable_set_contains_interval2,Monotonicity_Theorem.infinite_contains_interval_core2
DiazModulus.diaz_of_exp_real,DiazModulus.diaz_of_exp_real_self_not_real
DiazModulus.diaz_of_exp_real,DiazModulus
DiazModulus.diaz_of_exp_real,DiazModulus.diaz_of_exp_real_self_real
DiazModulus.diaz_of_exp_real,DiazModulus.candidate_one_self_conj_linearIndependent
CircleMethod.sing_series_summable,CircleMethod_waring
CircleMethod.sing_series_summable,CircleMethod_weylsum
Erdos9796Mission.critical_radius_cover_card_le_nine,Erdos9796Mission.critical_cover_card_le_nine_of_tight_center
Erdos9796Mission.critical_radius_cover_card_le_nine,Erdos9796Mission
Erdos9796Mission.critical_radius_cover_card_le_nine,Erdos9796Mission.critical_cover_tight_center_exists
WeightedRootIntegralIdentity.weighted_root_keyhole_contour_identity,WeightedRootIntegralIdentity.weighted_root_keyhole_contour_boundary_balance
CuspForm.exists_differentiable_eq_lSeries_qCoeff,FLTPrelim_Modularity
LinearOptimization.network_integer_optimum_exists,BasicSolution
LinearOptimization.network_integer_optimum_exists,LinearOptimization.lp_attains_or_unbounded
LinearOptimization.network_integer_optimum_exists,LinearOptimization_NetworkFlowProblem
LinearOptimization.network_integer_optimum_exists,LinearOptimization.polyhedron_extreme_point_existence
LinearOptimization.network_integer_optimum_exists,LinearOptimization.network_incidence_rank
LinearOptimization.network_integer_optimum_exists,LinearOptimization.polyhedron_std_form_has_bfs
LinearOptimization.network_integer_optimum_exists,Polyhedron
LinearOptimization.network_integer_optimum_exists,LinearOptimization_DualLP
LinearOptimization.network_integer_optimum_exists,LinearOptimization.lp_strong_duality
LinearOptimization.network_integer_optimum_exists,LinearOptimization.lp_optimal_extreme_point
LinearOptimization.network_integer_optimum_exists,LinearOptimization.network_flow_integrality
LinearOptimization.network_integer_optimum_exists,LinearOptimization.lp_standard_form_basic_iff
LinearOptimization.network_integer_optimum_exists,LinearOptimization.lp_vertex_extreme_bfs_equiv
Erdos180.subdivisionLine_center_of_line_base,erdos180_core4
Erdos180.subdivisionLine_center_of_line_base,Erdos180.symplecticQuadrangle_adjacent_to_line
Erdos180.subdivisionLine_center_of_line_base,Erdos180.symplecticQuadrangle_adjacent_to_point
Erdos180.subdivisionLine_center_of_line_base,Erdos180.subdivisionGraph_base_pair_adj
Erdos180.subdivisionLine_center_of_line_base,Erdos180.subdivisionGraph_center_pair_adj
invGammaR_neg_even_deriv_ne_zero,invGamma_neg_nat_deriv_ne_zero
OddPerfectNumber.no_odd_perfect_special_exponent_ge_five,OddPerfectNumber.no_euler_equation_special_exponent_five
OddPerfectNumber.no_odd_perfect_special_exponent_ge_five,OddPerfectNumber.no_euler_equation_special_exponent_ge_nine
sampled_sign_matrix_neumann_term_small_under_general_sample_bound,sampled_sign_matrix_neumann_lambda_sample_bound_from_general_bound
sampled_sign_matrix_neumann_term_small_under_general_sample_bound,sampled_sign_matrix_neumann_term_small_with_lambda
sampled_sign_matrix_neumann_term_small_under_general_sample_bound,matrix_completion_neumann
sampled_sign_matrix_neumann_term_small_under_general_sample_bound,sampled_sign_matrix_neumann_lambda_bound_le_one_eighth
sampled_sign_matrix_neumann_term_small_under_general_sample_bound,sample_ratio_between_zero_and_one
sampled_sign_matrix_neumann_term_small_under_general_sample_bound,bernoulli_neumann_certificate_term_bound_probability_mono
BookSixth.latin_bounds,BookSixth
Vino.norm_ramanujan_le,Vino.card_coprime_filter
Vino.norm_ramanujan_le,Vino_ramanujan
Vino.norm_ramanujan_le,CircleMethod.norm_e
MSKleene_Term,MSKleene_Core
PachDeZeeuw.Algebraic.totalDegree_pderiv_le,PdzPrelim
PachDeZeeuw.Algebraic.totalDegree_pderiv_le,PachDeZeeuw.Algebraic.totalDegree_pderiv_le_sub_one
Freiman.form_symbolic_orbit,Freiman.cf_convergence
Freiman.form_symbolic_orbit,Freiman_reducedForms
mme_sixSymmetrization_kronPow_isomorphic,mme_cyclicSymmetrization_kronPow_isomorphic
mme_sixSymmetrization_kronPow_isomorphic,mme_six_symmetrized_tau_value
mme_sixSymmetrization_kronPow_isomorphic,mme_rank_bridge
Beal_Conjecture,Beal.primitive_reduced_exponents
Beal_Conjecture,Beal.primitive_exponent_normalization
TrackAndStop,BanditTrajectory
GT_grt1,GT_DrinfeldKohno
MSKleene.rec_closed_reg,MSKleene.rec_op
MSKleene.rec_closed_reg,MSKleene_Recognizable
MSKleene.rec_closed_reg,MSKleene.rec_iter
MSKleene.rec_closed_reg,MSKleene.rec_subst_single
MSKleene.rec_closed_reg,MSKleene_RegAlgebra
MagicSquares.magic_three_normal_classify,MagicSquaresParam3
MagicSquares.magic_three_normal_classify,MagicSquares
Problem97.affineSpan_eq_top_of_not_collinear,Erdos9796Counting_Foundation
Problem97.affineSpan_eq_top_of_not_collinear,Erdos9796Counting_Adapter
Grover.search_succeeds_bounded,groverIterate
Grover.search_succeeds_bounded,Grover.amplitude_rotation
ExcursionCoupling.Fsigma_eVariationOn_eq_of_mutuallySingular,excursion_coupling
MatrixCompletion.NoSpuriousMin.K_superlevel_bound_corrected,MatrixCompletion.NoSpuriousMin.K_decomposition
MatrixCompletion.NoSpuriousMin.K_superlevel_bound_corrected,MatrixCompletion.NoSpuriousMin.perturbation_terms_bound_corrected
MatrixCompletion.NoSpuriousMin.K_superlevel_bound_corrected,MCNoSpuriousMinModel
mm_path,mm_basic
CircleMethod.aux_sum_min_le,CircleMethod.nrm_eq_zero_iff
CircleMethod.aux_sum_min_le,CircleMethod.nrm_pos_of_not_int
CircleMethod.aux_sum_min_le,CircleMethod.nrm_add_intCast
CircleMethod.aux_sum_min_le,CircleMethod.norm_sum_e_le
CircleMethod.aux_sum_min_le,CircleMethod.nrm_le
CircleMethod.aux_sum_min_le,CircleMethod.nrm_triangle
CircleMethod.aux_sum_min_le,CircleMethod.norm_sum_e_le_min
CircleMethod.aux_sum_min_le,CircleMethod.nrm_neg
CircleMethod.aux_sum_min_le,CircleMethod.nrm_le_half
CircleMethod.aux_sum_min_le,CircleMethod_char
CircleMethod.aux_sum_min_le,CircleMethod.nrm_nonneg
EulerMascheroni.Sondow.cutoffError_tendsto_zero,eulerMascheroni_sondowCutoff
Monotonicity_Theorem.monotonicity_theorem2,Monotonicity_Theorem_Framework2
Monotonicity_Theorem.monotonicity_theorem2,Monotonicity_Theorem.finite_partition_core2
MarkovMixing.cutoff_necessary,mm_cutoff
MarkovMixing.cutoff_necessary,MarkovMixing.relaxation_lower
BookSixth.bregman_minc_path_expansion,BregmanMincWeights
OpenGA_SurgeryComparisonProcess,OpenGA_WidthComparisonData
OpenGA_SurgeryComparisonProcess,OpenGA_RadialSurgeryVolumeBudget
fundamental_theorem_of_algebra,fta_winding_homotopy_preserves_lift
fundamental_theorem_of_algebra,polynomial_eval_norm_tendsto_cobounded
fundamental_theorem_of_algebra,fta_winding_rootless_boundary_has_lift
fundamental_theorem_of_algebra,fta_polynomial_large_circle_dominates
fundamental_theorem_of_algebra,fta_winding_large_circle_homotopic_to_leading
fundamental_theorem_of_algebra,liouville_eq_const_of_tendsto_cocompact
fundamental_theorem_of_algebra,fta_winding_power_loop_no_lift
MellinOfSmooth1a,DeltaSpikeSupport
MellinOfSmooth1a,MellinCalculus_defs
MellinOfSmooth1a,MellinOf1
MellinOfSmooth1a,DeltaSpikeOfRealContinuous
MellinOfSmooth1a,MellinConvolutionSymmetric
MellinOfSmooth1a,MellinOfDeltaSpike
MellinOfSmooth1a,MellinConvolutionTransform
TaoFivePrimes.strongly_major_arc_discrete_to_cutoff_model,TaoFivePrimes.strongly_major_arc_prime_sums_to_cutoff_model
TaoFivePrimes.strongly_major_arc_discrete_to_cutoff_model,TaoFivePrimes_FourierRepresentation
TaoFivePrimes.strongly_major_arc_discrete_to_cutoff_model,TaoFivePrimes.strongly_major_arc_prime_amplitude
TaoFivePrimes.strongly_major_arc_discrete_to_cutoff_model,TaoFivePrimes.DK_strongly_major_approx
TaoFivePrimes.strongly_major_arc_discrete_to_cutoff_model,TaoFivePrimes_ArcSplit
Freiman.lower_models,Freiman.lower_initial_entry
Freiman.lower_models,Freiman.lower_refinement_alternative
Freiman.lower_models,Freiman_lowerCertificates
Freiman.lower_models,Freiman.lower_path_model
Hirsch.section_access_recurrence,BasicSolution
Hirsch.section_access_recurrence,Vertex
Hirsch.section_access_recurrence,ActiveConstraints
Hirsch.section_access_recurrence,Hirsch_model
Hirsch.section_access_recurrence,LinearOptimization.lp_basic_solutions_finite
Hirsch.section_access_recurrence,Hirsch.adj_tight_rows_rank
Hirsch.section_access_recurrence,Hirsch.ridge_visible_access
Hirsch.section_access_recurrence,Hirsch.face_connected
Hirsch.section_access_recurrence,LinearOptimization.lp_vertex_extreme_bfs_equiv
Hirsch.section_access_recurrence,Hirsch_walk
Problem97.counting_arithmetic,Erdos9796Counting_Foundation
Problem97.counting_arithmetic,Erdos9796Counting_Adapter
MarkovChainCLT.martingaleCLT_chain,MarkovChainCLT.processSigma_Ici_eq_comap_shift
MarkovChainCLT.martingaleCLT_chain,MarkovChainCLT.clt_iff_uniformlyIntegrable_of_alpha_mixing
MarkovChainCLT.martingaleCLT_chain,MarkovChainCLT.map_coord_chainMeasure
MarkovChainCLT.martingaleCLT_chain,MarkovChainCLT.chainMeasure_eq_comp_traj
MarkovChainCLT.martingaleCLT_chain,MarkovChainCLT.abs_integral_sub_le_tvDist
MarkovChainCLT.martingaleCLT_chain,MarkovChainCLT.chainMeasure_past_inter_future
MarkovChainCLT.martingaleCLT_chain,MarkovChainPathMeasure
MarkovChainCLT.martingaleCLT_chain,MarkovChainCLT.processSigma_Iic_eq_comap_restrict
MarkovChainCLT.martingaleCLT_chain,MarkovChainCLT.isStrictlyStationary_chainMeasure
MarkovChainCLT.martingaleCLT_chain,MarkovErgodicity
zeta_ne_zero_of_strip_of_five_lt_im,zeta_ne_zero_of_strip_of_six_lt_im
zeta_ne_zero_of_strip_of_five_lt_im,zeta_ne_zero_of_mem_strip_of_abs_im_le_six
mme_dwz_square_fixed_tau_value_23747,mme_six_symmetric_tau_value_to_direct_of_iso
mme_dwz_square_fixed_tau_value_23747,mme_dwz_square_equation25_table2_below
mme_dwz_square_fixed_tau_value_23747,mme_dwz_square_table2_numeric_23747
mme_dwz_square_fixed_tau_value_23747,mme_CW_square_six_symmetrization_iso
mme_dwz_square_fixed_tau_value_23747,mme_tau_value
mme_dwz_square_fixed_tau_value_23747,mme_CW_tensor
HorizontalPadicL.ellipticCurve_minimalModularLevel_iff_localEulerFactorDegree_lt_two,HorizontalPadicL_LocalEulerFactorDegree
AGT.nash_existence,agt_games
AGT.nash_existence,AGT.brouwer_fixed_point
BookSixth.bregman_minc_claimB,BregmanMincWeights
BookSixth.bregman_minc_claimB,BookSixth.bregman_minc_geometric_mean
VectorSpaceOpt.quadratic_penalty_cluster_point_converges,VectorSpaceOpt_quadratic_penalty
MTT.Cohomology.reflection_class,MTT_Cohomology
CannonFloydParry.mem_commutator_iff,CannonFloydParry
polyDegree_distinguishing_units_bound,ns_lemma2_nonneg
polyDegree_distinguishing_units_bound,minsky_papert_symmetrization
polyDegree_distinguishing_units_bound,markov_brothers_integer_grid_v2
Problem97.ConvexIndep.not_wbtw,Erdos9796Counting_Foundation
Problem97.ConvexIndep.not_wbtw,Erdos9796Counting_Adapter
Erdos180.proposedFamily_mem_iff,erdos180_core4
BookSixth.latin_asymptotic,BookSixth.latin_asymptotic_of_bounds
BookSixth.latin_asymptotic,BookSixth
BookSixth.latin_asymptotic,BookSixth.latin_bounds
BanditAlgorithm.mdp_ucrl2_good_event_regret_bound,BanditAlgorithm.mdp_ucrl2_optimistic_phase_run_on_good_event
BanditAlgorithm.mdp_ucrl2_good_event_regret_bound,FiniteMDPLearning
BanditAlgorithm.mdp_ucrl2_good_event_regret_bound,BanditAlgorithm.mdp_ucrl2_regret_bound_of_optimistic_phase_run
FiniteReflectionPositivityMethodsI.offZeroModeInfrared,FiniteReflectionPositivityMethodsI
HarmonicBuildingKL.orderExistsAndAtLeastOneWD,HarmonicBuilding.orderExistsAndAtLeastOne
HarmonicBuildingKL.orderExistsAndAtLeastOneWD,EuclideanBuildingDirections.exists_euclideanBuildingData
HarmonicBuildingKL.orderExistsAndAtLeastOneWD,euclidean_building_directions
buying_to_bundle_quality_product_ae_mem_support,buying_to_bundle_market
RybinAI2026.P16.completeMUB6_iff_projectiveToricDesign36,RybinAI2026.P16.projectiveToricDesign36_to_completeMUB6
RybinAI2026.P16.completeMUB6_iff_projectiveToricDesign36,mub6_projective_toric_design
RybinAI2026.P16.completeMUB6_iff_projectiveToricDesign36,RybinAI2026.P16.completeMUB6_to_projectiveToricDesign36
CircleMethod.singSeries_eq_tprod,CircleMethod.sum_e_div_orthogonality
CircleMethod.singSeries_eq_tprod,CircleMethod.locDens_bound
CircleMethod.singSeries_eq_tprod,CircleMethod.e_zero
CircleMethod.singSeries_eq_tprod,CircleMethod.locDens_zero_modulus
CircleMethod.singSeries_eq_tprod,CircleMethod.sing_series_summable_norm
CircleMethod.singSeries_eq_tprod,CircleMethod.locDens_one
CircleMethod.singSeries_eq_tprod,CircleMethod.locDens_exponent_lt_neg_one
CircleMethod.singSeries_eq_tprod,Vino.e_div_congr
CircleMethod.singSeries_eq_tprod,CircleMethod_singpos
CircleMethod.singSeries_eq_tprod,CircleMethod.locDens_mul
CircleMethod.singSeries_eq_tprod,CircleMethod.e_add
OpenGA.nonempty_widthComparisonTrace_of_surgeryComparisonProcess,OpenGA.exists_event_free_partition
OpenGA.nonempty_widthComparisonTrace_of_surgeryComparisonProcess,OpenGA.RadialSurgeryVolumeBudget.events_finite
OpenGA.nonempty_widthComparisonTrace_of_surgeryComparisonProcess,OpenGA_WidthComparisonTrace
OpenGA.nonempty_widthComparisonTrace_of_surgeryComparisonProcess,OpenGA_SurgeryComparisonProcess
Hirsch.common_face_diameter_two_of_rows_le_dim_add_two,Hirsch.hpoly_diameter_le_excess_of_rows_le_dim_add_three
Hirsch.common_face_diameter_two_of_rows_le_dim_add_two,Hirsch_model
Hirsch.common_face_diameter_two_of_rows_le_dim_add_two,Hirsch.common_face_diamLE_of_coord_diamLE
Hirsch.common_face_diameter_two_of_rows_le_dim_add_two,Hirsch_common_face_geometry
diophantine_degree_ge_two_case_two_quintuple,diophantine_descent
OpenGA.RadialSurgeryVolumeBudget.removedVolume_lower,OpenGA.antitoneOn_lintegral_div_hypRadVol
OpenGA.RadialSurgeryVolumeBudget.removedVolume_lower,OpenGA_RadialSurgeryVolumeBudget
Hirsch.face_connected,BasicSolution
Hirsch.face_connected,Vertex
Hirsch.face_connected,ActiveConstraints
Hirsch.face_connected,Hirsch_model
Hirsch.face_connected,LinearOptimization.lp_basic_solutions_finite
Hirsch.face_connected,LinearOptimization.lp_vertex_extreme_bfs_equiv
CircleMethod.norm_e_sub_one,CircleMethod.e_eq_cos_add_sin
CircleMethod.norm_e_sub_one,CircleMethod_char
BanditAlgorithm.bandit_canonical_occupation_identities,banditRegret
BanditAlgorithm.bandit_canonical_occupation_identities,BanditAlgorithm.bandit_expected_reward_eq_arm_occupation
Freiman.gap_minimum_reflected,Freiman.gap_reflect_match
Freiman.gap_minimum_reflected,Freiman.gap_reflect_capped
Freiman.gap_minimum_reflected,Freiman_gapModel
Freiman.gap_minimum_reflected,Freiman.gap_reflection
Freiman.gap_minimum_reflected,Freiman.gap_minimum_bound
FiniteReflectionPositivityMethodsI.claimBoundary,FiniteReflectionPositivityMethodsI.chessboard
FiniteReflectionPositivityMethodsI.claimBoundary,FiniteReflectionPositivityMethodsI.splitWeightReflectionPositivity
FiniteReflectionPositivityMethodsI.claimBoundary,FiniteReflectionPositivityMethodsI.zeroModeRestrictionControl
FiniteReflectionPositivityMethodsI.claimBoundary,FiniteReflectionPositivityMethodsI.torus4Spectrum
FiniteReflectionPositivityMethodsI.claimBoundary,FiniteReflectionPositivityMethodsI.freeCovariancePositiveSemidefinite
FiniteReflectionPositivityMethodsI.claimBoundary,FiniteReflectionPositivityMethodsI.torus4Eigenmode
FiniteReflectionPositivityMethodsI.claimBoundary,FiniteReflectionPositivityMethodsI.halfObservableBinding
FiniteReflectionPositivityMethodsI.claimBoundary,FiniteReflectionPositivityMethodsI
FiniteReflectionPositivityMethodsI.claimBoundary,FiniteReflectionPositivityMethodsI.offZeroModeInfrared
FiniteReflectionPositivityMethodsI.claimBoundary,FiniteReflectionPositivityMethodsI.fullVertexReflectionNoGo
mme_HasTauValueAtLeast_mono_restrict,mme_restrict_kronPow
mme_HasTauValueAtLeast_mono_restrict,mme_tau_value
BrinSquier.closure_supp_commutator_subset,BrinSquier.commutator_id_near_common_fixed
BrinSquier.closure_supp_commutator_subset,BrinSquier
BanditAlgorithm.gaussian_ts_optimal_reciprocal_tail_sum_bound,ThompsonSampling
BanditAlgorithm.gaussian_ts_optimal_reciprocal_tail_sum_bound,GaussianBandit
RybinAI2026.P01.crossIntegral_pos,rybin2026_p01_cross_integral
bernoulli_least_squares_certificate_existence_from_tangent_concentration,matrix_completion_tangent
ExcursionCoupling.regularLevel_of_finite_crossings,ExcursionCoupling.generalized_intermediate_value_theorem
ExcursionCoupling.regularLevel_of_finite_crossings,excursion_coupling
Chou.hasPackingProperty_of_directedUnion,CannonFloydParry.not_elementaryAmenable_F
Chou.hasPackingProperty_of_directedUnion,CannonFloydParry.no_free_subgroup_of_rank_two
Chou.hasPackingProperty_of_directedUnion,Chou_ElementaryAmenable
Chou.hasPackingProperty_of_directedUnion,Chou_Classes
DiazModulus.candidate_exp_angularTriple_transcendental,Diaz.locus_stable
DiazModulus.candidate_exp_angularTriple_transcendental,DiazModulus
DiazModulus.candidate_exp_angularTriple_transcendental,DiazModulus.diaz_locus_dictionary
DiazModulus.candidate_exp_angularTriple_transcendental,DiazModulus.six_exponentials
DiazModulus.candidate_exp_angularTriple_transcendental,Diaz_Instantiation
DiazModulus.candidate_exp_angularTriple_transcendental,Diaz.elliptic_axis_alignment
DiazModulus.candidate_exp_angularTriple_transcendental,DiazModulus.candidate_orbit_and_plane_rigidity
DiazModulus.candidate_exp_angularTriple_transcendental,Diaz.indep_of_not_axis
DiazModulus.candidate_exp_angularTriple_transcendental,DiazModulus.hermite_lindemann_holds
ConvexOptimization.slater_supporting_multipliers,ConvexOptimization_lagrangeDuality
MarkovEntanglement.rmab_index_policy_entanglement_le_sqrt,MarkovEntanglement.rmab_entanglement_le_configuration_deviation
MarkovEntanglement.rmab_index_policy_entanglement_le_sqrt,MarkovEntanglement.meanFieldMap_piecewise_affine
MarkovEntanglement.rmab_index_policy_entanglement_le_sqrt,MarkovEntanglement.rmab_multi_step_concentration
MarkovEntanglement.rmab_index_policy_entanglement_le_sqrt,MarkovEntanglement.rmab_one_step_concentration
MarkovEntanglement.rmab_index_policy_entanglement_le_sqrt,MarkovEntanglement.rmab_local_stability
MarkovEntanglement.rmab_index_policy_entanglement_le_sqrt,markov_entanglement_meanfield
MarkovMixing.tv_le_sep,mm_stopping
MarkovMixing.tv_le_sep,MarkovMixing.tv_eq_half_l1
iwasawa_freeness,flt_odd_prime_ge_5
LinearOptimization.lp_standard_form_basic_iff,BasicSolution
Monotonicity_Theorem.lemma_two,Monotonicity_Theorem.decreasing_of_uniform_above_below2
Monotonicity_Theorem.lemma_two,Monotonicity_Theorem_Framework2
Monotonicity_Theorem.lemma_two,Monotonicity_Theorem.increasing_of_uniform_above_above2
Monotonicity_Theorem.lemma_two,Monotonicity_Theorem.decreasing_of_uniform_below_below2
Monotonicity_Theorem.lemma_two,Monotonicity_Theorem.increasing_of_uniform_below_above2
Monotonicity_Theorem.lemma_two,Monotonicity_Theorem.uniform_pattern_window3
Monotonicity_Theorem.lemma_two,Monotonicity_Theorem.infinite_definable_set_contains_interval2
mme_entropy_regional_recipe_compilation,mme_entropy_regional_CW_recipe
mme_entropy_regional_recipe_compilation,mme_integer_regional_entropy_copy_bound
PoincareFormalization.ExtinctionEndgame.simply_connected_factors_of_connected_sum,OpenGA_SurgeryTopologyEvolution
ReservoirSAS,ReservoirESN
MarkovMixing.heat_kernel_convergence,MarkovMixing.tv_eq_half_l1
MarkovMixing.heat_kernel_convergence,MarkovMixing.convergence_theorem
MarkovMixing.heat_kernel_convergence,mm_continuous
LinearOptimization.integer_hull_is_finitely_generated,LinearOptimization.convexHull_natGenerated_eq_finitelyGeneratedSet
LinearOptimization.integer_hull_is_finitely_generated,LinearOptimization_LagrangeanDual
LinearOptimization.integer_hull_is_finitely_generated,LinearOptimization_FinitelyGeneratedSet
LinearOptimization.integer_hull_is_finitely_generated,LinearOptimization.integer_polyhedron_points_natGenerated
Freiman.middle_interval,Freiman_lagrangeSpectrum
Freiman.middle_interval,Freiman.separated_peaks
Freiman.middle_interval,Freiman.constant_order
Freiman.middle_interval,Freiman.middle_controlled_witness
Freiman.middle_interval,Freiman.middle_interval_upper
Freiman.middle_interval,Freiman.middle_interval_lower
mme_recursive_region_parent_profiles,mme_recursive_x_hash_families
mme_recursive_region_parent_profiles,mme_recursive_yz_physical_words
Freiman.middleRepair_cover_realization,Freiman_middleRepair
Freiman.middleRepair_cover_realization,Freiman.middleRepair_path_realized
Freiman.middleRepair_cover_realization,Freiman.middleRepair_step
Freiman.middleRepair_cover_realization,Freiman.middleRepair_path_choice
Freiman.middleRepair_cover_realization,Freiman.middleRepair_realized_monotone
mme_TypeGrading_kron,mme_mmobj_mul
mme_TypeGrading_kron,mme_CW_square_canonical_grading
qpr_alphabet_relabelling,quantum_parallel_repetition_game
mme_integer_regional_step_realization,mme_integer_regional_CW_recipe
mme_integer_regional_step_realization,mme_recursive_region_actual_exact_step_realization
Freiman_lowerCertificates,Freiman_lowerSelection
Hirsch.balanced_polynomial_bound,Hirsch_model
Hirsch.balanced_polynomial_bound,Hirsch.diameter_bound_of_target_face_access
Hirsch.balanced_polynomial_bound,Hirsch.polynomial_target_face_access
agt_regret,agt_games
RybinAI2026.P13.exponential_boundary_abel_solution_mass_one,rybin2026_p13_exponential_boundary
mme_recursive_regional_CW_plan_omega_bound,mme_recursive_regional_CW_data
mme_recursive_regional_CW_plan_omega_bound,mme_bigAdd_mono_restrict
mme_recursive_regional_CW_plan_omega_bound,mme_CW_copied_finite_surplus_omega_bound
mme_recursive_regional_CW_plan_omega_bound,mme_recursive_regional_CW_plan_sound
BanditAlgorithm.bernoulli_relative_entropy_pinsker,bernoulliRelativeEntropy
Erdos9796FiniteNine_Shell,Erdos9796FiniteNine_CountingCore
Freiman.gap_reflection,Freiman_gapCertificateData
MarkovErgodicity,TotalVariationDist
MarkovErgodicity,MarkovIterKernel
BunkbedFalse.sub_invariants,BunkbedSubstituted
ZetaInvBnd_aux,Rectangle_defs
ZetaInvBnd_aux,ZetaBounds_defs
ZetaInvBnd_aux,EulerMaclaurin_defs
ZetaInvBnd_aux,Fourier_defs
ZetaInvBnd_aux,ZetaInvBnd_aux_prime
ZetaInvBnd_aux,ResidueCalcOnRectangles_defs
VectorSpaceOpt_lagrangeDualValue,VectorSpaceOpt_lagrangian
ExcursionCoupling.generalized_intermediate_value_theorem,excursion_coupling
TaoFivePrimes.major_arc_estimate,TaoFivePrimes.strongly_major_arc_discrete_to_cutoff_model
TaoFivePrimes.major_arc_estimate,TaoFivePrimes_ArcSplit
TaoFivePrimes.major_arc_estimate,TaoFivePrimes.strongly_major_arc
TaoFivePrimes.major_arc_estimate,TaoFivePrimes.eta_cutoff_model_mass
eventually_departure_le_scaled_arrival,sojourn_div_arrival_tendsto_zero
eventually_departure_le_scaled_arrival,queueing_continuous_time
fermat_last_theorem,flt.fermat_last_theorem
BanditAlgorithm.partial_monitoring_neighbour_transverse_direction,PartialMonitoringGame
FiniteGreenVariationalEnergyV1.canonicalGreenNorm,FiniteGreenVariationalEnergyV1
FormalizedScopeReach_Times,FormalizedScopeReach_REACH
Hirsch.dimension_three_bound,Hirsch.dimension_two_bound
Hirsch.dimension_three_bound,Hirsch_model
Hirsch.dimension_three_bound,Hirsch.klee_three_dimensional_bound
TaoFivePrimes.rosser_schoenfeld_psi_bound,TaoFivePrimes.schoenfeld_psi_error_large
TaoFivePrimes.rosser_schoenfeld_psi_bound,TaoFivePrimes_ArcSplit
TaoFivePrimes.rosser_schoenfeld_psi_bound,TaoFivePrimes.rosser_psi_finite_middle
mme_entropy_surplus_arith,mme_entropy_regional_CW_recipe
scaledArrivedTailSojournRate_tendsto,queueing_continuous_time
scaledArrivedTailSojournRate_tendsto,arrivedSojournRate_tendsto
mme_type_cover_uniform_copy_extraction,mme_bigAdd_mono_restrict
mme_type_cover_uniform_copy_extraction,mme_rank_bridge
Hirsch.given_supporting_face_access_of_boundary_product_factors,Hirsch_model
Hirsch.given_supporting_face_access_of_boundary_product_factors,Hirsch.larman_bound
TaoFivePrimes.representationCount_fourier,TaoFivePrimes_FourierRepresentation
MarkovChainCLT.alpha_cov_bound_of_moment,MixingCoefficients
MarkovChainCLT.alpha_cov_bound_of_moment,MarkovChainCLT.alpha_cov_bounded
Chou_Classes,Chou_ElementaryAmenable
CircleMethod.weyl_squaring,CircleMethod_genfun
Chou.hasPackingProperty_of_residuallyElementaryAmenable,CannonFloydParry.not_elementaryAmenable_F
Chou.hasPackingProperty_of_residuallyElementaryAmenable,CannonFloydParry.no_free_subgroup_of_rank_two
Chou.hasPackingProperty_of_residuallyElementaryAmenable,Chou_ElementaryAmenable
Chou.hasPackingProperty_of_residuallyElementaryAmenable,Chou_Classes
mme_entropy_regional_witness,mme_entropy_regional_CW_recipe
mme_entropy_regional_witness,mme_entropy_regional_boundary_match
mme_entropy_regional_witness,mme_entropy_regional_step_five_copies
Vino.singTerm_prime,Vino_ramanujan
Vino.singTerm_prime,Vino.ramanujan_prime
Chou.isVirtuallyNilpotent_or_hasExponentialGrowth_of_extension,Chou.isFinitelyPresented_of_isNilpotent_of_fg
Chou.isVirtuallyNilpotent_or_hasExponentialGrowth_of_extension,Chou.hall_finite_subgroups_of_index
Chou.isVirtuallyNilpotent_or_hasExponentialGrowth_of_extension,Chou_Growth
Chou.isVirtuallyNilpotent_or_hasExponentialGrowth_of_extension,Chou.isVirtuallyNilpotent_of_finite_of_isNilpotent_quotient
Chou.isVirtuallyNilpotent_or_hasExponentialGrowth_of_extension,Chou.milnor_wolf
Chou.isVirtuallyNilpotent_or_hasExponentialGrowth_of_extension,Chou_ElementaryAmenable
Chou.isVirtuallyNilpotent_or_hasExponentialGrowth_of_extension,Chou.isFinitelyPresented_of_isFinitelyPresented_of_finite_quotient
Chou.isVirtuallyNilpotent_or_hasExponentialGrowth_of_extension,Chou_Classes
Chou.isVirtuallyNilpotent_or_hasExponentialGrowth_of_extension,Chou.fg_of_isFinitelyPresented_quotient
GameSetMatch.winLossAdv_nested_lt_one,GameSetMatch.winLossAdv_one_eq_majorityAdv
GameSetMatch.winLossAdv_nested_lt_one,GameSetMatchInternal
Erdos146.midpointBeta_lt_upper_unconditional,erdos146_core2
Freiman.localValue_shift,Freiman_wordRealization
Erdos9796Counting_CircumscribedMECPacket,Erdos9796Counting_Cap_PartitionFromMEC
Erdos9796Counting_CircumscribedMECPacket,Erdos9796Counting_MEC_Boundary
Erdos9796Counting_CircumscribedMECPacket,Erdos9796Counting_Adapter
Freiman.supremum_approximating_sequence,Freiman_symbolicMarkovSpectrum
KN_HorizontalPadicLDensityExtension,KN_HorizontalPadicLFunction
BanditAlgorithm.mdp_ucrl2_optimistic_phase_run_on_confidence_event,BanditAlgorithm.mdp_ucrl2_optimistic_phase_run_with_confidence_widths
BanditAlgorithm.mdp_ucrl2_optimistic_phase_run_on_confidence_event,UCRL2ConfidenceSets
BanditAlgorithm.mdp_ucrl2_optimistic_phase_run_on_confidence_event,BanditAlgorithm.mdp_doubling_phase_visit_sum_aggregate_le
BanditAlgorithm.mdp_ucrl2_optimistic_phase_run_on_confidence_event,BanditAlgorithm.mdp_inner_prob_diff_le_half_l1_mul_span
Erdos180.encodeFiniteGraph_no_isolated,erdos180_core4
FLT.fermatLastTheorem,P2M_Util
FLT.fermatLastTheorem,FreyPackage.fermatLastTheoremFor_of_five_le
FLT.fermatLastTheorem,FLTPrelim_Ramification
FLT.fermatLastTheorem,FLTPrelim_GaloisRep
FLT.fermatLastTheorem,FLTPrelim_ModularRep
FLT.fermatLastTheorem,FLTPrelim_CofixedLine
FLT.fermatLastTheorem,FLTPrelim_FreyPackage
FLT.fermatLastTheorem,FLTPrelim_Modularity
ShiOptrates_Stochastic_Recursion,ShiOptrates_Cost
ShiOptrates_Stochastic_Recursion,ShiOptrates_FunctionClass
ZengPryadko2019.tensorProductDistance_lowerBound,ZengPryadko2019
KerrBL.vacKerr_thth,KerrBL_Kerr_ClosedForms
Problem97.isCcwConvexPolygon_of_cut_sorted_arcAngle,Erdos9796Counting_Foundation
Problem97.isCcwConvexPolygon_of_cut_sorted_arcAngle,Erdos9796Counting_MEC_ArcAngle
Problem97.isCcwConvexPolygon_of_cut_sorted_arcAngle,Problem97.signedArea2_sign_eq_oangle_sign
Problem97.isCcwConvexPolygon_of_cut_sorted_arcAngle,Erdos9796Counting_ConvexCyclicOrder_Construct
Problem97.isCcwConvexPolygon_of_cut_sorted_arcAngle,Problem97.signedArea2_neg_of_cut_sorted
Problem97.isCcwConvexPolygon_of_cut_sorted_arcAngle,Erdos9796Counting_Adapter
Erdos180.proposedFamilyFree_minDegree_sixteenth_power_le,erdos180_core4
Erdos180.proposedFamilyFree_minDegree_sixteenth_power_le,Erdos180.proposedFamilyFree_minDegree_polynomial_le
mme_bridge_asymptoticRank,mme_tensor_bridge
MarkovMixing.distPairs_submultiplicative,mm_mixing
MarkovMixing.distPairs_submultiplicative,MarkovMixing.tv_coupling
MarkovChainCLT.clt_of_var_limit_of_summable_rho,MarkovChainCLT.uniformIntegrable_sq_partialSum_of_summable_rho
MarkovChainCLT.clt_of_var_limit_of_summable_rho,MixingCoefficients
MarkovChainCLT.clt_of_var_limit_of_summable_rho,MarkovChainCLT.alphaMixingCoef_le_quarter_mul_rhoMixingCoef
MarkovChainCLT.clt_of_var_limit_of_summable_rho,MarkovChainCLT.clt_iff_uniformlyIntegrable_of_alpha_mixing
MarkovChainCLT.clt_of_var_limit_of_summable_rho,MarkovChainCLT.summable_covariance_of_summable_rho
MarkovChainCLT.clt_of_var_limit_of_summable_rho,MarkovChainCLT.tendstoInDistribution_inv_sqrt_of_normalized
KServer.finite_game_characterization,KServer.exists_lazy_algorithm
KServer.finite_game_characterization,KServer_finite_game
ConvexOptimization.lagrangian_saddle_iff_strong_duality,ConvexOptimization_lagrangeDuality
Smooth1Properties_below,DeltaSpikeSupport
Smooth1Properties_below,MellinCalculus_defs
Smooth1Properties_below,Smooth1Properties_estimate
Smooth1Properties_below,MeasureTheory.integral_comp_div_I0i_haar
SymplecticFreeModules.canonical_invariant_submodule_dichotomy,frame_2026_symplectic_free_modules_interfaces
mme_block_subtensor,mme_block_tensor
syracuse_fixed_point_eq_one,syracuseStep
BanditAlgorithm.bandit_minimax_lower_bound,banditRegret
BanditAlgorithm.bandit_minimax_lower_bound,GaussianBandit
BanditAlgorithm.bandit_minimax_lower_bound,BanditAlgorithm.bandit_minimax_gaussian_pair_regret_sum_lower_bound
BunkbedAux.Pabc_add_Pab_c_eq_connProb,BunkbedPercolation
Freiman.middleRepair_path_choice,Freiman.middleRepair_frame_path_choice_normalized
Freiman.middleRepair_path_choice,Freiman.middleRepair_frame_normalized_regular
Freiman.middleRepair_path_choice,Freiman.middleRepair_frame_normalized_good
Freiman.middleRepair_path_choice,Freiman_middleRepair
Freiman.middleRepair_path_choice,Freiman.middleRepair_frame_normalized_idem
Freiman.middleRepair_path_choice,Freiman.middleRepair_frame_normalized_cover
Freiman.middleRepair_path_choice,Freiman.middleRepair_frame_realized_normalized
SipserGacsLautemann.amplified_verifier_implies_sigma_two,SipserGacsLautemann.large_set_translates_cover
SipserGacsLautemann.amplified_verifier_implies_sigma_two,sgl_lautemann_bridge
SipserGacsLautemann.amplified_verifier_implies_sigma_two,SipserGacsLautemann.amplified_verifier_implies_sigma_two_of_cover_lemmas
SipserGacsLautemann.amplified_verifier_implies_sigma_two,SipserGacsLautemann.small_set_translates_do_not_cover
SipserGacsLautemann.amplified_verifier_implies_sigma_two,sipser_gacs_lautemann
SipserGacsLautemann.amplified_verifier_implies_sigma_two,SipserGacsLautemann.cover_verifier_decides_in_polynomial_time
SipserGacsLautemann.amplified_verifier_implies_sigma_two,sgl_verifier_constructions
EulerMascheroni.Sondow.finite_cutoff_identity,eulerMascheroni_sondowCutoff
Problem97.three_le_card_of_convexIndep_noncoll,Erdos9796Counting_Foundation
Problem97.three_le_card_of_convexIndep_noncoll,Erdos9796Counting_Adapter
LinearOptimization.convex_hull_finite_is_polyhedron,LinearOptimization.polyhedron_linear_image
LinearOptimization.convex_hull_finite_is_polyhedron,Polyhedron
KerrBL.reg_eventually_Kerr,KerrBL_Kerr_Metric
HairerSPDE.charFun_tilt_of_joint_gaussian,HairerSPDE_CameronMartin
Problem97.Dumitrescu.capPairApexes_card_le_two,Erdos9796Counting_Dumitrescu_L6
Problem97.Dumitrescu.capPairApexes_card_le_two,Erdos9796Counting_Foundation
Problem97.Dumitrescu.capPairApexes_card_le_two,Problem97.Dumitrescu.perpBisector_apex_bound
Problem97.Dumitrescu.capPairApexes_card_le_two,Erdos9796Counting_Adapter
flt_odd_prime_gt_5,flt_wiles
RybinAI2026.P16.completeMUB6_to_projectiveToricDesign36,mub6_projective_toric_design
flt_wiles,flt_odd_prime_coprime_reduction
flt_wiles,flt_wiles_coprime
BanditAlgorithm.best_arm_identification_track_and_stop_upper_bound,BanditAlgorithm.chernoff_stopping_rule_sound
BanditAlgorithm.best_arm_identification_track_and_stop_upper_bound,BanditTrajectory
BanditAlgorithm.best_arm_identification_track_and_stop_upper_bound,BanditAlgorithm.chernoff_stopping_time_sample_complexity_of_settling
BanditAlgorithm.best_arm_identification_track_and_stop_upper_bound,BanditAlgorithm.exists_policy_optimal_allocation_with_integrable_settling_time
BanditAlgorithm.best_arm_identification_track_and_stop_upper_bound,GaussianBandit
ExcursionCoupling.ae_levelSet_subset_crossings,ExcursionCoupling.total_variation_eq_integral_indicatrix
ExcursionCoupling.ae_levelSet_subset_crossings,excursion_coupling
ExcursionCoupling.ae_levelSet_subset_crossings,ExcursionCoupling.crossing_count_measurable
BanditAlgorithm.asymptotic_ucb_selected_overshoot_count_bound,asymptoticUcbFailureCount
BanditAlgorithm.asymptotic_ucb_selected_overshoot_count_bound,BanditAlgorithm.bandit_adaptive_stopped_centered_sum_tail
BanditAlgorithm.asymptotic_ucb_selected_overshoot_count_bound,BanditAlgorithm.bandit_ucb_index_exponential_sum_bound_sharp
BanditAlgorithm.asymptotic_ucb_selected_overshoot_count_bound,BanditAlgorithm.bandit_ucb_index_count_bound
HarmonicBuilding.constantOnBallImpliesConstant,frame_2026_harmonic_building_interfaces
HarmonicBuilding.constantOnBallImpliesConstant,HarmonicBuilding.constantOnOpenImpliesConstant
BunkbedFalse.gadget_conn_all,BunkbedHypergraph
mm_mcmc,mm_basic
RybinAI2026.P01.crossIntegral_single_slot_normalized_sum_le_one,rybin2026_p01_cross_integral
RybinAI2026.P01.crossIntegral_single_slot_normalized_sum_le_one,rybin2026_p01_matrix_integral
MarkovChainCLT.clt_of_moment_of_alpha_pow_summable,MixingCoefficients
MarkovChainCLT.clt_of_moment_of_alpha_pow_summable,MarkovChainCLT.tendstoInDistribution_of_alpha_pow_summable
MarkovChainCLT.clt_of_moment_of_alpha_pow_summable,MarkovChainCLT.summable_covariance_of_alpha_pow_summable
mme_tensor_type_grading,mme_tensor
blockSensitivity_le_sensitivity_pow4,tal_block_sensitivity_bound
blockSensitivity_le_sensitivity_pow4,sensitivity_sq_ge_polyDegree
momentAngle_exists_full_neighborly_twoComplex_blocks,frame_2026_moment_angle_interfaces
momentAngle_exists_full_neighborly_twoComplex_blocks,momentAngle_exists_neighborly_twoComplex_subcomplex_blocks
momentAngle_exists_full_neighborly_twoComplex_blocks,simplicialFourSphere_full_subdivision_of_subcomplex
SmaleNinth.ram_to_bss_quadratic_nonneg,SmaleNinth_RealRAM
SmaleNinth.ram_to_bss_quadratic_nonneg,SmaleNinth_BSSMachine
BanditAlgorithm.klucb_feasibility_optimal_underestimation_count_bound,BanditAlgorithm.asymptotic_ucb_schedule_reciprocal_sum_bound
BanditAlgorithm.klucb_feasibility_optimal_underestimation_count_bound,BanditAlgorithm.bernoulliBandit_isSubgaussian_half
BanditAlgorithm.klucb_feasibility_optimal_underestimation_count_bound,BanditAlgorithm.measurable_klucbIndex
BanditAlgorithm.klucb_feasibility_optimal_underestimation_count_bound,klucbFeasibilityFailureCount
BanditAlgorithm.klucb_feasibility_optimal_underestimation_count_bound,BanditAlgorithm.bernoulliRelativeEntropy_antitone_fst
BanditAlgorithm.klucb_feasibility_optimal_underestimation_count_bound,BanditAlgorithm.bandit_adaptive_stopped_centered_sum_tail_half
BanditAlgorithm.klucb_feasibility_optimal_underestimation_count_bound,BanditAlgorithm.bernoulli_relative_entropy_pinsker
BanditAlgorithm.klucb_feasibility_optimal_underestimation_count_bound,BanditAlgorithm.bandit_adaptive_stopped_bernoulli_kl_lower_tail
Problem97.card_ge_five_of_K4,Erdos9796Counting_Foundation
Problem97.card_ge_five_of_K4,Erdos9796Counting_Adapter
Congruent_Number_Tunnell_Even_Converse,Tunnell.even_count_implies_curve_point
Congruent_Number_Tunnell_Even_Converse,CongruentNumber.rational_triangle_iff_curve_point
Hirsch.common_face_diameter_of_subpresentation_excess_le_three,Hirsch.hpoly_diameter_le_excess_of_rows_le_dim_add_three
Hirsch.common_face_diameter_of_subpresentation_excess_le_three,Hirsch_model
Hirsch.common_face_diameter_of_subpresentation_excess_le_three,Hirsch.common_face_diamLE_of_coord_diamLE
Hirsch.common_face_diameter_of_subpresentation_excess_le_three,Hirsch_common_face_geometry
QuantumParallelRepetition.unconditionalActualFairSourceRoundingContext_cleanBound,quantum_parallel_repetition_game
QuantumParallelRepetition.unconditionalActualFairSourceRoundingContext_cleanBound,qpr_core_28
Erdos146.hammingRetentionMeasure_real_contains_pair,Erdos146.hammingRetentionMeasure_real_contains_finset
Erdos146.hammingRetentionMeasure_real_contains_pair,erdos146_core2
EulerMascheroni.Arithmetic.factorial_denominator_obstruction,EulerMascheroni.Arithmetic.pade_normalized_form_integral
EulerMascheroni.Arithmetic.factorial_denominator_obstruction,EulerMascheroni.Arithmetic.no_small_integral_pade_forms
EulerMascheroni.Arithmetic.factorial_denominator_obstruction,eulerMascheroni_factorialQuotient
ExcursionCoupling.coupling_eq_on_halfopen_column,ExcursionCoupling.coupling_eq_of_concentrated_on_paired_routes
ExcursionCoupling.coupling_eq_on_halfopen_column,excursion_coupling
OpenGA_MeasuredReferenceBall,OpenGA_GeodesicBall
FiniteReflectionPositivityMethodsI.fullVertexReflectionNoGo,FiniteReflectionPositivityMethodsI
EulerMascheroni.Mixed.kernel_coefficient_vanishes,eulerMascheroni_mixedCover
MTT.Cohomology.integration_map_exists,MTT.Cohomology.integration_cochain_integral_class
MTT.Cohomology.integration_map_exists,MTT.Cohomology.integration_cochain_hecke_equivariant
MTT.Cohomology.integration_map_exists,MTT_Cohomology
MTT.Cohomology.integration_map_exists,MTT.Cohomology.integration_linear_map_exists
Hirsch.larman_dimension_step,Hirsch.larman_layer_recursion
Hirsch.larman_dimension_step,Hirsch_model
Hirsch.larman_dimension_step,Hirsch.larman_layer_step
Hirsch.larman_dimension_step,Hirsch.vertex_tight_rows_span
Hirsch.larman_dimension_step,Hirsch.diamLE_of_nonzero_rows
Leopoldt.exists_semilocalHom,LeopoldtDefect
FiniteMagmaE677.backward_recurrence,FiniteMagmaE677
ConvexOptimization_selfConcordance,ConvexOptimization_IsBacktrackingStep
ExcursionCoupling.monotone_plan_concentrated_on_paired_routes,ExcursionCoupling.monotone_plan_diagonal_null
ExcursionCoupling.monotone_plan_concentrated_on_paired_routes,ExcursionCoupling.atom_pairs_null
ExcursionCoupling.monotone_plan_concentrated_on_paired_routes,ExcursionCoupling.mem_pairedRoutes_of_mem_monotone_set
ExcursionCoupling.monotone_plan_concentrated_on_paired_routes,excursion_coupling
ExcursionCoupling.monotone_plan_concentrated_on_paired_routes,ExcursionCoupling.pairedRoutes_projections_carry_marginals
QuantumParallelRepetition.Strategy.outcomeProbability_nonneg,quantum_parallel_repetition_game
QuantumParallelRepetition.Strategy.outcomeProbability_nonneg,QuantumParallelRepetition.Strategy.jointMeasurementOperator_positive
QuantumParallelRepetition.Strategy.outcomeProbability_nonneg,QuantumParallelRepetition.trace_mul_posSemidef_nonneg
TaoFivePrimes_ArcSplit,TaoFivePrimes_FourierRepresentation
CollatzMission.syracuse_odd_conjecture,syracuseStep
TarchaBraids_HalfTwist,BraidsLinksMCG_ConfigSpace
TarchaBraids_HalfTwist,BraidsLinksMCG_ArtinEndo
buying_to_bundle_asymptotic_surrogate_optimality,buying_to_bundle_market
buying_to_bundle_asymptotic_surrogate_optimality,buying_to_bundle_intermediate_surrogate_dispersion_gap_bound
buying_to_bundle_asymptotic_surrogate_optimality,buying_to_bundle_profit_intermediate_surrogate_gap_bound
PrimalDual.buchbinder_naor_unrelated_machines_exact,PrimalDual.buchbinder_naor_feasible_dual_prevents_failure
PrimalDual.buchbinder_naor_unrelated_machines_exact,pd_unrelated_machines
PrimalDual.buchbinder_naor_unrelated_machines_exact,PrimalDual.buchbinder_naor_machine_load_bound
mme_basis_projected_family_restrict,mme_complete_split_profile_projection
mme_basis_projected_family_restrict,mme_tensor_family_direct_sum_restrict_of_mixed_maps
mme_basis_projected_family_restrict,mme_TypeGrading_kron
LeanEval.Geometry.WhitneyEmbeddingProblem.whitney_embedding,WhitneyEmbedding.finite_immersion_and_proper_function_of_noncompact
LeanEval.Geometry.WhitneyEmbeddingProblem.whitney_embedding,WhitneyEmbedding.compact_weak_embedding
LeanEval.Geometry.WhitneyEmbeddingProblem.whitney_embedding,WhitneyEmbedding.weak_embedding_of_finite_immersion_and_proper_function
LeanEval.Geometry.WhitneyEmbeddingProblem.whitney_embedding,WhitneyEmbedding.strong_embedding_from_closed_weak_embedding
Erdos1947.mono_pair_count_le,erdos1947
simplicialFourSphere_full_subdivision_of_subcomplex,frame_2026_moment_angle_interfaces
simplicialFourSphere_full_subdivision_of_subcomplex,geometricRealization_homeomorph_of_stellarSubdivision
OddPerfectNumber.no_euler_equation_special_exponent_ge_nine,OddPerfectNumber.no_euler_ge_nine_eq_nine
OddPerfectNumber.no_euler_equation_special_exponent_ge_nine,OddPerfectNumber.no_euler_ge_nine_ge_thirteen
AGT.brouwer_fixed_point_unitBall,AGT.no_retraction_unitBall
MarkovMixing.cheeger_inequality,MarkovMixing.cheeger_upper
MarkovMixing.cheeger_inequality,MarkovMixing.bottleneck_coarea
MarkovMixing.cheeger_inequality,MarkovMixing.spectral_representation
MarkovMixing.cheeger_inequality,mm_spectral
MarkovMixing.cheeger_inequality,MarkovMixing.eigenvalue_basic
Freiman.middle_initial_endpoint_edges,Freiman_middleRoots
BanditAlgorithm.bretagnolle_huber_inequality,BanditAlgorithm.le_cam_inequality
GameSetMatch.majorityAdv_sq_le,GameSetMatchInternal
BertsekasDP.ssp_policy_iteration,BertsekasSSPModel
bernoulli_strict_dual_certificate_from_least_squares_certificate_bounds,matrix_completion_tangent
bernoulli_strict_dual_certificate_from_least_squares_certificate_bounds,bernoulli_event_probability_mono
bernoulli_strict_dual_certificate_from_least_squares_certificate_bounds,bernoulli_event_intersection_probability_from_lower_bounds
bernoulli_strict_dual_certificate_from_least_squares_certificate_bounds,least_squares_certificate_with_normal_bound_is_strict_dual_certificate
PrimalDualOnline.LP.approx_complementary_slackness,PrimalDualOnline_FiniteLP
BanditAlgorithm.chernoff_stopping_time_le_integrable_plus_linear_of_settling_time,TrackAndStop
BanditAlgorithm.chernoff_stopping_time_le_integrable_plus_linear_of_settling_time,GaussianBandit
HarmonicBuilding.circleChordLaw,frame_2026_harmonic_building_conical
MTT.ordinary_centered_disk_bound,MTT_Measures
MarkovChainCLT.uniformlyErgodic_phiMixing_exp,MixingCoefficients
MarkovChainCLT.uniformlyErgodic_phiMixing_exp,MarkovChainPathMeasure
MarkovChainCLT.uniformlyErgodic_phiMixing_exp,MarkovErgodicity
MarkovChainCLT.uniformlyErgodic_phiMixing_exp,MarkovChainCLT.phiMixingCoef_le_of_tvDist_le
PrimalDualOnline.SkiRental.alg_primal_feasible,PrimalDualOnline_SkiRentalAlg
PrimalDualOnline.SkiRental.alg_primal_feasible,PrimalDualOnline_SkiRentalLP
Erdos180.quadrangle_uniform_lower_of_prime_power_avoidance,erdos180_core4
Erdos180.quadrangle_uniform_lower_of_prime_power_avoidance,Erdos180.symplecticPoint_card
Erdos180.quadrangle_uniform_lower_of_prime_power_avoidance,Erdos180.symplecticIncidence_card_by_points
Freiman.gap_lower_table,Freiman_gapCertificateData
Freiman.gap_lower_table,Freiman.gap_lower_binding
Freiman.gap_lower_table,Freiman.gap_certificate_soundness
Freiman.gap_lower_table,Freiman.gap_lower_checks
Freiman.gap_lower_table,Freiman.gap_capped_digits
Freiman.gap_lower_table,Freiman.gap_lower_application
Freiman.gap_lower_table,Freiman.gap_lower_coverage
MSKleene.iter_absorb,MSKleene_Iteration
MSKleene.iter_absorb,MSKleene.subst_family
Freiman.lower_model_realization,Freiman.separated_peaks
Freiman.lower_model_realization,Freiman.lower_model_structure
Freiman.lower_model_realization,Freiman.lower_central_dominance
Freiman.lower_model_realization,Freiman.background_constant_order
Freiman.lower_model_realization,Freiman_lowerCertificates
FiniteGreenVariationalEnergyV1.vortexEnergyDecomposition,FiniteGreenVariationalEnergyV1
FiniteGreenVariationalEnergyV1.vortexEnergyDecomposition,FiniteGreenVariationalEnergyV1.pythagoras
FiniteGreenVariationalEnergyV1.vortexEnergyDecomposition,FiniteGreenVariationalEnergyV1.canonicalGreenNorm
mme_tensor_bridge,mme_permutation
mme_tensor_bridge,mme_mmobj_mul
mme_tensor_bridge,mme_omega_pos
mme_tensor_bridge,mme_mm_spectral
mme_tensor_bridge,mme_omega_normalize
mme_tensor_bridge,mme_tensor_quotient
mme_tensor_bridge,mme_rank_bridge
Kawahira.nu_indifferent_zero_order_re,Kawahira.norm_one_sub_inv
Kawahira.nu_indifferent_zero_order_re,Kawahira.nu_at_zero_of_order
Kawahira.nu_indifferent_zero_order_re,Kawahira_zeta
Freiman.form_orbit_localValue,Freiman.form_orbit_forward_tail
Freiman.form_orbit_localValue,Freiman.form_orbit_backward_tail
Freiman.form_orbit_localValue,Freiman_reducedForms
Erdos9796Mission.linear_bound_of_problem97,Erdos9796Mission
EulerMascheroni.gamma_irrational_of_transcendental,eulerMascheroni_gompertz
GaussianBandit,StochasticBandit
WeightedRootIntegralIdentity.weighted_geometric_mean_cauchy_boundary_integral,WeightedRootIntegralIdentity.weighted_root_cpow_zero_boundary
WeightedRootIntegralIdentity.weighted_geometric_mean_cauchy_boundary_integral,WeightedRootIntegralIdentity.weighted_root_reciprocal_deriv_at_zero
WeightedRootIntegralIdentity.weighted_geometric_mean_cauchy_boundary_integral,WeightedRootIntegralIdentity.weighted_root_keyhole_contour_identity
sgl_verdict_write,sgl_split_walk
Hirsch.common_face_diamLE_of_coord_diamLE,Hirsch_common_face_geometry
CappedBaseStock_BaseStockAnalysis,CappedBaseStock_Model
SymplecticFreeModules.jordanHolder_for_lieRepresentations,frame_2026_symplectic_free_modules_interfaces
MarkovMixing.hypercube_cutoff,mm_cutoff
MarkovMixing.hypercube_cutoff,MarkovMixing.hypercube_lower_bound
MarkovMixing.hypercube_cutoff,MarkovMixing.tv_eq_half_l1
BFFPyramidal.herzog_schonheim_pyramidal,BFFPyramidal.multiplicity_bound
BFFPyramidal.herzog_schonheim_pyramidal,BFFPyramidal.two_le_multiplicity_bound_arith
BFFPyramidal.herzog_schonheim_pyramidal,BFFPyramidal_cosetPartition
BFFPyramidal.herzog_schonheim_pyramidal,BFFPyramidal_pyramidal
Vino.vmSum_zero_len,Vino_primes
CappedBaseStock.base_stock_average_loss_scan,CappedBaseStock_BaseStockAnalysis
Hirsch.common_face_diameter_of_zero_one_coords,Hirsch.zero_one_polytope_diameter_le_dimension
Hirsch.common_face_diameter_of_zero_one_coords,Hirsch.common_face_diamLE_of_coord_diamLE
Hirsch.common_face_diameter_of_zero_one_coords,Hirsch_common_face_geometry
FiniteGreenVariationalEnergyV1.zeroVorticityControl,FiniteGreenVariationalEnergyV1
BanditAlgorithm.exp4_expected_potential_bound,ContextualAdversarialBandit
BanditAlgorithm.exp4_expected_potential_bound,exp4Analysis
RybinAI2026.P01.distance_pos_smul,rybin2026_p01_matrix_integral
WeightedRootIntegralIdentity.weighted_root_integral_identity,WeightedRootIntegralIdentity.weighted_geometric_mean_integral_identity
Chou.fg_of_isFinitelyPresented_quotient,Chou_Growth
OpenGA.integral_areaDensity_le_energyDensity,OpenGA_AreaEnergyDensities
BookSixth.spectral,BookSixth
WangSun.affineMax_isHH,CPWL
Vino_primes,CircleMethod_char
erdos180_core3,erdos180_core2
BertsekasDP.admissible_cost_integrand_intervalIntegrable,BertsekasCTModel
MSKleene.free_universal,MSKleene_Term
GYGraphTheory.prop_3_7_1,GYGraphTheory
GYGraphTheory.prop_3_7_1,GYGraphTheory.pruferEncode_list_eq_terminal_acc
GYGraphTheory.prop_3_7_1,GYGraphTheory.pruferPeel_terminal_degree_count
BanditAlgorithm.gaussian_ts_optimal_exact_rank_reciprocal_tail_sum_bound,BanditAlgorithm.gaussian_exact_rank_reciprocal_tail_expectation_bound
BanditAlgorithm.gaussian_ts_optimal_exact_rank_reciprocal_tail_sum_bound,ThompsonSampling
BanditAlgorithm.gaussian_ts_optimal_exact_rank_reciprocal_tail_sum_bound,GaussianBandit
Erdos180.extremalScale_nonneg,erdos180_core4
MarkovChainCLT.stationary_clt_of_asymptoticVariance_nonpos,MixingCoefficients
MarkovChainCLT.stationary_clt_of_asymptoticVariance_nonpos,MarkovChainCLT.isStrictlyStationary_comp_of_measurable
MarkovChainCLT.stationary_clt_of_asymptoticVariance_nonpos,MarkovChainCLT.map_coord_chainMeasure
MarkovChainCLT.stationary_clt_of_asymptoticVariance_nonpos,MarkovChainPathMeasure
MarkovChainCLT.stationary_clt_of_asymptoticVariance_nonpos,MarkovChainCLT.isStrictlyStationary_chainMeasure
MarkovChainCLT.stationary_clt_of_asymptoticVariance_nonpos,MarkovErgodicity
MTT.birch_mellin_formula,MTT_Measures
Vino.intCast_sub_val_dvd,Vino_ramanujan
BFFPyramidal.lemma_IV,BFFPyramidal_pyramidal
BFFPyramidal.lemma_IV,BFFPyramidal_arithmetic
QuantumParallelRepetition.unconditionalActualFairSourceRoundingContext_clippingBound,quantum_parallel_repetition_game
QuantumParallelRepetition.unconditionalActualFairSourceRoundingContext_clippingBound,QuantumParallelRepetition.unconditionalActualC485NormalizedDiagonalWork_mass_sum_le_one
QuantumParallelRepetition.unconditionalActualFairSourceRoundingContext_clippingBound,qpr_core_28
QuantumParallelRepetition.unconditionalActualFairSourceRoundingContext_clippingBound,QuantumParallelRepetition.unconditionalExactFairStoppedPhaseHarmonicClippedUnit_le
SmoothedChebyshevPull1_aux_integrable,MediumPNT_defs
SmoothedChebyshevPull1_aux_integrable,EulerMaclaurin_defs
SmoothedChebyshevPull1_aux_integrable,dlog_riemannZeta_bdd_on_vertical_lines_generalized
SmoothedChebyshevPull1_aux_integrable,realDiff_of_complexDiff
SmoothedChebyshevPull1_aux_integrable,SmoothedChebyshevDirichlet_aux_integrable
SmoothedChebyshevPull1_aux_integrable,Fourier_defs
SmoothedChebyshevPull1_aux_integrable,differentiableAt_deriv_riemannZeta
HarmonicBuilding.constantOnCircleImpliesConstantOnBallOfMinimizing,HarmonicBuilding.constant_of_ksEnergy_eq_zero
HarmonicBuilding.constantOnCircleImpliesConstantOnBallOfMinimizing,HarmonicBuilding.ksEnergy_const
HarmonicBuilding.constantOnCircleImpliesConstantOnBallOfMinimizing,frame_2026_harmonic_building_interfaces
HarmonicBuilding.constantOnCircleImpliesConstantOnBallOfMinimizing,HarmonicBuilding.sameKSTraceOnCircle_const_of_continuousOn
HarmonicBuilding.constantOnCircleImpliesConstantOnBallOfMinimizing,HarmonicBuilding.continuousOn_coordinateMapAt
HairerSPDE.exists_fullMeasure_submodule_notMem,HairerSPDE_CameronMartin
BunkbedFalse.simulation,BunkbedSubstituted
OPG500Counterexample.core_link_rank_gap,opg500_weighted_cycle_models
ClockRoPE.periodic_posdef_fourier_coeffs_pmf_v2,ClockRoPE.fejer_cesaro_mean_periodic_at_zero
ClockRoPE.periodic_posdef_fourier_coeffs_pmf_v2,PositiveDefiniteKernel
ClockRoPE.periodic_posdef_fourier_coeffs_pmf_v2,ClockRoPE.posDef_continuous_extension
LeanEval.Geometry.SpaceGroupsProblem.space_groups,LeanEval.Geometry.SpaceGroupsProblem.space_groups_affine_classification
LeanEval.Geometry.SpaceGroupsProblem.space_groups,LeanEval_SpaceGroups_Definitions
LeanEval.Geometry.SpaceGroupsProblem.space_groups,LeanEval.Geometry.SpaceGroupsProblem.space_groups_sohncke_classification
LeanEval.Geometry.SpaceGroupsProblem.space_groups,LeanEval.Geometry.SpaceGroupsProblem.space_groups_OP_classification
Hirsch.tight_row_interval,Hirsch.gdist_reach
Hirsch.tight_row_interval,Hirsch_model
Hirsch.tight_row_interval,Hirsch.face_connected
Hirsch.tight_row_interval,Hirsch_walk
EuclideanBuildingDirections.exists_directionAssignment,euclidean_building_directions
Hirsch.nonzero_supporting_row_of_distinct_extremes,Hirsch_model
Hirsch.nonzero_supporting_row_of_distinct_extremes,Hirsch.vertex_tight_rows_span
LogDerivZetaHoloOn,Rectangle_defs
LogDerivZetaHoloOn,ZetaBounds_defs
LogDerivZetaHoloOn,EulerMaclaurin_defs
LogDerivZetaHoloOn,Fourier_defs
LogDerivZetaHoloOn,differentiableAt_deriv_riemannZeta
LogDerivZetaHoloOn,ResidueCalcOnRectangles_defs
Chou.fg_of_isFinitelyPresented_quotient_of_not_hasFreeSubsemigroupOfRankTwo,Chou_Growth
Hairer.reconstruction_operator,Hairer.reconstruction_existence_pointwise_pos
Hairer.reconstruction_operator,Hairer_Model
Hairer.reconstruction_operator,Hairer.reconstruction_existence_pointwise_nonpos
FiniteMagmaE677.two_left_orbit_complement_elements_escape_gives_fixer,FiniteMagmaE677
qpr_core_17,QuantumParallelRepetition.exactAliceQuestionPurificationMatrix_gram
qpr_core_17,quantum_parallel_repetition_game
qpr_core_17,qpr_core_16
qpr_core_17,QuantumParallelRepetition.exactAliceQuestionFilter_posSemidef
qpr_core_17,QuantumParallelRepetition.exactAliceCoordinateFilter_sum
qpr_core_17,QuantumParallelRepetition.exactAliceCoordinateFilter_posSemidef
qpr_core_17,QuantumParallelRepetition.exactBobCoordinateFilter_posSemidef
qpr_core_17,QuantumParallelRepetition.exactBobQuestionFilter_posSemidef
qpr_core_17,QuantumParallelRepetition.exactBobQuestionPurificationMatrix_gram
qpr_core_17,QuantumParallelRepetition.exactBobCoordinateFilter_sum
qpr_core_17,QuantumParallelRepetition.fullHistoryRemaining_insert_conditioned
Hairer.reconstruction_operator_nonpos,Hairer_Model
sgl_poly_bounds,sipser_gacs_lautemann
mme_omega_lt,mme_omega
mme_omega_lt,mme_omega_lt_CW
mme_omega_lt,mme_omega_strassen_lt
mme_omega_lt,mme_omega_eq_strassen
MTT_Measures,MTT_Arithmetic
Erdos180.symplecticAutomorphism_disjoint_iff,erdos180_core4
mme_more_asymmetry_fourth_fixed_tau_value_surplus,mme_six_symmetrized_tau_value
mme_more_asymmetry_fourth_fixed_tau_value_surplus,mme_stothers_fourth_data
mme_more_asymmetry_fourth_fixed_tau_value_surplus,mme_HasTauValueAtLeast_of_cofinal_finite_extractions
mme_more_asymmetry_fourth_fixed_tau_value_surplus,mme_more_asymmetry_fixed_tau_cofinal_six_extraction_real_tau
LinearOptimization.lp_general_strong_duality,LinearOptimization_LagrangeanDual
LinearOptimization.lp_general_strong_duality,LinearOptimization.lp_general_weak_duality
LinearOptimization.lp_general_strong_duality,Polyhedron
LinearOptimization.lp_general_strong_duality,LinearOptimization.lp_strong_duality
MarkovChainCLT.rhoMixingCoef_chain_submultiplicative,MarkovChainCLT.rhoMixingCoef_submultiplicative_of_condExp_bridge
MarkovChainCLT.rhoMixingCoef_chain_submultiplicative,MixingCoefficients
MarkovChainCLT.rhoMixingCoef_chain_submultiplicative,MarkovChainCLT.chain_condExp_future_bridge
MarkovChainCLT.rhoMixingCoef_chain_submultiplicative,MarkovChainPathMeasure
MarkovChainCLT.rhoMixingCoef_chain_submultiplicative,MarkovErgodicity
MagicSquaresSpecial3,MagicSquares
Hirsch_common_face_geometry,Hirsch_model
BanditAlgorithm.bandit_stopped_binary_testing_information_lower_bound,BanditAlgorithm.bandit_stopped_bretagnolle_huber
BanditAlgorithm.bandit_stopped_binary_testing_information_lower_bound,BanditTrajectory
ErdosStraus242.elementary_mod24,ErdosStraus242
CannonFloydParry.mem_closure_mapA_mapB_of_standardDyadicPartition,CannonFloydParry
MarkovChainCLT.phiMixingCoef_le_of_tvDist_le,MarkovChainCLT.processSigma_Ici_eq_comap_shift
MarkovChainCLT.phiMixingCoef_le_of_tvDist_le,MixingCoefficients
MarkovChainCLT.phiMixingCoef_le_of_tvDist_le,MarkovChainCLT.abs_setAverage_sub_le
MarkovChainCLT.phiMixingCoef_le_of_tvDist_le,MarkovChainCLT.abs_integral_sub_le_tvDist
MarkovChainCLT.phiMixingCoef_le_of_tvDist_le,MarkovChainCLT.chainMeasure_past_inter_future
MarkovChainCLT.phiMixingCoef_le_of_tvDist_le,MarkovChainPathMeasure
MarkovChainCLT.phiMixingCoef_le_of_tvDist_le,MarkovChainCLT.processSigma_Iic_eq_comap_restrict
MarkovChainCLT.phiMixingCoef_le_of_tvDist_le,MarkovChainCLT.isStrictlyStationary_chainMeasure
MarkovChainCLT.phiMixingCoef_le_of_tvDist_le,MarkovErgodicity
VectorSpaceOpt.kalman_recursion,VectorSpaceOpt.estimate_update
eulerMascheroni_sondowCutoff,eulerMascheroni_sondow
eulerMascheroni_p2PrimitiveNormalization,eulerMascheroni_p2Approximation
BanditAlgorithm.partial_monitoring_globally_observable_bounded_vector_estimator,BanditAlgorithm.partial_monitoring_pareto_monotone_neighbour_paths
BanditAlgorithm.partial_monitoring_globally_observable_bounded_vector_estimator,PartialMonitoringAlgorithm26
MarkovMixing.stationary_unique,MarkovMixing.harmonic_eq_const
MarkovMixing.stationary_unique,mm_basic
MarkovMixing.relaxation_lower,mm_spectral
MarkovMixing.relaxation_lower,MarkovMixing.convergence_theorem
index_div_arrival_tendsto,queueing_continuous_time
Vino.e_div_congr,CircleMethod.e_div_add_natCast_mul
Vino.e_div_congr,CircleMethod_char
ResidueTheoremOnRectangleWithSimplePole_prime,Rectangle_defs
ResidueTheoremOnRectangleWithSimplePole_prime,rectangleBorder_subset_rectangle
ResidueTheoremOnRectangleWithSimplePole_prime,mapsTo_rectangleBorder_left_re
ResidueTheoremOnRectangleWithSimplePole_prime,rectangle_mem_nhds_iff
ResidueTheoremOnRectangleWithSimplePole_prime,HolomorphicOn.vanishesOnRectangle
ResidueTheoremOnRectangleWithSimplePole_prime,IsBigO_to_BddAbove
ResidueTheoremOnRectangleWithSimplePole_prime,mapsTo_rectangleBorder_right_re
ResidueTheoremOnRectangleWithSimplePole_prime,not_mem_rectangleBorder_of_rectangle_mem_nhds
ResidueTheoremOnRectangleWithSimplePole_prime,mapsTo_rectangleBorder_right_im
ResidueTheoremOnRectangleWithSimplePole_prime,existsDifferentiableOn_of_bddAbove
ResidueTheoremOnRectangleWithSimplePole_prime,mapsTo_rectangleBorder_left_im
ResidueTheoremOnRectangleWithSimplePole_prime,ResidueCalcOnRectangles_defs
DiazModulus.sixExponentials_cannot_refute_candidate,DiazModulus
mme_rank_bridge,mme_strassen_preorder
mme_rank_bridge,mme_tensor_quotient
mme_rank_bridge,mme_tensor
mme_rank_bridge,mme_tensor_rank
mme_laser_pattern,mme_tensor_type_grading
mme_laser_pattern,mme_tensor_rank
BrinSquier.isPLF_inv,BrinSquier
diophantine_quintuple_b_gt_3a,diophantine_quintuple_not_b_le_3a_of_2a_le
diophantine_quintuple_b_gt_3a,diophantine_descent
diophantine_quintuple_b_gt_3a,diophantine_quintuple_not_b_lt_2a
CircleMethod_singpos,CircleMethod_asymptotic
BirkhoffGlobalSection.birkhoff_retrograde_global_section,BirkhoffGlobalSection
Davenport.zero_free_region,Davenport.zeta_zero_free_region
Davenport.zero_free_region,Davenport.logDeriv_three_four_one
Davenport.zero_free_region,Davenport_siegelWalfisz
Davenport.zero_free_region,Davenport.neg_logDeriv_trivChar_le_pole
Davenport.zero_free_region,Davenport.neg_logDeriv_LFunction_le_sum_zeros
Davenport.zero_free_region,Davenport.neg_logDeriv_trivChar_le
MarkovMixing.convergence_theorem,mm_mixing
MarkovMixing.convergence_theorem,MarkovMixing.distPairs_submultiplicative
MarkovMixing.convergence_theorem,MarkovMixing.exists_pow_pos
MarkovMixing.convergence_theorem,MarkovMixing.dist_le_distPairs
CircleMethod.norm_e,CircleMethod_char
BanditAlgorithm.bandit_asymptotically_optimal_ucb_regret_bound,asymptoticUcbPolicy
BanditAlgorithm.bandit_asymptotically_optimal_ucb_regret_bound,BanditAlgorithm.asymptotic_ucb_suboptimal_arm_expected_pull_count_bound
BanditAlgorithm.bandit_asymptotically_optimal_ucb_regret_bound,banditRegret
BanditAlgorithm.bandit_asymptotically_optimal_ucb_regret_bound,BanditAlgorithm.bandit_regret_decomposition
Erdos180.encodeFiniteGraph_connected,erdos180_core4
Freiman.lagrange_subset_markov,Freiman.markov_symbolic
Freiman.lagrange_subset_markov,Freiman_lagrangeSpectrum
Freiman.lagrange_subset_markov,Freiman.symbolicLagrange_subset_symbolicMarkov
Freiman.lagrange_subset_markov,Freiman_markovSpectrum
Freiman.lagrange_subset_markov,Freiman.symbolic_lagrange_subset_markov
Freiman.lagrange_subset_markov,Freiman.lagrange_symbolic
GameSetMatch.tieIntegral_pos,GameSetMatchInternal
EulerMascheroni.Mixed.formal_e_system_equations,eulerMascheroni_formalESystem
flt.fermat_last_theorem,P2M_Util
flt.fermat_last_theorem,FLT.fermatLastTheorem
Esgk.general_position_distinct_distances_superlinear,Esgk_Foundation
QuantumParallelRepetition.fullHistoryAliceEntropyPotential_lower_bound,quantum_parallel_repetition_game
QuantumParallelRepetition.fullHistoryAliceEntropyPotential_lower_bound,QuantumParallelRepetition.matrixLogEntropy_born_lower_bound_left
QuantumParallelRepetition.fullHistoryAliceEntropyPotential_lower_bound,QuantumParallelRepetition.fullSubsetHistory_mass_eq_postselection
QuantumParallelRepetition.fullHistoryAliceEntropyPotential_lower_bound,qpr_core_14
QuantumParallelRepetition.fullHistoryAliceEntropyPotential_lower_bound,QuantumParallelRepetition.trace_mul_posSemidef_nonneg
RybinAI2026.P01.distance_reindex,rybin2026_p01_matrix_integral
Leopoldt.leopoldtConjecture_iff_exists_continuous_injection,LeopoldtDefect
OpenGA.nonempty_measuredSurgeryComparisonData_of_areaEvolution,OpenGA.nonempty_widthComparisonData_of_areaEvolution
OpenGA.nonempty_measuredSurgeryComparisonData_of_areaEvolution,OpenGA_SurgeryAreaEvolutionData
BertsekasDP.lqg_stage_weight_nonneg,BertsekasLQGModel
diophantine_quintuple_acb_upper_bound,diophantine_descent
diophantine_quintuple_acb_upper_bound,diophantine_quintuple_fujita_regular
diophantine_quintuple_acb_upper_bound,diophantine_quadruple_extension_criterion
diophantine_quintuple_acb_upper_bound,diophantine_quintuple_abde_irregular
diophantine_quintuple_acb_upper_bound,diophantine_quintuple_b_gt_3a
MTT.distribution_relation,MTT_Measures
PachDeZeeuw.Algebraic.coeffline_nonvertical_pair_intersection_bound,PachDeZeeuw.Algebraic.eval_eq_specialized_eval
PachDeZeeuw.Algebraic.coeffline_nonvertical_pair_intersection_bound,PachDeZeeuw.Algebraic.finite_coeff_roots_of_ne_zero
PachDeZeeuw.Algebraic.coeffline_nonvertical_pair_intersection_bound,PachDeZeeuw.Algebraic.specialized_natDegree_le_totalDegree
PachDeZeeuw.Algebraic.coeffline_nonvertical_pair_intersection_bound,PdzPrelim
PachDeZeeuw.Algebraic.coeffline_nonvertical_pair_intersection_bound,PachDeZeeuw.Algebraic.mem_CoeffLineZeroSet
PachDeZeeuw.Algebraic.coeffline_nonvertical_pair_intersection_bound,PachDeZeeuw.Algebraic.coeffLineFactor_dvd_of_specialized_zero
PachDeZeeuw.Algebraic.coeffline_nonvertical_pair_intersection_bound,PachDeZeeuw.Algebraic.ncard_coeff_roots_le_totalDegree
mme_induced_word_zeroing,mme_tensor_quotient
mme_induced_word_zeroing,mme_CW_2376_address_block
CircleMethod.nrm_nonneg,CircleMethod_char
mme_HasTauValueAtLeast_of_cofinal_finite_extractions,mme_tau_value
MTT_Cohomology,MTT_Arithmetic
syracuse_periodic_ge_seven_eq_one,syracuse_six_cycle_eq_one
syracuse_periodic_ge_seven_eq_one,syracuseStep
syracuse_periodic_ge_seven_eq_one,syracuse_four_cycle_eq_one
syracuse_periodic_ge_seven_eq_one,syracuse_five_cycle_eq_one
syracuse_periodic_ge_seven_eq_one,syracuse_three_cycle_eq_one
syracuse_periodic_ge_seven_eq_one,syracuse_two_cycle_eq_one
syracuse_periodic_ge_seven_eq_one,syracuse_fixed_point_eq_one
syracuse_periodic_ge_seven_eq_one,syracuse_seven_cycle_eq_one
syracuse_periodic_ge_seven_eq_one,syracuse_minimal_period_ge_eight_eq_one
DiazModulus.pi_transcendental,DiazModulus
DiazModulus.pi_transcendental,DiazModulus.hermite_lindemann_holds
intervalIntegrable_queueLength,queueing_continuous_time
QuantumParallelRepetition.entangledValue_exponential_decay,quantum_parallel_repetition_game
QuantumParallelRepetition.entangledValue_exponential_decay,QuantumParallelRepetition.entangledValue_le_one
QuantumParallelRepetition.entangledValue_exponential_decay,QuantumParallelRepetition.entangledValue_eq_fin
QuantumParallelRepetition.entangledValue_exponential_decay,qpr_alphabet_relabelling
QuantumParallelRepetition.entangledValue_exponential_decay,QuantumParallelRepetition.distributionUniformExponential
QuantumParallelRepetition.entangledValue_exponential_decay,QuantumParallelRepetition.repeatedEntangledValue_eq_fin
mme_basis_projected_type_cover_restrict,mme_complete_split_profile_projection
mme_basis_projected_type_cover_restrict,mme_TypeGrading_kron
Erdos180.not_acyclic_of_eight_cycle_copy,erdos180_core4
OPG37364.not_hasMatchingCut_of_smallCut_expansion,opg37364_cut_pairs
BertsekasDP.piecewise_trajectory_continuation,BertsekasCTModel
Davenport.perron_of_region_bound,Weil_perron
Davenport.perron_of_region_bound,Weil.perron_parameter_choice
Davenport.perron_of_region_bound,Davenport_siegelWalfisz
Davenport.perron_of_region_bound,Weil.perron_contour_shift
Davenport.perron_of_region_bound,ResidueTheoremOnRectangleWithSimplePole_prime
Davenport.perron_of_region_bound,Weil.perron_truncation
Davenport.perron_of_region_bound,ResidueCalcOnRectangles_defs
ExcursionCoupling.total_variation_eq_integral_indicatrix,ExcursionCoupling.lintegral_levelSet_count_le_eVariationOn
ExcursionCoupling.total_variation_eq_integral_indicatrix,ExcursionCoupling.Fsigma_cadlag
ExcursionCoupling.total_variation_eq_integral_indicatrix,ExcursionCoupling.eVariationOn_le_lintegral_levelSet_count
ExcursionCoupling.total_variation_eq_integral_indicatrix,ExcursionCoupling.eVariationOn_le_lintegral_crossing_count
ExcursionCoupling.total_variation_eq_integral_indicatrix,ExcursionCoupling.generalized_intermediate_value_theorem
ExcursionCoupling.total_variation_eq_integral_indicatrix,excursion_coupling
BanditAlgorithm.pm_minimax_regret_of_affine_loss,PartialMonitoringGame
Freiman_wordRealization,Freiman_symbolicMarkovSpectrum
CircleMethod.e_neg,CircleMethod_char
OPG500Counterexample.eight_vertex_graph_structure,opg500_eight_vertex_graph
mme_more_asymmetry_cofinal_hash_extraction_certificate,mme_more_asymmetry_cofinal_forward_fields_stage_rate_certificate_v3
mme_more_asymmetry_cofinal_hash_extraction_certificate,mme_more_asymmetry_recursive_assembly_from_forward_fields
mme_more_asymmetry_cofinal_hash_extraction_certificate,mme_recursive_yz_certificate_finite_assembly
mme_more_asymmetry_cofinal_hash_extraction_certificate,mme_hash_extraction_certificate
MSKleene_Power,MSKleene_Core
Freiman.separated_copies_centers,Freiman.cylinder_bound_tendsto
Freiman.separated_copies_centers,Freiman.localValue_window_bound
Freiman.separated_copies_centers,Freiman.localValue_shift
Freiman.separated_copies_centers,Freiman_wordRealization
groverIterate,diffusion
groverIterate,oracle
MSKleene_SubstFam,MSKleene_Term
r_eq_t_theorem,flt.fermat_last_theorem
Erdos9796Mission.critical_cover_tight_center_exists,Erdos9796Mission
departedSojournRate_le_timeAverageQueueLength_eventually,queueing_continuous_time
departedSojournRate_le_timeAverageQueueLength_eventually,departedSojourn_le_queueArea
Freiman.separated_copies_limit_classification,Freiman_wordRealization
QuantumParallelRepetition.repeatedEntangledValue_relabel,quantum_parallel_repetition_game
QuantumParallelRepetition.repeatedEntangledValue_relabel,QuantumParallelRepetition.entangledValue_relabel
QuantumParallelRepetition.repeatedEntangledValue_relabel,qpr_alphabet_relabelling
markov_entanglement_rmab,markov_entanglement_policy
OddPerfectNumber.no_odd_perfect_special_exponent_one,OddPerfectNumber.no_odd_perfect_k_one_not_odd_m
OddPerfectNumber.no_odd_perfect_special_exponent_one,OddPerfectNumber.no_odd_perfect_k_one_odd_m
SipserGacsLautemann.cover_verifier_decides_in_polynomial_time,sipser_gacs_lautemann
SipserGacsLautemann.cover_verifier_decides_in_polynomial_time,SipserGacsLautemann.polynomial_time_verifier_aggregation_from_machine
SipserGacsLautemann.cover_verifier_decides_in_polynomial_time,sgl_verifier_constructions
Erdos9796FiniteNine_Forms,Erdos9796FiniteNine_Shell
Freiman.localValue_shift_limit_le,Freiman_symbolicMarkovSpectrum
BanditAlgorithm.gaussian_exact_rank_posterior_overshoot_probability_bound,BanditAlgorithm.gaussianBandit_isSubgaussian_one
BanditAlgorithm.gaussian_exact_rank_posterior_overshoot_probability_bound,BanditAlgorithm.armStoppedCenteredSum_eq_firstRewardsMean
BanditAlgorithm.gaussian_exact_rank_posterior_overshoot_probability_bound,ThompsonSampling
BanditAlgorithm.gaussian_exact_rank_posterior_overshoot_probability_bound,BanditAlgorithm.bandit_adaptive_stopped_centered_sum_tail
BanditAlgorithm.gaussian_exact_rank_posterior_overshoot_probability_bound,GaussianBandit
BanditAlgorithm.alloc_settling_of_tracking_and_target_accuracy,BanditAlgorithm.tsum_sq_mean_failure_ne_top_of_forced_exploration
BanditAlgorithm.alloc_settling_of_tracking_and_target_accuracy,BanditAlgorithm.cesaro_average_forgets_transient
BanditAlgorithm.alloc_settling_of_tracking_and_target_accuracy,BanditAlgorithm.tsum_weight_of_tail_cover
BanditAlgorithm.alloc_settling_of_tracking_and_target_accuracy,TrackAndStop
BanditAlgorithm.alloc_settling_of_tracking_and_target_accuracy,GaussianBandit
collatz_descent_one_mod_four,collatzStepMap
RybinAI2026.P01.matrix_integral_inequality_collinear_differences,rybin2026_p01_matrix_integral
AGT.polynomial_weights_bound,agt_regret
MarkovEntanglement.rmab_index_policy_decomposition_error,MarkovEntanglement.rmab_index_policy_entanglement_le_sqrt
MarkovEntanglement.rmab_index_policy_decomposition_error,markov_entanglement_meanfield
LinearBanditProtocol,SelfNormalizedProcess
LinearBanditProtocol,BanditPolicy
LinearBanditProtocol,GaussianBandit
CirclePackingConstants.c_n_three,CirclePackingConstants
ShiShallow.mulVec_inputState,ShiShallow_Circuit
ShiShallow.mulVec_inputState,ShiShallow_Operator
ShiShallow.mulVec_inputState,ShiShallow.inputState_eq_indicator
MarkovMixing.mixing_time_eps,mm_mixing
MarkovMixing.mixing_time_eps,MarkovMixing.distPairs_submultiplicative
MarkovMixing.mixing_time_eps,MarkovMixing.convergence_theorem
MarkovMixing.mixing_time_eps,MarkovMixing.dist_le_distPairs
SymplecticFreeModules.canonicalHamiltonianApplication,frame_2026_symplectic_free_modules_interfaces
SymplecticFreeModules.canonicalHamiltonianApplication,SymplecticFreeModules.canonicalDegreeWeightStructure
SymplecticFreeModules.canonicalHamiltonianApplication,SymplecticFreeModules.canonicalSimpleShenLarssonExists
SymplecticFreeModules.canonicalHamiltonianApplication,SymplecticFreeModules.canonicalHamiltonianLieBracket
HorizontalPadicL.quadratic_seed_implies_corollary_5_17,HorizontalPadicL.eigenform_seededHorizontalPadicLConstruction_v2
HorizontalPadicL.quadratic_seed_implies_corollary_5_17,HorizontalPadicL.seededHorizontalPadicLConstruction_implies_corollary_5_17_v2
HorizontalPadicL.quadratic_seed_implies_corollary_5_17,KN_HorizontalPadicLDensityExtension
Leopoldt.defect_pos_of_defect_pos,Leopoldt.zpRankBelow_unitClosure_le_add_of_finiteIndex
Leopoldt.defect_pos_of_defect_pos,Leopoldt.exists_finiteIndex_units_sup_closure
Leopoldt.defect_pos_of_defect_pos,LeopoldtDefect
MarkovMixing.group_walk_uniform_stationary,mm_basic
CircleMethod_asymptotic,CircleMethod_waring
CircleMethod_asymptotic,CircleMethod_weylsum
ExcursionCoupling.crossing_measures_marginals,ExcursionCoupling.crossing_measures_marginals_on_Ioc
ExcursionCoupling.crossing_measures_marginals,ExcursionCoupling.crossing_counting_functions_are_measures
ExcursionCoupling.crossing_measures_marginals,excursion_coupling
mme_dwz_cw_square_fine_split_grading,mme_CW_square_canonical_grading
mme_dwz_cw_square_fine_split_grading,mme_TypeGrading_kron
ShiShallow.conj_eq_of_disjoint,ShiShallow.IsLocal.conjTranspose
ShiShallow.conj_eq_of_disjoint,ShiShallow_Circuit
ShiShallow.conj_eq_of_disjoint,ShiShallow.mul_comm_of_disjoint
ShiShallow.conj_eq_of_disjoint,ShiShallow_Operator
LinearOptimization.integer_polyhedron_points_natGenerated,LinearOptimization_LagrangeanDual
Freiman.lower_path_model,Freiman.lower_path_growth
Freiman.lower_path_model,Freiman.lower_nested_cylinders
Freiman.lower_path_model,Freiman.lower_error_tendsto
Freiman.lower_path_model,Freiman.lower_zero_error_identity
Freiman.lower_path_model,Freiman.lower_path_prefixes
Freiman.lower_path_model,Freiman.lower_physical_cover_distance
Freiman.lower_path_model,Freiman_lowerCertificates
Weil.perron_truncation,Weil_perron
Weil.perron_truncation,Davenport_siegelWalfisz
CannonFloydParry.center_eq_bot,CannonFloydParry
mme_more_asymmetry_fixed_tau_cofinal_six_extraction_real_tau,mme_more_asymmetry_six_symmetric_tau_value_surplus
mme_more_asymmetry_fixed_tau_cofinal_six_extraction_real_tau,mme_six_symmetrized_tau_value
mme_more_asymmetry_fixed_tau_cofinal_six_extraction_real_tau,mme_HasTauValueAtLeast_to_cofinal_finite_extractions
mme_more_asymmetry_fixed_tau_cofinal_six_extraction_real_tau,mme_stothers_fourth_data
Freiman.localValue_eventual_upper_of_limit_bounds,Freiman_symbolicMarkovSpectrum
Freiman.localValue_eventual_upper_of_limit_bounds,Freiman.localValue_coordinate_limit
Freiman.localValue_eventual_upper_of_limit_bounds,Freiman.bounded_words_subsequence
Freiman.localValue_eventual_upper_of_limit_bounds,Freiman.localValue_shift
Freiman.localValue_eventual_upper_of_limit_bounds,Freiman.exceedance_subsequence
Erdos146.binaryEntropy_zero,erdos146_core2
ArithmeticE.harmonic_arithmetic,rationalEArithmetic
Erdos180.symplecticLineGraphMap_horizontal,erdos180_core4
Erdos9796Mission.finite_nine_exclusion,Erdos9796Counting_Dumitrescu_L6
Erdos9796Mission.finite_nine_exclusion,Erdos9796FiniteNine.form_c_v1
Erdos9796Mission.finite_nine_exclusion,Erdos9796Counting_CGN_CGN6
Erdos9796Mission.finite_nine_exclusion,Erdos9796FiniteNine.cyclic_forms
Erdos9796Mission.finite_nine_exclusion,Problem97.MEC.not_collinear_of_three_dist_eq
Erdos9796Mission.finite_nine_exclusion,Problem97.MEC.no_diameter_under_k4
Erdos9796Mission.finite_nine_exclusion,Erdos9796FiniteNine.cap_containment
Erdos9796Mission.finite_nine_exclusion,Problem97.ConvexIndep.not_collinear_of_card_ge_three
Erdos9796Mission.finite_nine_exclusion,Erdos9796Counting_Cap_PartitionFromMEC
Erdos9796Mission.finite_nine_exclusion,Erdos9796FiniteNine.form_a_v1
Erdos9796Mission.finite_nine_exclusion,Problem97.CGN.CGN6norm_minorCapChainModel_of_mecCapPacket
Erdos9796Mission.finite_nine_exclusion,Erdos9796Counting_MEC_ArcAngle
Erdos9796Mission.finite_nine_exclusion,Problem97.Dumitrescu.three_cap_decomposition
Erdos9796Mission.finite_nine_exclusion,Erdos9796Counting_CGN_CGN4g
Erdos9796Mission.finite_nine_exclusion,Erdos9796Counting_CGN_CGN
Erdos9796Mission.finite_nine_exclusion,Problem97.CGN.CGN4g_strictCapBlockData_of_supportCap_oriented
Erdos9796Mission.finite_nine_exclusion,Problem97.CGN.CGN6b_nonacute_of_minorCapChainCoords
Erdos9796Mission.finite_nine_exclusion,Erdos9796Counting_ConvexCyclicOrder_Construct
Erdos9796Mission.finite_nine_exclusion,Erdos9796FiniteNine.form_b_v2
Erdos9796Mission.finite_nine_exclusion,Erdos9796Counting_Adapter
Erdos9796Mission.finite_nine_exclusion,Erdos9796FiniteNine_N8Interface
Erdos9796Mission.finite_nine_exclusion,Erdos9796Counting_Cap_Partition
Erdos9796Mission.finite_nine_exclusion,Erdos9796Counting_IsoscelesCount
Erdos9796Mission.finite_nine_exclusion,Erdos9796FiniteNine.shell
Erdos9796Mission.finite_nine_exclusion,Erdos9796FiniteNine.single_apex_exhaustion
Erdos9796Mission.finite_nine_exclusion,Erdos9796FiniteNine.form_b_v1
Erdos9796Mission.finite_nine_exclusion,Problem97.affineSpan_eq_top_of_not_collinear
Erdos9796Mission.finite_nine_exclusion,Problem97.ConvexIndep.not_wbtw
Erdos9796Mission.finite_nine_exclusion,Erdos9796Counting_CircumscribedMECPacket
Erdos9796Mission.finite_nine_exclusion,Problem97.MEC.exists_nonobtuse_circumscribed_triple
Freiman.approximationValue_integer_translate,Freiman.integerDistance_integer_translate
Freiman.approximationValue_integer_translate,Freiman_perronArithmetic
SipserGacsLautemann.sigma_two_complement_to_pi_two,sipser_gacs_lautemann
CollatzMission.no_divergent_counterexamples,CollatzMission
CollatzMission.no_divergent_counterexamples,CollatzMission.eventualCycleCounterexample_of_bounded_orbit
CollatzMission.no_divergent_counterexamples,CollatzMission.bounded_orbit_of_avoids_one
MarkovChainCLT.alphaMixingCoef_comp_nonneg_le_of_finite,MixingCoefficients
MarkovChainCLT.alphaMixingCoef_comp_nonneg_le_of_finite,MarkovChainCLT.processSigma_comp_le
Freiman.gap_minimum_bound,Freiman.gap_minimum_right_tail
Freiman.gap_minimum_bound,Freiman.gap_join_centre
Freiman.gap_minimum_bound,Freiman.gap_endpoint_B_value
Freiman.gap_minimum_bound,Freiman_gapModel
Freiman.gap_minimum_bound,Freiman.gap_seed_centre
Freiman.gap_minimum_bound,Freiman.gap_capped_digits
Freiman.gap_minimum_bound,Freiman.gap_minimum_left_tail
Freiman.gap_minimum_bound,Freiman.gap_minimum_forbidden
MarkovChainCLT.satisfiesCLT_of_stationary_clt_of_uniformlyErgodic,MeasureTheory.tendstoInMeasure_inv_sqrt_mul_of_dominated
MarkovChainCLT.satisfiesCLT_of_stationary_clt_of_uniformlyErgodic,MarkovChainCLT.tvDist_chainMeasure_shift_le
MarkovChainCLT.satisfiesCLT_of_stationary_clt_of_uniformlyErgodic,MeasureTheory.tendsto_integral_of_tendstoInMeasure_of_bounded
MarkovChainCLT.satisfiesCLT_of_stationary_clt_of_uniformlyErgodic,MarkovChainPathMeasure
MarkovChainCLT.satisfiesCLT_of_stationary_clt_of_uniformlyErgodic,MarkovChainCLT.abs_integral_sub_le_tvDist_of_bounded
MarkovChainCLT.satisfiesCLT_of_stationary_clt_of_uniformlyErgodic,MarkovErgodicity
Chou.hasPackingProperty_of_finite,CannonFloydParry.not_elementaryAmenable_F
Chou.hasPackingProperty_of_finite,CannonFloydParry.no_free_subgroup_of_rank_two
Chou.hasPackingProperty_of_finite,Chou_ElementaryAmenable
Chou.hasPackingProperty_of_finite,Chou_Classes
BertsekasDP.lqg_cost_difference,BertsekasLQGModel
BertsekasDP.lqg_cost_difference,BertsekasDP.lqg_estimation_error_policy_independent
MarkovChainCLT.rhoMixingCoef_comp_nonneg_le,MixingCoefficients
CappedBaseStock.finite_cap_inventory_bound,CappedBaseStock_Model
Problem97.MEC.exists_nonobtuse_circumscribed_triple,Erdos9796Counting_Foundation
Problem97.MEC.exists_nonobtuse_circumscribed_triple,Problem97.MEC.mec_center_mem_convexHull_boundary
Problem97.MEC.exists_nonobtuse_circumscribed_triple,Erdos9796Counting_MEC_Boundary
Problem97.MEC.exists_nonobtuse_circumscribed_triple,Problem97.inner_chord_eq_two_mul_inner_midpoint
Problem97.MEC.exists_nonobtuse_circumscribed_triple,Erdos9796Counting_Adapter
Problem97.MEC.exists_nonobtuse_circumscribed_triple,Erdos9796Counting_MEC_Basic
Problem97.MEC.exists_nonobtuse_circumscribed_triple,Problem97.signedArea_prod_eq_inner_mul_dist_sq
Freiman.cfValue_prefix,Freiman.cf_convergence
Freiman.cfValue_prefix,Freiman_prefixEval
syracuse_seven_cycle_eq_one,syracuseStep
syracuse_seven_cycle_eq_one,syracuse_cycle_min_upper_bound
syracuse_seven_cycle_eq_one,syracuse_cycle_pow_two_gt_pow_three
syracuse_seven_cycle_eq_one,syracuse_no_small_cycle
LinearOptimization.interior_point_path_following_iterations,LinearOptimization_PathFollowing
Problem97.CGN.weighted_average_initial_bound,Erdos9796Counting_Foundation
Problem97.CGN.weighted_average_initial_bound,Erdos9796Counting_Adapter
LinearOptimization_PathFollowing,LinearOptimization_LogBarrier_CentralPath
MarkovAsymptoticVariance,MarkovIterKernel
BanditAlgorithm.bandit_ucb_index_count_bound,BanditAlgorithm.bandit_ucb_index_exponential_sum_bound
CircleMethod.waring_asymptotic,CircleMethod.locDens_bound
CircleMethod.waring_asymptotic,CircleMethod.norm_singInt_le_one
CircleMethod.waring_asymptotic,CircleMethod.norm_weylSum_le
CircleMethod.waring_asymptotic,CircleMethod.rat_sep
CircleMethod.waring_asymptotic,CircleMethod.e_zero
CircleMethod.waring_asymptotic,CircleMethod.e_intCast
CircleMethod.waring_asymptotic,CircleMethod_waring
CircleMethod.waring_asymptotic,CircleMethod.norm_S_le
CircleMethod.waring_asymptotic,CircleMethod.S_add_modulus
CircleMethod.waring_asymptotic,CircleMethod.waring_count
CircleMethod.waring_asymptotic,CircleMethod.integral_e_pow_eq_singInt
CircleMethod.waring_asymptotic,CircleMethod.e_sub_intCast
CircleMethod.waring_asymptotic,CircleMethod.farey_cover_coprime
CircleMethod.waring_asymptotic,CircleMethod.hua_inequality
CircleMethod.waring_asymptotic,CircleMethod.minor_arc_bound
CircleMethod.waring_asymptotic,CircleMethod.sing_series_tail_bound
CircleMethod.waring_asymptotic,CircleMethod.weylSum_add_one
CircleMethod.waring_asymptotic,CircleMethod.major_arc_approx
CircleMethod.waring_asymptotic,CircleMethod.locDens_exponent_lt_neg_one
CircleMethod.waring_asymptotic,CircleMethod.sing_series_summable
CircleMethod.waring_asymptotic,CircleMethod.norm_e
CircleMethod.waring_asymptotic,CircleMethod_asymptotic
CircleMethod.waring_asymptotic,CircleMethod.e_add
CircleMethod.waring_asymptotic,CircleMethod_weylsum
Davenport.neg_logDeriv_trivChar_le_pole,Zeta23.WeilEF.zeta_logDeriv_partial_fraction
Davenport.neg_logDeriv_trivChar_le_pole,Davenport_siegelWalfisz
SourceCoding.shannon_source_coding_theorem_of_two_le_card,SourceCoding.kraft_sufficiency_of_pos_lengths
SourceCoding.shannon_source_coding_theorem_of_two_le_card,SourceCoding_entropy
Hirsch.balanced_hpoly_transfer,Hirsch_model
Grover.amplitude_rotation,groverIterate
HefferonLinAlg.nilpotent_canonical_form,HefferonLinAlg.nilpotent_string_basis
HefferonLinAlg.nilpotent_canonical_form,HefferonLinAlg.change_of_basis_gives_similar_matrices
HefferonLinAlg.nilpotent_canonical_form,HefferonLinAlg_jordan
MTT.Cohomology.eichler_shimura_hecke_compatible,MTT_Cohomology_Boundary
MTT.modularIntegral_integrable,MTT.cuspForm_bounded_near_rational
MTT.modularIntegral_integrable,MTT_Cohomology
dual_certificate_with_restricted_sampling_implies_unique_completion,matrix_completion_tangent
dual_certificate_with_restricted_sampling_implies_unique_completion,strict_dual_certificate_and_injectivity_force_nuclear_norm_gap
PachDeZeeuw.Algebraic.zeroCurry_zeroCurry_pair_intersection_bound,PachDeZeeuw.Algebraic.not_coeffLineFactor_dvd_of_root_left_zero_curry_nonassociated
PachDeZeeuw.Algebraic.zeroCurry_zeroCurry_pair_intersection_bound,PdzPrelim
PachDeZeeuw.Algebraic.zeroCurry_zeroCurry_pair_intersection_bound,PachDeZeeuw.Algebraic.coeffLineFactor_dvd_of_curry_natDegree_zero_root
PachDeZeeuw.Algebraic.zeroCurry_zeroCurry_pair_intersection_bound,PachDeZeeuw.Algebraic.planeCurveZeroSet_eq_coeffLineZeroSet_of_curry_natDegree_zero
Finset.balog_szemeredi_gowers_asymmetric,Finset.popular_pairs_card_lower_bound
Finset.balog_szemeredi_gowers_asymmetric,Finset.ruzsa_sumset_to_difference
Finset.balog_szemeredi_gowers_asymmetric,Finset.sum_addConvolution_eq_card_product
Finset.balog_szemeredi_gowers_asymmetric,Finset.graph_balogSzemerediGowers_restricted_sumset
BunkbedTM.profile_indicator,BunkbedTransfer
BunkbedTM.profile_indicator,BunkbedAux.wzProb_pair_sum
BunkbedTM.profile_indicator,BunkbedTransferTables
eulerMascheroni_factorialQuotient,eulerMascheroni_gompertz
minsky_papert_symmetrization,weight_count_with_subset
bool_func_alternating_sum_sensitivity,cube_alt_sum_to_sensitivity_univ
mme_more_asymmetry_237134_of_six_symmetric_surplus,mme_CW_fourth_asymptoticRank_le
mme_more_asymmetry_237134_of_six_symmetric_surplus,mme_six_symmetric_tau_value_to_direct_of_iso
mme_more_asymmetry_237134_of_six_symmetric_surplus,mme_six_symmetrized_tau_value
mme_more_asymmetry_237134_of_six_symmetric_surplus,mme_strassen_lt_three_mul_of_tau_value_surplus
mme_more_asymmetry_237134_of_six_symmetric_surplus,mme_omega_eq_strassen
mme_more_asymmetry_237134_of_six_symmetric_surplus,mme_stothers_fourth_data
mme_more_asymmetry_237134_of_six_symmetric_surplus,mme_CW_fourth_six_symmetrization_iso
BanditAlgorithm.gaussian_ts_exact_rank_tail_sums_bound,ThompsonSampling
BanditAlgorithm.gaussian_ts_exact_rank_tail_sums_bound,GaussianBandit
BanditAlgorithm.gaussian_ts_exact_rank_tail_sums_bound,BanditAlgorithm.gaussian_ts_optimal_exact_rank_reciprocal_tail_sum_bound
BanditAlgorithm.gaussian_ts_exact_rank_tail_sums_bound,BanditAlgorithm.gaussian_ts_suboptimal_exact_rank_large_tail_sum_bound
BanditAlgorithm.gaussian_ts_suboptimal_exact_rank_large_tail_sum_bound,ThompsonSampling
BanditAlgorithm.gaussian_ts_suboptimal_exact_rank_large_tail_sum_bound,BanditAlgorithm.gaussian_exact_rank_large_posterior_tail_probability_bound
BanditAlgorithm.gaussian_ts_suboptimal_exact_rank_large_tail_sum_bound,BanditAlgorithm.bandit_ucb_index_exponential_sum_bound_sharp
BanditAlgorithm.gaussian_ts_suboptimal_exact_rank_large_tail_sum_bound,GaussianBandit
Gilbreath.good_blocks,Gilbreath.small_rows
Gilbreath.good_blocks,Gilbreath.head_odd_tail_even
Gilbreath.good_blocks,gilbreath_triangle
Gilbreath.good_blocks,Gilbreath.second_column
BertsekasDP.pontryagin_minimum_principle,BertsekasCTModel
BertsekasDP.pontryagin_minimum_principle,BertsekasDP.piecewise_adjoint_terminal_exists
BertsekasDP.pontryagin_minimum_principle,BertsekasDP.minimized_hamiltonian_extension
BertsekasDP.pontryagin_minimum_principle,BertsekasDP.needle_cost_first_variation
SmoothedChebyshevClose,MediumPNT_defs
SmoothedChebyshevClose,Smooth1Properties_above
SmoothedChebyshevClose,EulerMaclaurin_defs
SmoothedChebyshevClose,SmoothedChebyshevClose_aux
SmoothedChebyshevClose,Smooth1Nonneg
SmoothedChebyshevClose,Smooth1LeOne
SmoothedChebyshevClose,Smooth1Properties_below
SmoothedChebyshevClose,Fourier_defs
SmoothedChebyshevClose,SmoothedChebyshevDirichlet
EulerMascheroni.Sondow.scaled_A_integral,eulerMascheroni_sondow
mme_CW_square_laser_frequent_witness_of_coupled,mme_CW_auxiliary_RHS
mme_CW_square_laser_frequent_witness_of_coupled,mme_CW_tensor
mme_CW_square_laser_frequent_witness_of_coupled,mme_CW_coupled_value
Freiman.eventual_digits_bounded,Freiman_symbolicMarkovSpectrum
CircleMethod.S_eq_weyl,CircleMethod.weyl_inequality
CircleMethod.S_eq_weyl,CircleMethod_waring
CircleMethod.S_eq_weyl,CircleMethod.norm_S_le
CircleMethod.S_eq_weyl,CircleMethod.norm_e
CircleMethod.S_eq_weyl,CircleMethod_weylsum
BanditAlgorithm.partial_monitoring_tradeoff_of_geometric_alternatives,BanditAlgorithm.pmStochMeasure_kl_toReal_le_expected_outside_count
BanditAlgorithm.partial_monitoring_tradeoff_of_geometric_alternatives,BanditAlgorithm.pmStochPseudoRegret_pair_tradeoff_of_kl
BanditAlgorithm.partial_monitoring_tradeoff_of_geometric_alternatives,BanditAlgorithm.pmSignalMeasure_eq_symmetric_perturbation_of_fiber_sum
BanditAlgorithm.partial_monitoring_tradeoff_of_geometric_alternatives,BanditAlgorithm.pmStochPseudoRegret_le_worst_pmRegret
BanditAlgorithm.partial_monitoring_tradeoff_of_geometric_alternatives,BanditAlgorithm.pmSignalMeasure_kl_le_symmetric_perturbation
BanditAlgorithm.partial_monitoring_tradeoff_of_geometric_alternatives,PartialMonitoringGame
CircleMethod.locDens_mul,CircleMethod.e_zero
CircleMethod.locDens_mul,CircleMethod.e_intCast
CircleMethod.locDens_mul,CircleMethod_waring
CircleMethod.locDens_mul,CircleMethod.norm_e
CircleMethod.locDens_mul,CircleMethod.e_add_intCast
CircleMethod.locDens_mul,CircleMethod.e_add
mm_continuous,mm_mixing
mm_continuous,mm_spectral
HorizontalPadicL_LocalEulerFactorDegree,KN_HorizontalPadicL
LinearOptimization.lp_vertex_extreme_bfs_equiv,BasicSolution
LinearOptimization.lp_vertex_extreme_bfs_equiv,Vertex
LinearOptimization.lp_vertex_extreme_bfs_equiv,LinearOptimization.lp_active_constraint_equiv
OPG434.root_problem,opg434_weak_pentagon
probe_flt5_basic_v1,flt_five
PdzBezout,PdzPrelim
qpr_core_26,quantum_parallel_repetition_game
qpr_core_26,qpr_core_25
fermat_last_theorem,bp_flt_for_p_ge_5
fermat_last_theorem,flt_reduction
fermat_last_theorem,flt_n_odd_prime
fermat_last_theorem,flt_n_eq_4
Freiman_perronArithmetic,Freiman_lagrangeSpectrum
Freiman_perronArithmetic,Freiman_continuants
Erdos146.midpointBeta_lt_one,Erdos146.entropyUpperEndpoint_lt_one
Erdos146.midpointBeta_lt_one,erdos146_core2
Erdos146.midpointBeta_lt_one,Erdos146.midpointBeta_lt_upper_unconditional
PoincareFormalization.ExtinctionEndgame.not_simply_connected_sphere_handle,OpenGA_SurgeryTopologyEvolution
PrimalDualOnline.SkiRental.alg_cost_eq_ratio_mul_dual,PrimalDualOnline_SkiRentalAlg
PrimalDualOnline.SkiRental.alg_cost_eq_ratio_mul_dual,PrimalDualOnline_SkiRentalLP
Erdos180.proposedFamilyFree_minDegree_ambient_sixteenth_power_le,erdos180_core4
Erdos180.proposedFamilyFree_minDegree_ambient_sixteenth_power_le,Erdos180.proposedFamilyFree_minDegree_sixteenth_power_le
Rudin.ch10_simplex_ftc,Rudin_ch10_forms
EuclideanBuildingDirections.exists_euclideanBuildingData,euclidean_building_directions
TaoFivePrimes.strongly_major_arc,TaoFivePrimes_FourierRepresentation
TaoFivePrimes.strongly_major_arc,TaoFivePrimes.strongly_major_arc_discrete_to_cutoff_model
TaoFivePrimes.strongly_major_arc,TaoFivePrimes_ArcSplit
TaoFivePrimes.strongly_major_arc,TaoFivePrimes.eta_cutoff_model_mass
MagicSquares.center_of_order_three,MagicSquares
Freiman.gap_extremizer_B_global,Freiman.gap_endpoint_B_value
Freiman.gap_extremizer_B_global,Freiman_gapModel
Freiman.gap_extremizer_B_global,Freiman.gap_extremizer_B_noncentral
Freiman.gap_extremizer_B_global,Freiman.gap_threshold_enclosures
Davenport.neg_logDeriv_LFunction_le_sum_zeros,Zeta23.WeilEF.logDeriv_partial_fraction_disk
Davenport.neg_logDeriv_LFunction_le_sum_zeros,Davenport_siegelWalfisz
BanditAlgorithm.exists_policy_optimal_allocation_with_integrable_settling_time_of_subsingleton,BanditAlgorithm.exists_isOptimalAllocation_gaussian
BanditAlgorithm.exists_policy_optimal_allocation_with_integrable_settling_time_of_subsingleton,TrackAndStop
BanditAlgorithm.exists_policy_optimal_allocation_with_integrable_settling_time_of_subsingleton,GaussianBandit
BanditAlgorithm.exists_policy_optimal_allocation_with_integrable_settling_time_of_subsingleton,BanditAlgorithm.settling_of_allocation_half_and_forced_exploration
mme_sum_inequality,mme_MMq_eq_zero_of_not_pos
mme_sum_inequality,mme_matMulExp_strassen_pos
mme_sum_inequality,mme_sum_inequality_pos
mme_sum_inequality,mme_bridge_asymptoticRank
mme_sum_inequality,mme_tensor_bridge
EulerMascheroni.Sondow.fractional_lower_bound_conjecture,eulerMascheroni_sondow
CircleMethod.e_add_intCast,CircleMethod.e_intCast
CircleMethod.e_add_intCast,CircleMethod_char
CircleMethod.e_add_intCast,CircleMethod.e_add
SipserGacsLautemann.polynomial_time_verifier_aggregation_from_machine,SipserGacsLautemann.ternary_amplified_verifier_decides_from_machine
SipserGacsLautemann.polynomial_time_verifier_aggregation_from_machine,SipserGacsLautemann.cover_verifier_decides_from_machine
SipserGacsLautemann.polynomial_time_verifier_aggregation_from_machine,sipser_gacs_lautemann
SipserGacsLautemann.polynomial_time_verifier_aggregation_from_machine,SipserGacsLautemann.polynomial_time_verifier_aggregation
SipserGacsLautemann.polynomial_time_verifier_aggregation_from_machine,sgl_verifier_constructions
Chou.isLocallyFinite_of_elementaryAmenable_of_isMulTorsion,CannonFloydParry.not_elementaryAmenable_F
Chou.isLocallyFinite_of_elementaryAmenable_of_isMulTorsion,CannonFloydParry.no_free_subgroup_of_rank_two
Chou.isLocallyFinite_of_elementaryAmenable_of_isMulTorsion,Chou_ElementaryAmenable
Chou.isLocallyFinite_of_elementaryAmenable_of_isMulTorsion,Chou_Classes
MTT.Cohomology.integral_class_unique,MTT.Cohomology.evaluation_faithful
MTT.Cohomology.integral_class_unique,MTT_Cohomology
Freiman.middle_local_dominance,Freiman.middle_secondary_four_bound
Freiman.middle_local_dominance,Freiman.middle_adjacent_four_identity
Freiman.middle_local_dominance,Freiman.middle_small_digit_centers
Freiman.middle_local_dominance,Freiman_middleRoots
Freiman.middle_local_dominance,Freiman.middle_secondary_four_separations
Hirsch_walk,Hirsch_model
Erdos180.symplecticQuadrangle_no_jTemplate_of_char_two,erdos180_core4
Erdos180.symplecticQuadrangle_no_jTemplate_of_char_two,Erdos180.symplecticLineNormalizer_map_left
Erdos180.symplecticQuadrangle_no_jTemplate_of_char_two,Erdos180.symmetricGraphLine_coordinateCenter_common_point_iff
Erdos180.symplecticQuadrangle_no_jTemplate_of_char_two,Erdos180.coordinateCenterLine_direction_det_ne_zero_of_ne
Erdos180.symplecticQuadrangle_no_jTemplate_of_char_two,Erdos180.symplecticLine_eq_invertible_symmetricGraphLine
Erdos180.symplecticQuadrangle_no_jTemplate_of_char_two,Erdos180.symplecticAutomorphism_incidence_iff
Erdos180.symplecticQuadrangle_no_jTemplate_of_char_two,Erdos180.symplecticLine_eq_coordinateCenterLine_of_common_points
Erdos180.symplecticQuadrangle_no_jTemplate_of_char_two,Erdos180.symplecticLineNormalizer_map_right
Erdos180.symplecticQuadrangle_no_jTemplate_of_char_two,Erdos180.symplecticAutomorphismLineEquiv_apply
Erdos180.symplecticQuadrangle_no_jTemplate_of_char_two,Erdos180.projectiveDirection_nonzero_left
Erdos180.symplecticQuadrangle_no_jTemplate_of_char_two,Erdos180.symplecticQuadrangle_no_jTemplate_of_char_two_line_avoidance
Erdos180.symplecticQuadrangle_no_jTemplate_of_char_two,Erdos180.symplecticAutomorphism_disjoint_iff
Erdos180.symplecticQuadrangle_no_jTemplate_of_char_two,Erdos180.projectiveDirection_nonzero_right
GYGraphTheory.pruferPeel_terminal_degree_count,GYGraphTheory
GYGraphTheory.pruferPeel_terminal_degree_count,GYGraphTheory.prop_3_7_1
Freiman.markov_centered_representative,Freiman_symbolicMarkovSpectrum
Freiman.markov_centered_representative,Freiman.localValue_coordinate_limit
Freiman.markov_centered_representative,Freiman.bounded_words_subsequence
Freiman.markov_centered_representative,Freiman.digits_bounded_of_local_bound
Freiman.markov_centered_representative,Freiman.localValue_shift
Freiman.markov_centered_representative,Freiman.supremum_approximating_sequence
bernoulli_event_failure_lower_bound_from_cardinality_failures,bernoulli_event_success_probability_decomposes_by_cardinality
bernoulli_event_failure_lower_bound_from_cardinality_failures,matrix_completion_fixed_cardinality
ConvexOptimization.prekopa_marginal_log_concave,ConvexOptimization.prekopa_leindler
ConvexOptimization.prekopa_marginal_log_concave,LogConcaveOn
CircleMethod.e_add,CircleMethod_char
LinearOptimization.polyhedron_closed,Polyhedron
ErdosStraus242.scaling,ErdosStraus242
QuantumParallelRepetition.entangledValue_nonneg,quantum_parallel_repetition_game
QuantumParallelRepetition.entangledValue_nonneg,QuantumParallelRepetition.winProbabilities_bddAbove
QuantumParallelRepetition.entangledValue_nonneg,QuantumParallelRepetition.Strategy.winProbability_nonneg
Hirsch.polynomial_target_face_access,Hirsch.polynomial_access_to_given_supporting_face
Hirsch.polynomial_target_face_access,Hirsch_model
Hirsch.polynomial_target_face_access,Hirsch.nonzero_supporting_row_of_distinct_extremes
HorizontalPadicL.ellipticCurve_attachedForm_isNormalizedEigenform,KN_HorizontalPadicL
HorizontalPadicL.ellipticCurve_attachedForm_isNormalizedEigenform,HorizontalPadicL.ellipticCurve_minimalModularLevel_iff_localEulerFactorDegree_lt_two
HorizontalPadicL.ellipticCurve_attachedForm_isNormalizedEigenform,FLTPrelim_Modularity
OddPerfectNumber.no_dris_thirteen_s_ge_two,OddPerfectNumber.no_dris_thirteen_s_ge_two_not_even
OddPerfectNumber.no_dris_thirteen_s_ge_two,OddPerfectNumber.no_dris_thirteen_s_ge_two_even
PoincareFormalization.persistent_comparison_data_of_not_homeomorph_sphere,PoincareFormalization.surgery_comparison_process_of_not_homeomorph_sphere
PoincareFormalization.persistent_comparison_data_of_not_homeomorph_sphere,OpenGA_WidthComparisonTrace
PoincareFormalization.persistent_comparison_data_of_not_homeomorph_sphere,OpenGA.nonempty_widthComparisonTrace_of_surgeryComparisonProcess
BertsekasDP.lqg_certainty_equivalence,BertsekasLQGModel
BertsekasDP.lqg_certainty_equivalence,BertsekasDP.lqg_stage_weight_nonneg
BertsekasDP.lqg_certainty_equivalence,BertsekasDP.lqg_cost_difference
DiazModulus.norm_transcendental_of_generic_conj_pair,DiazModulus
OddPerfectNumber.no_euler_ge_nine_eq_nine,OddPerfectNumber.dris_parametrisation
OddPerfectNumber.no_euler_ge_nine_eq_nine,OddPerfectNumber.no_dris_nine_s_ge_two
OddPerfectNumber.no_euler_ge_nine_eq_nine,OddPerfectNumber.no_dris_nine_s_eq_one
mme_tensor_rank,mme_omega
mme_tensor_rank,mme_tensor
BanditAlgorithm.mdp_ucrl2_high_probability_regret_known_reward_diam_ge_one,FiniteMDPLearning
BanditAlgorithm.mdp_ucrl2_high_probability_regret_known_reward_diam_ge_one,BanditAlgorithm.mdp_ucrl2_good_event_regret_bound
sgl_clock_poly,sgl_coeff
sgl_clock_poly,sgl_seed
sgl_clock_poly,sgl_tail
sgl_clock_poly,sgl_power_uniform
SmoothedChebyshevDirichlet,MediumPNT_defs
SmoothedChebyshevDirichlet,EulerMaclaurin_defs
SmoothedChebyshevDirichlet,Smooth1MellinConvergent
SmoothedChebyshevDirichlet,logt_gt_one
SmoothedChebyshevDirichlet,Smooth1ContinuousAt
SmoothedChebyshevDirichlet,SmoothedChebyshevDirichlet_aux_integrable
SmoothedChebyshevDirichlet,Fourier_defs
SmoothedChebyshevDirichlet,SmoothedChebyshevDirichlet_aux_tsum_integral
BunkbedTM.transfer_eval,BunkbedTransferTables
MTT.measure_extension,PadicMeasure.colmez_r0_moment_extension
MTT.measure_extension,MTT.ordinary_disk_bound
MTT.measure_extension,MTT.ordinary_centered_disk_bound
MTT.measure_extension,MTT_Measures
MTT.measure_extension,MTT.distribution_relation
mme_degeneration,mme_tensor
rowSumB,RSign
BunkbedFalse.gadget_conn,BunkbedHypergraph
Freiman.lower_one_step,Freiman.lower_late_entry_domain
Freiman.lower_one_step,Freiman.lower_parameter_normalize
Freiman.lower_one_step,Freiman.lower_geometry_cover
Freiman.lower_one_step,Freiman.lower_selected_words
Freiman.lower_one_step,Freiman.lower_suffix_targets
Freiman.lower_one_step,Freiman.lower_parameter_extension
Freiman.lower_one_step,Freiman.lower_priority_choice
Freiman.lower_one_step,Freiman.lower_p97_target
Freiman.lower_one_step,Freiman_lowerCertificates
HJMEilenberg.congruence_to_languages,HJMEilenberg_Formations
HJMEilenberg.congruence_to_languages,HJMEilenberg.syntactic_universal
QuantumParallelRepetition.distributionUniformExponential,quantum_parallel_repetition_game
QuantumParallelRepetition.distributionUniformExponential,QuantumParallelRepetition.unconditionalActualFairSourceRoundingData_exists_stoppedVerifier
QuantumParallelRepetition.distributionUniformExponential,QuantumParallelRepetition.fullCoordinateAliceEntropyIncrement_nonneg
QuantumParallelRepetition.distributionUniformExponential,QuantumParallelRepetition.entangledValue_le_one
QuantumParallelRepetition.distributionUniformExponential,QuantumParallelRepetition.pdf_distributionUniformExponential_of_uniform_source_rounding
QuantumParallelRepetition.distributionUniformExponential,QuantumParallelRepetition.Strategy.winProbability_nonneg
QuantumParallelRepetition.distributionUniformExponential,QuantumParallelRepetition.aliceMartingaleEntropyBudget
QuantumParallelRepetition.distributionUniformExponential,qpr_core_26
Freiman_upperModel,Freiman_gapThreshold
Freiman_upperModel,Freiman_prefixEval
Freiman_upperModel,Freiman_symbolicMarkovSpectrum
Freiman.background_unrestricted,Freiman.background_unrestricted_tail
Freiman.background_unrestricted,Freiman_wordRealization
MarkovChainCLT.alphaMixingCoef_exp_of_geometricallyErgodic,MixingCoefficients
MarkovChainCLT.alphaMixingCoef_exp_of_geometricallyErgodic,MarkovChainCLT.alphaMixingCoef_map_pathMap
MarkovChainCLT.alphaMixingCoef_exp_of_geometricallyErgodic,MarkovChainCLT.exists_countable_alpha_witnesses
MarkovChainCLT.alphaMixingCoef_exp_of_geometricallyErgodic,MarkovChainPathMeasure
MarkovChainCLT.alphaMixingCoef_exp_of_geometricallyErgodic,MarkovChainCLT.alphaMixingCoef_exp_of_geometricallyErgodic_of_countablyGenerated
MarkovChainCLT.alphaMixingCoef_exp_of_geometricallyErgodic,MarkovErgodicity
BunkbedFalse.gadget_partition_bound,BunkbedHypergraph
BunkbedFalse.gadget_partition_bound,BunkbedPercolation
BunkbedFalse.gadget_partition_bound,BunkbedFalse.gadget_sep
BunkbedFalse.gadget_partition_bound,BunkbedAux.sum_weight_eq_one
BunkbedFalse.gadget_partition_bound,BunkbedAux.partition_sum_eq_total
BunkbedFalse.gadget_partition_bound,BunkbedAux.Pabc_add_Pab_c_eq_connProb
BunkbedFalse.gadget_partition_bound,BunkbedFalse.gadget_conn_all
BunkbedFalse.gadget_partition_bound,BunkbedFalse.gadget_conn
Freiman.lagrange_symbolic,Freiman.cf_convergence
Freiman.lagrange_symbolic,Freiman_symbolicMarkovSpectrum
Freiman.lagrange_symbolic,Freiman.perron_formula
Freiman.lagrange_symbolic,Freiman.irrational_integer_normalization
Freiman.lagrange_symbolic,Freiman.cfValue_surjective_irrational_unit
Freiman.lagrange_symbolic,Freiman.perron_local_difference_tendsto
Freiman.lagrange_symbolic,Freiman.approximationValue_integer_translate
Freiman.lagrange_symbolic,Freiman.hasFiniteLimsup_congr_of_tendsto_sub_zero
QuantumParallelRepetition.repeatedEntangledValue_eq_fin,quantum_parallel_repetition_game
QuantumParallelRepetition.repeatedEntangledValue_eq_fin,qpr_alphabet_relabelling
QuantumParallelRepetition.repeatedEntangledValue_eq_fin,QuantumParallelRepetition.repeatedEntangledValue_relabel
BanditAlgorithm.partial_monitoring_exists_unit_affine_normalization,PartialMonitoringGame
log_pow_over_xsq_integral_bounded,MediumPNT_defs
log_pow_over_xsq_integral_bounded,EulerMaclaurin_defs
log_pow_over_xsq_integral_bounded,logt_gt_one
log_pow_over_xsq_integral_bounded,Fourier_defs
BookSixth.determinant_lower,BookSixth
BanditAlgorithm.partial_monitoring_hopeless_linear_lower_bound,BanditAlgorithm.partial_monitoring_linear_lower_of_globally_invisible_alternatives
BanditAlgorithm.partial_monitoring_hopeless_linear_lower_bound,BanditAlgorithm.partial_monitoring_hopeless_globally_invisible_alternatives_of_outside
BanditAlgorithm.partial_monitoring_hopeless_linear_lower_bound,PartialMonitoringGame
JuilletExcursionCoupling,excursion_coupling
mme_tensorAsymptoticRank_mono_restrict,mme_duality
mme_tensorAsymptoticRank_mono_restrict,mme_rank_bridge
eulerMascheroni_padeDecay,eulerMascheroni_padeTransform
syracuse_minimal_period_ge_eight_eq_one,syracuse_period_le_sixteen_eq_one
syracuse_minimal_period_ge_eight_eq_one,syracuseStep
syracuse_minimal_period_ge_eight_eq_one,syracuse_minimal_period_ge_seventeen_eq_one
Davenport.neg_logDeriv_trivChar_le,Davenport_siegelWalfisz
ErdosStraus242.erdos_242,ErdosStraus242.mordell_840
ErdosStraus242.erdos_242,ErdosStraus242.mod24_reduction
ErdosStraus242.erdos_242,ErdosStraus242
ErdosStraus242.erdos_242,ErdosStraus242.hard_core_840
Fejer_cesaroMean,Fejer_partialSum
ArithmeticE.polynomial_relation_basis,beukersLiftingData
mme_stothers_fourth_support_and_classes,mme_stothers_fourth_block_support_exact
mme_stothers_fourth_support_and_classes,mme_stothers_fourth_table1_classification
mme_stothers_fourth_support_and_classes,mme_stothers_fourth_data
mme_recursive_yz_boundary_data,mme_recursive_yz_child_matrix_data
fixed_cardinality_event_failure_probability_antitone_of_event_mono,fixed_cardinality_event_probability_monotone_of_event_mono
fixed_cardinality_event_failure_probability_antitone_of_event_mono,matrix_completion_fixed_cardinality
Erdos180.symplecticIncidence_card_by_points,erdos180_core4
MarkovMixing.exists_pow_pos,mm_basic
Erdos9796Mission.minimal_counterexample_removable,Erdos9796Mission.erase_failure_iff_unique_critical_radius
Erdos9796Mission.minimal_counterexample_removable,Erdos9796Mission
Erdos9796Mission.minimal_counterexample_removable,Erdos9796Mission.critical_radius_cover_card_le_nine
x_eps_to_inf,MediumPNT_defs
x_eps_to_inf,EulerMaclaurin_defs
x_eps_to_inf,Fourier_defs
Erdos180.subdivisionGraph_center_pair_adj,erdos180_core4
ErdosStraus242.family_mod31,ErdosStraus242
BanditAlgorithm.bandit_adaptive_stopped_bernoulli_kl_lower_tail,banditHistoryPrefix
BanditAlgorithm.bandit_adaptive_stopped_bernoulli_kl_lower_tail,ucbStoppedCenteredSum
BanditAlgorithm.bandit_adaptive_stopped_bernoulli_kl_lower_tail,BanditAlgorithm.bernoulliRelativeEntropy_antitone_fst
BanditAlgorithm.bandit_adaptive_stopped_bernoulli_kl_lower_tail,bernoulliRelativeEntropy
RybinAI2026.P20.transpose_injectivity_semiring,RybinAI2026.P20.one_column_separation
RybinAI2026.P20.transpose_injectivity_semiring,RybinAI2026.P20.summand_separation
Freiman.positive_reciprocal_infimum_iff,Freiman_reducedForms
Vino_threeprimes,Vino.ramanujan_eq_sum_units
Vino_threeprimes,Vino.singSeriesDvd_eq_prod
Vino_threeprimes,CircleMethod.divisor_bound
Vino_threeprimes,Vino.continuous_e
Vino_threeprimes,Vino.singSeriesDvd_ne_zero_of_odd
Vino_threeprimes,Vaughan.norm_vmSum_minor_le
Vino_threeprimes,Vino.prod_threePrimeFactor_pos
Vino_threeprimes,Vino.threePrimeFactor_two_of_odd
Vino_threeprimes,Vino.psi_nonneg
Vino_threeprimes,Vino.card_coprime_filter
Vino_threeprimes,Vino.vmSum_split_coprime
Vino_threeprimes,Vino.norm_vmSum_le
Vino_threeprimes,Vino_ramanujan
Vino_threeprimes,Vino.three_primes_count
Vino_threeprimes,Vino.ramanujan_mul_unit
Vino_threeprimes,Vino.norm_vmSum_le_mul_log
Vino_threeprimes,Vino.integral_cube_orthogonality
Vino_threeprimes,Vino.ramanujan_neg
Vino_threeprimes,Vino.vmSum_add_one
Vino_threeprimes,Vino.psi_le
Vino_threeprimes,CircleMethod.farey_cover_coprime
Vino_threeprimes,Vino.intervalIntegrable_e
Vino_threeprimes,Vino.singSeries_euler_product
Vino_threeprimes,Vino.vmSum_coprime_char_expansion
Vino_threeprimes,Vino_dirichlet
Vino_threeprimes,Vino.threePrimeFactor_pos_of_odd
Vino_threeprimes,Vino.norm_ramanujan_le
Vino_threeprimes,CircleMethod_char
Vino_threeprimes,Vino.vmSum_zero_len
Vino_threeprimes,Vino_primes
mme_stothers_fixed_exact_address_block_value,mme_stothers_elementary_table1_cyclic_values
mme_stothers_fixed_exact_address_block_value,mme_stothers_fixed_outer_profile
mme_stothers_fixed_exact_address_block_value,mme_stothers_lemma51_recursive_values
mme_stothers_fixed_exact_address_block_value,mme_stothers_fixed_exact_address_block_value_of_class_cyclic_values
mme_stothers_fixed_exact_address_block_value,mme_induced_word_zeroing
BertsekasDP.needle_cost_first_variation,BertsekasCTModel
BertsekasDP.needle_cost_first_variation,BertsekasDP.perturbed_terminal_cost_adjoint_limit
BertsekasDP.needle_cost_first_variation,BertsekasDP.needle_interval_cost_average_limit
BertsekasDP.needle_cost_first_variation,BertsekasDP.needle_perturbed_trajectory_exists
BertsekasDP.needle_cost_first_variation,BertsekasDP.admissible_cost_integrand_intervalIntegrable
ConvexOptimization.sc_suboptimality_le_neg_lam_sub_log,ConvexOptimization_selfConcordance
MSKleene_Subterm,MSKleene_Term
LinearOptimization_OptimalBasis,LinearOptimization_ReducedCost
Erdos146.exp_mul_div_nat_succ_tendsto_atTop,erdos146_core2
MarkovMixing.continuous_discrete_mixing,MarkovMixing.heat_kernel_convergence
MarkovMixing.continuous_discrete_mixing,MarkovMixing.convergence_theorem
MarkovMixing.continuous_discrete_mixing,mm_continuous
BoydChua.solution,BoydChua
MSKleene.rec_subst_single,MSKleene_Recognizable
MSKleene.rec_subst_single,MSKleene.rec_basic
MSKleene.rec_subst_single,MSKleene_Subst
MSKleene.rec_subst_single,MSKleene.rec_subst
MSKleene.rec_subst_single,MSKleene_SubstGlobal
GameSetMatch.tieProb_nested_lt,GameSetMatch.tieIntegral_antitone_right
GameSetMatch.tieProb_nested_lt,GameSetMatchInternal
GameSetMatch.tieProb_nested_lt,GameSetMatch.tieProb_eq_tilt
GameSetMatch.tieProb_nested_lt,GameSetMatch.tieIntegral_antitone_left
GameSetMatch.tieProb_nested_lt,GameSetMatch.majorityAdv_eq_centralBinom_sum
GameSetMatch.tieProb_nested_lt,GameSetMatch.majorityAdv_sq_le
GameSetMatch.tieProb_nested_lt,GameSetMatch.tieIntegral_pos
Freiman.middle_initial_cover,Freiman_middleRoots
Devaney_quadratic,Devaney_sigma2
sgl_verifier_constructions,sipser_gacs_lautemann
Freiman.middle_compatible_monotone,Freiman_middleRoots
BSD.modularity_implies_analytic_continuation,BSD
BSD.modularity_implies_analytic_continuation,FLTPrelim_Modularity
collatz_cycle_gives_syracuse_cycle,syracuseStep
collatz_cycle_gives_syracuse_cycle,collatz_iterate_pos
collatz_cycle_gives_syracuse_cycle,collatzStepMap
collatz_cycle_gives_syracuse_cycle,collatz_reaches_syracuse_iterate
collatz_cycle_gives_syracuse_cycle,collatz_cycle_has_odd
WeakGoldbach.prime_ladder_to_8875e30,WeakGoldbach.prime_in_4e18_window_to_8875e30
HarmonicBuildingKL.orderReducesToHomogeneousWD,HarmonicBuilding.orderReducesToHomogeneous
HarmonicBuildingKL.orderReducesToHomogeneousWD,frame_2026_harmonic_building_conical
HarmonicBuildingKL.orderReducesToHomogeneousWD,EuclideanBuildingDirections.exists_buildingWithDirections
HarmonicBuildingKL.orderReducesToHomogeneousWD,EuclideanBuildingDirections.exists_euclideanBuildingData
HarmonicBuildingKL.orderReducesToHomogeneousWD,euclidean_building_directions
HJMEilenberg.languages_to_congruences,HJMEilenberg_Formations
HJMEilenberg.languages_to_congruences,HJMEilenberg.syntactic_universal
HJMEilenberg.languages_to_congruences,HJMEilenberg.finiteIndex_filter
syracuse_no_small_cycle,syracuseStep
syracuse_no_small_cycle,syracuse_small_reaches_one
syracuse_no_small_cycle,syracuse_periodic_reaches_one
Freiman.lower_initial_cover,Freiman.lower_fixed_right_anchor
Freiman.lower_initial_cover,Freiman_lowerCertificates
Freiman.lower_initial_cover,Freiman.lower_initial_connected
mme_omega_lt_2376,mme_omega
mme_omega_lt_2376,mme_omega_eq_strassen
mme_omega_lt_2376,mme_omega_strassen_lt_2376
MSKleene_RegAlgebra,MSKleene_RegSig
MSKleene_RegAlgebra,MSKleene_Subst
MSKleene_RegAlgebra,MSKleene_Iteration
MSKleene_RegAlgebra,MSKleene_Power
EulerMascheroni.Arithmetic.pade_primitive_remainder_lower_bound,eulerMascheroni_padeTransform
EulerMascheroni.Arithmetic.pade_primitive_remainder_lower_bound,EulerMascheroni.Arithmetic.pade_positive_remainder_and_lower_bound
EulerMascheroni.Arithmetic.pade_primitive_remainder_lower_bound,EulerMascheroni.Arithmetic.pade_exact_cancellation
Diaz.indep_three,Diaz.indep_of_algebraic_product
RybinAI2026.P01.matrix_integral_inequality_rational_gram,RybinAI2026.P01.matrix_integral_inequality_integer_gram
RybinAI2026.P01.matrix_integral_inequality_rational_gram,rybin2026_p01_matrix_integral
RybinAI2026.P01.matrix_integral_inequality_rational_gram,RybinAI2026.P01.distance_pos_smul
ExcursionCoupling.crossing_count_measurable,excursion_coupling
MSKleene.kleene_theorem,MSKleene_Recognizable
MSKleene.kleene_theorem,MSKleene.reg_subset_rec
MSKleene.kleene_theorem,MSKleene_Regular
MSKleene.kleene_theorem,MSKleene.rec_subset_reg
mme_dwz_source_broken_family_restrict_grouped_standard,mme_dwz_source_aligned_address_word_survives_iff_exists_nonhole
mme_dwz_source_broken_family_restrict_grouped_standard,mme_dwz_source_aligned_broken_obj
mme_dwz_source_broken_family_restrict_grouped_standard,mme_dwz_grouped_seven_eighths_restrict_standard
mme_dwz_source_broken_family_restrict_grouped_standard,mme_tensor_family_direct_sum_restrict_of_mixed_maps
mme_dwz_source_broken_family_restrict_grouped_standard,mme_dwz_source_aligned_broken_address_projection_certificate
ClockRoPE.rfr_estimator_concentration_v2,PositiveDefiniteKernel
ClockRoPE.rfr_estimator_concentration_v2,RandomFourierRotation
ClockRoPE.rfr_estimator_concentration_v2,ClockRoPE.fourierTransform_bochner_inversion
ClockRoPE.rfr_estimator_concentration_v2,ClockRoPE.rfr_estimator_unbiased_v2
mme_Ctensor_one_H_one_outer_family_cyclic_value_below,mme_strict_pow_absorbs_sqrt_exp_loss
mme_Ctensor_one_H_one_outer_family_cyclic_value_below,mme_Ctensor_one_H_one_outer_family_balanced_extractions_sqrt_loss
mme_Ctensor_one_H_one_outer_family_cyclic_value_below,CTensorOneHOneFamilyCertificate
mme_Ctensor_one_H_one_outer_family_cyclic_value_below,mme_CW_coupled_value
mme_Ctensor_one_H_one_outer_family_cyclic_value_below,mme_HasTauValueAtLeast_of_cofinal_finite_extractions
KerrBL.vacKerr_thr,KerrBL_Kerr_ClosedForms
Freiman.hasFiniteLimsup_congr_of_tendsto_sub_zero,Freiman_symbolicMarkovSpectrum
MarkovMixing.dist_le_distPairs,mm_mixing
zeta_ne_zero_of_strip_of_two_lt_abs_im,riemannZeta_conj
zeta_ne_zero_of_strip_of_two_lt_abs_im,zeta_ne_zero_of_strip_of_two_lt_im
markov_brothers_integer_grid_v2,markov_polya_grid
markov_brothers_integer_grid_v2,markov_polya_grid_v2
mme_omega_strassen_lt_2376,mme_CW_auxiliary_inequality_2376_profile
mme_omega_strassen_lt_2376,mme_CW_auxiliary_inequality
mme_omega_strassen_lt_2376,mme_CW_endpoint_2376
mme_omega_strassen_lt_2376,mme_omega_strassen
KServer.workFnU_sharp_potential_known_cases,KServer.workFnU_growth_card_succ_inj
KServer.workFnU_sharp_potential_known_cases,KServer.workFnU_growth_two_server_inj
KServer.workFnU_sharp_potential_known_cases,KServer_workfunctionU
KServer.workFnU_sharp_potential_known_cases,HistoryPotential.pathwise_bound_iff
KServer.workFnU_sharp_potential_known_cases,KServer.workFnU_step_le
KServer.workFnU_sharp_potential_known_cases,KServer.workFnU_growth_2k_inj
KServer.workFnU_sharp_potential_known_cases,KServer.workFnU_growth_card_add_two_inj
Fejer.fejerKernel_closed_form,Fejer_fejerKernel
BurauFaithful_UnreducedBurau,BraidsLinksMCG_ArtinBraidGroup
BanditAlgorithm.ucb_suboptimal_arm_expected_pull_count,BanditAlgorithm.ucb_suboptimal_arm_expected_pull_count_ceiling_bound
BanditAlgorithm.ucb_suboptimal_arm_expected_pull_count,ucbPolicy
BanditAlgorithm.ucb_suboptimal_arm_expected_pull_count,banditRegret
ConsistentBanditPolicy,banditRegret
MarkovMixing.ising_cycle,MarkovMixing.glauber_stationary
MarkovMixing.ising_cycle,MarkovMixing.distinguishing_statistic_nondegenerate
MarkovMixing.ising_cycle,MarkovMixing.ising_high_temperature
MarkovMixing.ising_cycle,mm_ising
MarkovMixing.ising_cycle,MarkovMixing.convergence_theorem
MTT.Cohomology.manin_generation,MTT_Cohomology
Fejer_partialSum,Fejer_fourierCoeff
PachDeZeeuw.Algebraic.not_both_specializations_zero_of_isRelPrime,PdzPrelim
PachDeZeeuw.Algebraic.not_both_specializations_zero_of_isRelPrime,PachDeZeeuw.Algebraic.coeffLineFactor_dvd_of_specialized_zero
Erdos146.manuscriptSamplingFailureEvent_real_le,Erdos146.hammingExpectedRetainedVertexCount_eq
Erdos146.manuscriptSamplingFailureEvent_real_le,Erdos146.hammingRetentionMeasure_integrable
Erdos146.manuscriptSamplingFailureEvent_real_le,Erdos146.hammingRetentionMeasure_memLp_two
Erdos146.manuscriptSamplingFailureEvent_real_le,Erdos146.hammingRetainedEdgeCount_lower_tail_probability_le
Erdos146.manuscriptSamplingFailureEvent_real_le,erdos146_core2
Erdos146.manuscriptSamplingFailureEvent_real_le,Erdos146.hammingRetentionMeasure_real_deviation_le
Erdos146.manuscriptSamplingFailureEvent_real_le,Erdos146.badPairLayersRetentionEvent_real_le
Erdos146.manuscriptSamplingFailureEvent_real_le,Erdos146.hammingRetentionMeasure_isProbability
Erdos146.manuscriptSamplingFailureEvent_real_le,Erdos146.hammingRetentionMeasure_real_contains_pair
Erdos146.manuscriptSamplingFailureEvent_real_le,Erdos146.hammingRetentionMeasure_real_event_eq_sum
Erdos146.manuscriptSamplingFailureEvent_real_le,Erdos146.hammingRetainedVertexCount_integral_eq
Erdos146.manuscriptSamplingFailureEvent_real_le,Erdos146.hammingRetentionMeasure_integral_eq_sum
Erdos146.manuscriptSamplingFailureEvent_real_le,Erdos146.hammingRetentionMeasure_real_contains_vertex
MarkovEntanglement.rmab_one_step_concentration,markov_entanglement_meanfield
Vino.sum_charInv_mul_gaussE,Vino.e_natCast_mod
Vino.sum_charInv_mul_gaussE,Vino_dirichlet
Freiman.limsup_subsequence,Freiman_lagrangeSpectrum
FiniteGreenVariationalEnergyV1.vortexMinimumEnergy,FiniteGreenVariationalEnergyV1
FiniteGreenVariationalEnergyV1.vortexMinimumEnergy,FiniteGreenVariationalEnergyV1.vortexEnergyDecomposition
HarmonicBuilding.frequencyLimitExistsAndAtLeastOne,HarmonicBuilding.orderAtLeastOne
HarmonicBuilding.frequencyLimitExistsAndAtLeastOne,frame_2026_harmonic_building_interfaces
HarmonicBuilding.frequencyLimitExistsAndAtLeastOne,HarmonicBuilding.surfaceFrequencyMonotoneOn
AGT.brouwer_fixed_point,AGT.brouwer_fixed_point_unitBall
Erdos180.proposedFamily_familyLittleO,erdos180_core4
Erdos180.proposedFamily_familyLittleO,Erdos180.proposedFamilyFree_sixteenth_power_host_bound
Erdos180.proposedFamily_familyLittleO,Erdos180.edgeFinset_card_eq_natCard
Erdos180.proposedFamily_familyLittleO,Erdos180.extremalScale_nonneg
MagicSquares.magic_three_param_bij,MagicSquares.magic_three_param_necessary
MagicSquares.magic_three_param_bij,MagicSquares.magic_three_param_sufficient
MagicSquares.magic_three_param_bij,MagicSquaresParam3
MagicSquares.magic_three_param_bij,MagicSquares
diophantine_descent_step_exists,diophantine_descent
HefferonLinAlg.jordan_form_exists,HefferonLinAlg.jordan_string_basis
HefferonLinAlg.jordan_form_exists,HefferonLinAlg.change_of_basis_gives_similar_matrices
HefferonLinAlg.jordan_form_exists,HefferonLinAlg_jordan
BanditAlgorithm.contextual_bandit_exp4_regret_bound,ContextualAdversarialBandit
BanditAlgorithm.contextual_bandit_exp4_regret_bound,BanditAlgorithm.exp4_regret_general_eta_bound
BanditAlgorithm.contextual_bandit_exp4_regret_bound,exp4Policy
Problem97.cap_sum_identity,Erdos9796Counting_Foundation
Problem97.cap_sum_identity,Erdos9796Counting_Adapter
Problem97.cap_sum_identity,Erdos9796Counting_Cap_Partition
ReservoirSAS.sas_universal,ReservoirESN
ReservoirSAS.sas_universal,ReservoirSAS.polynomial_sas_realization
ReservoirSAS.sas_universal,ReservoirSAS.sas_esp_of_contracting_polynomial
ReservoirSAS.sas_universal,ReservoirSAS.fmp_polynomial_approximation
ReservoirSAS.sas_universal,ReservoirSAS
BanditAlgorithm.bandit_kl_ucb_suboptimal_arm_pull_bound,BanditAlgorithm.bernoulliBandit_isSubgaussian_half
BanditAlgorithm.bandit_kl_ucb_suboptimal_arm_pull_bound,BanditAlgorithm.bandit_kl_ucb_feasibility_pull_count_split
BanditAlgorithm.bandit_kl_ucb_suboptimal_arm_pull_bound,banditRegret
BanditAlgorithm.bandit_kl_ucb_suboptimal_arm_pull_bound,BanditAlgorithm.klucb_selected_overshoot_count_bound
BanditAlgorithm.bandit_kl_ucb_suboptimal_arm_pull_bound,BanditAlgorithm.bernoulliRelativeEntropy_antitone_fst
BanditAlgorithm.bandit_kl_ucb_suboptimal_arm_pull_bound,BanditAlgorithm.klucb_optimal_underestimation_count_bound
BanditAlgorithm.bandit_kl_ucb_suboptimal_arm_pull_bound,BanditAlgorithm.bandit_adaptive_stopped_centered_sum_tail_half
BanditAlgorithm.bandit_kl_ucb_suboptimal_arm_pull_bound,bernoulliRelativeEntropy
BanditAlgorithm.bandit_kl_ucb_suboptimal_arm_pull_bound,BanditAlgorithm.bandit_kl_ucb_pull_count_failure_split
BanditAlgorithm.bandit_kl_ucb_suboptimal_arm_pull_bound,BanditAlgorithm.bernoulli_relative_entropy_pinsker
BanditAlgorithm.bandit_kl_ucb_suboptimal_arm_pull_bound,BanditAlgorithm.klucb_feasibility_optimal_underestimation_count_bound
Erdos180.projectiveDirection_nonzero_right,erdos180_core4
mme_CW_square_laser_value_of_coupled,mme_CW_auxiliary_RHS_one_le
mme_CW_square_laser_value_of_coupled,mme_CW_auxiliary_RHS
mme_CW_square_laser_value_of_coupled,mme_CW_tensor
mme_CW_square_laser_value_of_coupled,mme_CW_coupled_value
mme_CW_square_laser_value_of_coupled,mme_CW_square_laser_frequent_witness_of_coupled
LinearOptimization.lp_optimal_certificate,LinearOptimization.lp_weak_duality
LinearOptimization.lp_optimal_certificate,LinearOptimization_DualLP
Hirsch.common_face_sequence_route_bound_of_dim_le_three,Hirsch.feasible_face_covered_sequence_route_bound
Hirsch.common_face_sequence_route_bound_of_dim_le_three,Hirsch.common_face_diameter_of_dim_le_three
Hirsch.common_face_sequence_route_bound_of_dim_le_three,Hirsch_common_face_geometry
OddPerfectNumber.no_euler_ge_nine_ge_thirteen,OddPerfectNumber.dris_parametrisation
OddPerfectNumber.no_euler_ge_nine_ge_thirteen,OddPerfectNumber.no_dris_thirteen_s_eq_one
OddPerfectNumber.no_euler_ge_nine_ge_thirteen,OddPerfectNumber.no_dris_thirteen_s_ge_two
mme_laser_value_lower_bound,mme_independent_blocks_form_direct_sum_restrict_enum
mme_laser_value_lower_bound,mme_block_tensor_is_matMul_kronPow_balanced
mme_laser_value_lower_bound,mme_salem_spencer_eps_form
mme_laser_value_lower_bound,mme_3AP_free_no_collision
mme_laser_value_lower_bound,mme_laser_block_dimension_count_refined
mme_laser_value_lower_bound,mme_graded_tensor_pow_block_decomp
mme_laser_value_lower_bound,mme_CW_laser_witness
mme_laser_value_lower_bound,mme_subrank_capacity
mme_laser_value_lower_bound,mme_laser_pattern
Freiman_middleCover,Freiman_prefixEval
Freiman_middleCover,Freiman_symbolicMarkovSpectrum
MSKleene.singleton_term_regular,MSKleene_Regular
SmaleNinth.smale_ninth_real_ram,SmaleNinth_RealRAM
SmaleNinth.smale_ninth_real_ram,Polyhedron
SmaleNinth.smale_ninth_real_ram,SmaleNinth_BSSMachine
Erdos183.quantitativeLowerBound_explicit_all,Erdos183.paletteColourCount_three
Erdos183.quantitativeLowerBound_explicit_all,Erdos183.one_le_log_nat_of_three_le
Erdos183.quantitativeLowerBound_explicit_all,Erdos183.allColourPaletteRamsey_exponential_bound_sharp
Erdos183.quantitativeLowerBound_explicit_all,erdos183_core
Erdos183.quantitativeLowerBound_explicit_all,Erdos183.two_mul_stage_le_paletteColourCount
Erdos183.quantitativeLowerBound_explicit_all,Erdos183.triangleFree_lt_triangleRamseyNumber
Erdos183.quantitativeLowerBound_explicit_all,Erdos183.paletteLogWidth_le_two_log
mme_CW_laser_witness_wz,mme_laser_value_formula_wz
mme_CW_laser_witness_wz,mme_CW_tensor
mme_CW_laser_witness_wz,mme_tensor_type_grading
mme_CW_laser_witness_wz,mme_laser_pattern
posted_price_revenue_le_monopoly_revenue,monopoly_pricing
MTT.Cohomology.integration_linear_map_exists,MTT_Cohomology_Integration
MTT.Cohomology.integration_linear_map_exists,MTT.Cohomology.cuspPrimitive_analytic_relations
GrothendieckTeichmuller.deligne_drinfeld_ihara,GT_grt1
ErdosStraus242.hard_core_840,ErdosStraus242.hard_core_840_after_mod11
ErdosStraus242.hard_core_840,ErdosStraus242.family_mod11
ErdosStraus242.hard_core_840,ErdosStraus242
euclidean_building_directions,frame_2026_harmonic_building_interfaces
euclidean_building_directions,metric_alexandrov_angle
Gilbreath.criterion,gilbreath_triangle
Gilbreath.criterion,Gilbreath.propagation
NgoFL.transfer_factor_valuation,NgoFL.discriminant_eq_subDiscriminant_mul_resultant_sq
NgoFL.transfer_factor_valuation,NgoEndoscopicDiscriminant
ResidueCalcOnRectangles_defs,Rectangle_defs
MarkovChainCLT.phiMixingCoef_comp_nonneg_le,MixingCoefficients
Hatcher.omegaClass_zpow,Hatcher_Circle
BrinSquier.supp_conj,BrinSquier
MTT.exists_ordinary_padic_L_measure,MTT.periods_exist
MTT.exists_ordinary_padic_L_measure,MTT.ordinary_root_exists_unique
MTT.exists_ordinary_padic_L_measure,MTT.interpolation_of_moments
MTT.exists_ordinary_padic_L_measure,MTT_Measures
MTT.exists_ordinary_padic_L_measure,MTT.measure_extension
HorizontalPadicL.corollary_5_17,KN_HorizontalPadicLFunction
HorizontalPadicL.corollary_5_17,HorizontalPadicL.friedberg_hoffstein_quadratic_twist_nonzero
HorizontalPadicL.corollary_5_17,HorizontalPadicL.quadratic_seed_implies_corollary_5_17
sensitivity_sq_ge_polyDegree,gotsman_linial_with_zero
sensitivity_sq_ge_polyDegree,huang_sensitivity_theorem
BertsekasDP.riccati_psd_fixed_point_closed_loop_stable,BertsekasRiccatiMap
CirclePackingConstants.c_n_five,CirclePackingConstants
CirclePackingConstants.c_n_five,CirclePackingConstants.r_n_eq_of_sharp_unit_square_separation
QuantumParallelRepetition.Strategy.outcomeProbability_normalized,quantum_parallel_repetition_game
QuantumParallelRepetition.Strategy.outcomeProbability_normalized,QuantumParallelRepetition.Strategy.jointMeasurementOperator_complete
BanditAlgorithm.gaussian_reciprocal_tail_split_envelope,BanditAlgorithm.standardGaussian_mills_lower_bound
sojourn_div_index_tendsto_zero,queueing_continuous_time
AlmostLossless.general_checksum_bound,Geometry_AlmostLosslessChecksum
AlmostLossless.general_checksum_bound,Geometry_AlmostLosslessMaster
AlmostLossless.general_checksum_bound,AlmostLossless.card_silentPairSlice_mul_le
AlmostLossless.general_checksum_bound,Geometry_AlmostLosslessBlock
ErdosStraus242.hard_core_840_after_mod11_mod19_mod23,ErdosStraus242.hard_core_840_after_mod11_mod19_mod23_mod31
ErdosStraus242.hard_core_840_after_mod11_mod19_mod23,ErdosStraus242
ErdosStraus242.hard_core_840_after_mod11_mod19_mod23,ErdosStraus242.family_mod31
Freiman.middleRepair_realized_monotone,Freiman_middleRepair
Freiman.middleRepair_realized_monotone,Freiman.middleRepair_frame_physical_realized_monotone
Freiman.middleRepair_realized_monotone,Freiman.middleRepair_frame_raw_child_proper
Freiman.middleRepair_realized_monotone,Freiman.middleRepair_frame_realized_normalized
ConvexOptimization.lowner_john_polytope_rounding,ConvexOptimization.lowner_john_unit_ball_kkt
ConvexOptimization.lowner_john_polytope_rounding,ConvexOptimization_IsLownerJohn
ConvexOptimization.lowner_john_polytope_rounding,ConvexOptimization.lowner_john_ball_subset_hull_of_kkt
ConvexOptimization.lowner_john_polytope_rounding,ConvexOptimization_ellipsoidBody
ConvexOptimization.lowner_john_polytope_rounding,ConvexOptimization.lowner_john_affine_invariant
bernoulli_strict_dual_certificate_under_general_sample_bound,matrix_completion_tangent
bernoulli_strict_dual_certificate_under_general_sample_bound,bernoulli_least_squares_certificate_exists_under_general_sample_bound
bernoulli_strict_dual_certificate_under_general_sample_bound,bernoulli_least_squares_certificate_normal_bound_under_general_sample_bound
bernoulli_strict_dual_certificate_under_general_sample_bound,sample_ratio_between_zero_and_one
bernoulli_strict_dual_certificate_under_general_sample_bound,bernoulli_strict_dual_certificate_from_least_squares_certificate_bounds
BrinSquier.freeAbelianBasis_infinite_of_not_abelian,HomeoLine.exists_mem_closure_apply_gt
BrinSquier.freeAbelianBasis_infinite_of_not_abelian,HomeoLine.mem_connectedComponentIn_of_fixes_compl
BrinSquier.freeAbelianBasis_infinite_of_not_abelian,HomeoLine.zpow_moves_of_moves
BrinSquier.freeAbelianBasis_infinite_of_not_abelian,BrinSquier
BrinSquier.freeAbelianBasis_infinite_of_not_abelian,BrinSquier.supp_finite_components
BrinSquier.freeAbelianBasis_infinite_of_not_abelian,BrinSquier.compact_closure_supp_commutator
BrinSquier.freeAbelianBasis_infinite_of_not_abelian,BrinSquier.closure_supp_commutator_subset
BrinSquier.freeAbelianBasis_infinite_of_not_abelian,HomeoLine.pairwise_disjoint_zpow_image
BrinSquier.freeAbelianBasis_infinite_of_not_abelian,BrinSquier.supp_conj
BrinSquier.freeAbelianBasis_infinite_of_not_abelian,TopCover.finite_components_of_finite_cover
bernoulli_restricted_sampling_injective_under_general_sample_bound,matrix_completion_tangent
bernoulli_restricted_sampling_injective_under_general_sample_bound,bernoulli_tangent_sampling_concentration_under_general_sample_bound
bernoulli_restricted_sampling_injective_under_general_sample_bound,bernoulli_restricted_sampling_injectivity_from_tangent_concentration_pos
bernoulli_restricted_sampling_injective_under_general_sample_bound,sample_ratio_between_zero_and_one
Freiman.middle_secondary_four_separations,Freiman.gap_tail_first_difference
Freiman.middle_secondary_four_separations,Freiman_middleRoots
CappedBaseStock.finite_cap_cost_bound,CappedBaseStock_Model
CappedBaseStock.finite_cap_cost_bound,CappedBaseStock.finite_cap_lost_sales_bound
CappedBaseStock.finite_cap_cost_bound,CappedBaseStock.finite_cap_inventory_bound
BookSixth.vanishing_polynomial,BookSixth
Thurston23.exists_hyperbolicVolume_rat_mul_catalan,CatalanLogSin.integral_log_one_sub_inv_four_cos_sq
Thurston23.exists_hyperbolicVolume_rat_mul_catalan,Thurston23_mobius
Thurston23.exists_hyperbolicVolume_rat_mul_catalan,Thurston23.isKleinian_gammaTwoI
Thurston23.exists_hyperbolicVolume_rat_mul_catalan,Thurston23_picard
Thurston23.exists_hyperbolicVolume_rat_mul_catalan,Thurston23.hvol_halfBox_eq_ofReal_integral
Thurston23.exists_hyperbolicVolume_rat_mul_catalan,Thurston23_bundle
Thurston23.exists_hyperbolicVolume_rat_mul_catalan,Thurston23.isFundamentalDomain_halfBox
Thurston23.exists_hyperbolicVolume_rat_mul_catalan,Thurston23.index_gammaTwoIEff
Thurston23.exists_hyperbolicVolume_rat_mul_catalan,CatalanLogSin.integral_log_one_sub_inv_four_cos_sq_eq_neg_catalan_div_three
BanditAlgorithm.bandit_minimax_gaussian_pair_regret_sum_lower_bound,BanditAlgorithm.bandit_divergence_decomposition
BanditAlgorithm.bandit_minimax_gaussian_pair_regret_sum_lower_bound,BanditAlgorithm.gaussian_relative_entropy_formula
BanditAlgorithm.bandit_minimax_gaussian_pair_regret_sum_lower_bound,banditRegret
BanditAlgorithm.bandit_minimax_gaussian_pair_regret_sum_lower_bound,BanditAlgorithm.bandit_regret_decomposition
BanditAlgorithm.bandit_minimax_gaussian_pair_regret_sum_lower_bound,BanditAlgorithm.bandit_canonical_occupation_identities
BanditAlgorithm.bandit_minimax_gaussian_pair_regret_sum_lower_bound,BanditAlgorithm.bretagnolle_huber_inequality
BanditAlgorithm.bandit_minimax_gaussian_pair_regret_sum_lower_bound,GaussianBandit
PowerMethod.rescaled_iterate_tendsto,PowerMethod.iterate_eq_sum
mme_dwz_square_equation25_cofinal_finite_extraction,mme_dwz_source_aligned_address_word_survives_iff_exists_nonhole
mme_dwz_square_equation25_cofinal_finite_extraction,mme_strict_pow_absorbs_sqrt_exp_loss
mme_dwz_square_equation25_cofinal_finite_extraction,mme_dwz_flat_seven_eighths_restrict_standard
mme_dwz_square_equation25_cofinal_finite_extraction,mme_six_symmetrized_tau_value
mme_dwz_square_equation25_cofinal_finite_extraction,mme_dwz_square_equation25_finite_extraction_sqrt_loss
mme_dwz_square_equation25_cofinal_finite_extraction,mme_dwz_square_data
mme_dwz_square_equation25_cofinal_finite_extraction,mme_tensor_family_direct_sum_restrict_of_mixed_maps
mme_dwz_square_equation25_cofinal_finite_extraction,mme_restrict_basisZAllowedSubtensor_of_vanishes
mme_dwz_square_equation25_cofinal_finite_extraction,mme_dwz_source_aligned_broken_address_projection_certificate
mme_dwz_square_equation25_cofinal_finite_extraction,mme_dwz_square_rate_power_eq_retained_mul_component_product
mme_dwz_square_equation25_cofinal_finite_extraction,mme_CW_tensor
mme_dwz_square_equation25_cofinal_finite_extraction,mme_dwz_q6_112_exact_address_allowed_histogram
mme_dwz_square_equation25_cofinal_finite_extraction,mme_dwz_table2_broken_copy_transport_to_standard
mme_dwz_square_equation25_cofinal_finite_extraction,mme_dwz_table2_integer_counts
mme_dwz_square_equation25_cofinal_finite_extraction,mme_dwz_source_broken_family_restrict_grouped_standard
BertsekasDP.rollout_sequential_improvement,BertsekasGraphSearch
Rudin.ch07_stone_weierstrass,Rudin_ch07_families
CollapsibleCubics.cubic_collapsible_of_not_normForm_repr,CollapsibleCubics.collapsible_affine
CollapsibleCubics.cubic_collapsible_of_not_normForm_repr,CollapsibleCubics.depressed_cubic_collapsible_of_not_normForm_repr
CollapsibleCubics.cubic_collapsible_of_not_normForm_repr,CollapsibleCubics_basic
BanditAlgorithm.baiComplexity_mul_le_total_of_information_constraints_of_pos,BanditTrajectory
MarkovMixing.group_walk_irreducible_iff,mm_basic
HarmonicBuilding.ksEnergy_lt_top_of_isKSHarmonic,frame_2026_harmonic_building_interfaces
HarmonicBuilding.ksEnergy_lt_top_of_isKSHarmonic,HarmonicBuilding.ksEnergy_mono
linear_neumann_correction_small_under_general_sample_bound,linear_neumann_correction_from_diagonal_off_diagonal_bounds
linear_neumann_correction_small_under_general_sample_bound,matrix_completion_neumann
linear_neumann_correction_small_under_general_sample_bound,linear_neumann_diagonal_contribution_under_general_sample_bound
linear_neumann_correction_small_under_general_sample_bound,sample_ratio_between_zero_and_one
linear_neumann_correction_small_under_general_sample_bound,linear_neumann_off_diagonal_contribution_under_general_sample_bound
mme_tensorAsymptoticRank_kronPow_eq_of_two_le_of_pos,mme_duality
mme_tensorAsymptoticRank_kronPow_eq_of_two_le_of_pos,mme_rank_bridge
MarkovEntanglement.rmab_local_stability,markov_entanglement_meanfield
CappedBaseStock.base_stock_cost_of_loss_bound,CappedBaseStock_BaseStockAnalysis
BanditAlgorithm.adversarial_linear_bandit_ftrl_unit_ball_regret_indep_seeds,OnlineLinearOptimization
BanditAlgorithm.adversarial_linear_bandit_ftrl_unit_ball_regret_indep_seeds,BanditAlgorithm.adversarial_linear_bandit_ftrl_unit_ball_regret_untuned
MTT.Cohomology.boundary_packet_zero,MTT.cusp_log_weighted_square_summable
MTT.Cohomology.boundary_packet_zero,MTT.Cohomology.boundary_hecke_scalar_at_one
MTT.Cohomology.boundary_packet_zero,MTT_Cohomology_Boundary
Erdos146.eventually_expectedRetainedEdge_le_extremalNumber,Erdos146.CompactnessConjecture.free_map_of_no_isolated
Erdos146.eventually_expectedRetainedEdge_le_extremalNumber,Erdos146.hammingHost_adj_iff
Erdos146.eventually_expectedRetainedEdge_le_extremalNumber,erdos146_core2
Erdos146.eventually_expectedRetainedEdge_le_extremalNumber,Erdos146.eventually_exists_pairGraph_free_dense_retainedHost
Erdos146.eventually_expectedRetainedEdge_le_extremalNumber,Erdos146.pairGraphOverFin_forall_exists_adj
PoincareFormalization.measured_surgery_data_of_not_homeomorph_sphere,OpenGA_MeasuredSurgeryComparisonData
arrivalCount_at_arrival,queueing_continuous_time
Davenport.perron_smoothed_eq_integral,MediumPNT_defs
Davenport.perron_smoothed_eq_integral,MellinCalculus_defs
Davenport.perron_smoothed_eq_integral,Smooth1MellinDifferentiable
Davenport.perron_smoothed_eq_integral,Smooth1MellinConvergent
Davenport.perron_smoothed_eq_integral,logt_gt_one
Davenport.perron_smoothed_eq_integral,Smooth1ContinuousAt
Davenport.perron_smoothed_eq_integral,SmoothedChebyshevDirichlet_aux_integrable
Davenport.perron_smoothed_eq_integral,ResidueCalcOnRectangles_defs
BanditAlgorithm.settling_of_allocation_half_and_forced_exploration,BanditAlgorithm.summable_sq_mul_exp_neg_sqrt
BanditAlgorithm.settling_of_allocation_half_and_forced_exploration,BanditAlgorithm.bandit_mean_deviation_time_uniform
BanditAlgorithm.settling_of_allocation_half_and_forced_exploration,TrackAndStop
BanditAlgorithm.settling_of_allocation_half_and_forced_exploration,GaussianBandit
BSD.rank_order_equality,BSD.birch_swinnerton_dyer_of_analyticOrderAt_le_one
BSD.rank_order_equality,BSD.birch_swinnerton_dyer_of_two_le_analyticOrderAt
BSD.rank_order_equality,BSD
EulerMascheroni.Sondow.remainder_tendsto_zero,eulerMascheroni_sondowCutoff
MarkovMixing.eigenvalue_basic,MarkovMixing.harmonic_eq_const
MarkovMixing.eigenvalue_basic,mm_spectral
MarkovMixing.eigenvalue_basic,MarkovMixing.exists_pow_pos
ShiShallow.isLocal_conj_circuit,ShiShallow_Cone
ShiShallow.isLocal_conj_circuit,ShiShallow.IsLocal.conjTranspose
ShiShallow.isLocal_conj_circuit,ShiShallow.conj_mul_eq
ShiShallow.isLocal_conj_circuit,ShiShallow_Circuit
ShiShallow.isLocal_conj_circuit,ShiShallow.isLocal_conj_layer
ShiShallow.isLocal_conj_circuit,ShiShallow_Operator
Problem97.MEC.sylvester_dichotomy,Erdos9796Counting_Foundation
Problem97.MEC.sylvester_dichotomy,Erdos9796Counting_Adapter
Problem97.MEC.sylvester_dichotomy,Erdos9796Counting_MEC_Basic
KerrBL.vacKerr_tph,KerrBL_Kerr_ClosedForms
BanditAlgorithm.partial_monitoring_locally_observable_objective_uniform_bound,BanditAlgorithm.partial_monitoring_locally_observable_water_transfer_certificate
BanditAlgorithm.partial_monitoring_locally_observable_objective_uniform_bound,BanditAlgorithm.pmPsi_le_quadratic
BanditAlgorithm.partial_monitoring_locally_observable_objective_uniform_bound,PartialMonitoringAlgorithm26
WhitneyEmbedding.strong_embedding_from_closed_weak_embedding,WhitneyEmbedding.proper_injective_is_embedding
WhitneyEmbedding.strong_embedding_from_closed_weak_embedding,WhitneyEmbedding.exists_projection_linear_map
WhitneyEmbedding.strong_embedding_from_closed_weak_embedding,WhitneyEmbedding.injective_immersion_of_self_transverse_immersion
WhitneyEmbedding.strong_embedding_from_closed_weak_embedding,WhitneyEmbedding.strong_embedding_low_dimensions
WhitneyEmbedding.strong_embedding_from_closed_weak_embedding,WhitneyEmbedding.exists_proper_self_transverse_immersion
ShiShallow.isLocal_projOut,ShiShallow_Circuit
ShiShallow.isLocal_projOut,ShiShallow_Operator
DiazModulus.hermite_lindemann_holds,DiazModulus
CircleMethod_weylsum,CircleMethod_char
BertsekasDP.lqg_estimation_error_policy_independent,BertsekasLQGModel
Kawahira.indifferent_in_strip_implies_rh_and_simplicity,Kawahira.nontrivial_zero_mem_strip
Kawahira.indifferent_in_strip_implies_rh_and_simplicity,Kawahira.riemannZeta_analyticOrderAt_ne_top
Kawahira.indifferent_in_strip_implies_rh_and_simplicity,Kawahira_zeta
Kawahira.indifferent_in_strip_implies_rh_and_simplicity,Kawahira.nu_indifferent_zero_order_re
Problem97.hneg_cyclicShift,Erdos9796Counting_Foundation
Problem97.hneg_cyclicShift,Erdos9796Counting_Adapter
fixed_cardinality_completion_probability_from_bernoulli_model,matrix_completion_bernoulli
fixed_cardinality_completion_probability_from_bernoulli_model,completion_success_event_monotone
fixed_cardinality_completion_probability_from_bernoulli_model,fixed_cardinality_event_success_from_bernoulli_success
mme_kronFin_MMObj_iso,mme_mmobj_mul
mme_kronFin_MMObj_iso,mme_CW_2376_address_block
mme_kronFin_MMObj_iso,mme_tensor_bridge
Monotonicity_Theorem.const_cont_of_const,Monotonicity_Theorem_Framework2
Freiman.middle_interval_lower,Freiman_gapThreshold
Freiman.middle_interval_lower,Freiman_lagrangeSpectrum
Freiman.middle_interval_lower,Freiman.separated_peaks
Freiman.middle_interval_lower,Freiman.middle_controlled_witness
OPG37364.exists_high_girth_strict_cut_expander,OPG37364.smallCut_expansion_of_spectralGap_gt_one_seventh
OPG37364.exists_high_girth_strict_cut_expander,OPG37364.exists_high_girth_spectral_expander
OPG37364.exists_high_girth_strict_cut_expander,opg37364_cut_pairs
TaoFivePrimes.eta_cutoff_model_mass,TaoFivePrimes_RepresentationCount
ExcursionCoupling.excursion_coupling_well_defined,ExcursionCoupling.exists_juilletPairingData
ExcursionCoupling.excursion_coupling_well_defined,ExcursionCoupling.excursionCouplingMeasure_isProbabilityMeasure_and_marginals
ExcursionCoupling.excursion_coupling_well_defined,ExcursionCoupling.ae_level_regular
ExcursionCoupling.excursion_coupling_well_defined,ExcursionCoupling.lintegral_crossingMultiplicity_eq_two
ExcursionCoupling.excursion_coupling_well_defined,JuilletExcursionCoupling
ExcursionCoupling.excursion_coupling_well_defined,ExcursionCoupling.crossing_count_measurable
ZetaDerivUpperBnd,Rectangle_defs
ZetaDerivUpperBnd,ZetaUpperBnd
ZetaDerivUpperBnd,ZetaBounds_defs
ZetaDerivUpperBnd,EulerMaclaurin_defs
ZetaDerivUpperBnd,DerivZeta0EqDerivZeta
ZetaDerivUpperBnd,HasDerivAtZeta0
ZetaDerivUpperBnd,UpperBnd_aux
ZetaDerivUpperBnd,norm_add_six_le
ZetaDerivUpperBnd,Fourier_defs
ZetaDerivUpperBnd,ZetaDerivUpperBnd_prime
ZetaDerivUpperBnd,ResidueCalcOnRectangles_defs
Chou.hasPackingProperty_freeGroup,Chou.hasPackingProperty_of_forall_finite_exists_quotient
Chou.hasPackingProperty_freeGroup,Chou_ElementaryAmenable
Chou.hasPackingProperty_freeGroup,Chou.residuallyFinite_freeGroup
Chou.hasPackingProperty_freeGroup,Chou_Classes
Chou.hasPackingProperty_freeGroup,Chou.hasPackingProperty_of_finite
PoincareFormalization.ExtinctionEndgame.exists_width_controlled_surgery_topology,OpenGA.nonempty_surgeryComparisonProcess_of_measuredData
PoincareFormalization.ExtinctionEndgame.exists_width_controlled_surgery_topology,PoincareFormalization.ExtinctionEndgame.exists_measured_surgery_topology
PoincareFormalization.ExtinctionEndgame.exists_width_controlled_surgery_topology,OpenGA_ExtinctionWidthControl
PoincareFormalization.ExtinctionEndgame.exists_width_controlled_surgery_topology,OpenGA.nonempty_widthComparisonTrace_of_surgeryComparisonProcess
mme_omega_strassen,mme_omega
ExcursionCoupling.pairedRoutes_projections_carry_marginals,ExcursionCoupling.crossing_sets_measurable
ExcursionCoupling.pairedRoutes_projections_carry_marginals,ExcursionCoupling.ae_level_regular
ExcursionCoupling.pairedRoutes_projections_carry_marginals,ExcursionCoupling.crossing_measures_marginals
ExcursionCoupling.pairedRoutes_projections_carry_marginals,excursion_coupling
mem_departedBy,queueing_continuous_time
Erdos788.explicit_universal_lower_bound,erdos788_problem
markov_entanglement_meanfield,markov_entanglement_rmab
